step,train_loss,lr,val_loss,val_perplexity
1,2.540428042411804,2.0000000000000002e-07,,
2,2.731239140033722,4.0000000000000003e-07,,
3,2.5740814805030823,6.000000000000001e-07,,
4,2.8787887692451477,8.000000000000001e-07,,
5,2.5939329862594604,1e-06,,
6,2.604544162750244,1.2000000000000002e-06,,
7,2.8177061676979065,1.4000000000000001e-06,,
8,2.545918107032776,1.6000000000000001e-06,,
9,2.7213301062583923,1.8000000000000001e-06,,
10,2.7737074494361877,2e-06,,
11,2.8566699624061584,2.2e-06,,
12,2.5553441643714905,2.4000000000000003e-06,,
13,2.725817024707794,2.6000000000000005e-06,,
14,2.7908785343170166,2.8000000000000003e-06,,
15,2.799627661705017,3e-06,,
16,2.5000521540641785,3.2000000000000003e-06,,
17,2.816627621650696,3.4e-06,,
18,2.4481292366981506,3.6000000000000003e-06,,
19,2.4735679030418396,3.8e-06,,
20,2.5872392058372498,4e-06,,
21,2.3409990072250366,4.2000000000000004e-06,,
22,2.396104395389557,4.4e-06,,
23,2.4842828512191772,4.6e-06,,
24,2.528191924095154,4.800000000000001e-06,,
25,2.481707513332367,5e-06,,
26,2.410871744155884,5.200000000000001e-06,,
27,2.4183613657951355,5.4e-06,,
28,2.6255438327789307,5.600000000000001e-06,,
29,2.315664231777191,5.8e-06,,
30,2.3193986415863037,6e-06,,
31,2.537577271461487,6.2e-06,,
32,2.4007591009140015,6.4000000000000006e-06,,
33,2.448215663433075,6.600000000000001e-06,,
34,2.4444625973701477,6.8e-06,,
35,2.407477855682373,7.000000000000001e-06,,
36,2.5341230034828186,7.2000000000000005e-06,,
37,2.2841835021972656,7.400000000000001e-06,,
38,2.3345887660980225,7.6e-06,,
39,2.5363879203796387,7.800000000000002e-06,,
40,2.2110049724578857,8e-06,,
41,2.3687766194343567,8.200000000000001e-06,,
42,2.18860524892807,8.400000000000001e-06,,
43,2.4773411750793457,8.6e-06,,
44,2.259884297847748,8.8e-06,,
45,2.528987765312195,9e-06,,
46,2.3218751549720764,9.2e-06,,
47,2.324215054512024,9.400000000000001e-06,,
48,2.2494275271892548,9.600000000000001e-06,,
49,2.1680585145950317,9.800000000000001e-06,,
50,2.366477906703949,1e-05,,
51,2.309151530265808,1.02e-05,,
52,2.2994649410247803,1.0400000000000002e-05,,
53,2.2005940675735474,1.0600000000000002e-05,,
54,2.3002825379371643,1.08e-05,,
55,2.321600317955017,1.1000000000000001e-05,,
56,2.3027321100234985,1.1200000000000001e-05,,
57,2.4678197503089905,1.1400000000000001e-05,,
58,2.461659550666809,1.16e-05,,
59,2.320287823677063,1.18e-05,,
60,2.478941023349762,1.2e-05,,
61,2.2908976078033447,1.2200000000000002e-05,,
62,2.197240471839905,1.24e-05,,
63,2.341900110244751,1.2600000000000001e-05,,
64,2.352618396282196,1.2800000000000001e-05,,
65,2.239835262298584,1.3000000000000001e-05,,
66,2.2786798179149628,1.3200000000000002e-05,,
67,2.185379385948181,1.34e-05,,
68,2.263094574213028,1.36e-05,,
69,2.250552326440811,1.3800000000000002e-05,,
70,2.0114389955997467,1.4000000000000001e-05,,
71,2.1876234114170074,1.42e-05,,
72,2.3380134105682373,1.4400000000000001e-05,,
73,2.1567793786525726,1.46e-05,,
74,2.2592485547065735,1.4800000000000002e-05,,
75,2.241144120693207,1.5e-05,,
76,2.4965239763259888,1.52e-05,,
77,2.1729436814785004,1.54e-05,,
78,2.1559501588344574,1.5600000000000003e-05,,
79,2.2546377182006836,1.58e-05,,
80,2.1989051401615143,1.6e-05,,
81,2.407161295413971,1.62e-05,,
82,2.337822914123535,1.6400000000000002e-05,,
83,2.165418863296509,1.6600000000000004e-05,,
84,2.296769618988037,1.6800000000000002e-05,,
85,2.381387233734131,1.7e-05,,
86,2.3380959928035736,1.72e-05,,
87,2.3070050477981567,1.7400000000000003e-05,,
88,2.239977777004242,1.76e-05,,
89,2.0962652564048767,1.7800000000000002e-05,,
90,2.1039333939552307,1.8e-05,,
91,2.280430555343628,1.8200000000000002e-05,,
92,2.2748377323150635,1.84e-05,,
93,2.0557456016540527,1.86e-05,,
94,2.210216701030731,1.8800000000000003e-05,,
95,2.0432764291763306,1.9e-05,,
96,2.1798519492149353,1.9200000000000003e-05,,
97,2.4484384655952454,1.94e-05,,
98,2.307358741760254,1.9600000000000002e-05,,
99,2.2743031978607178,1.98e-05,,
100,2.227842926979065,2e-05,,
101,2.37443208694458,2e-05,,
102,2.4100467562675476,1.999999805210523e-05,,
103,2.426268458366394,1.9999992208421764e-05,,
104,2.3442301750183105,1.9999982468952123e-05,,
105,2.20568123459816,1.9999968833700538e-05,,
106,2.1866710484027863,1.9999951302672896e-05,,
107,2.3029397428035736,1.9999929875876795e-05,,
108,2.52131450176239,1.9999904553321507e-05,,
109,2.0950572192668915,1.9999875335017993e-05,,
110,2.2650123834609985,1.99998422209789e-05,,
111,2.1354795396327972,1.9999805211218567e-05,,
112,2.460331380367279,1.9999764305753005e-05,,
113,2.5371950268745422,1.9999719504599932e-05,,
114,2.1933286488056183,1.999967080777873e-05,,
115,2.0660808384418488,1.9999618215310483e-05,,
116,2.4249638319015503,1.999956172721796e-05,,
117,2.1918317675590515,1.9999501343525603e-05,,
118,2.223782002925873,1.999943706425956e-05,,
119,2.289726436138153,1.999936888944765e-05,,
120,2.2681177854537964,1.9999296819119386e-05,,
121,2.2468764185905457,1.9999220853305963e-05,,
122,2.5204274654388428,1.9999140992040267e-05,,
123,2.1499723494052887,1.999905723535686e-05,,
124,2.185535728931427,1.999896958329201e-05,,
125,2.2320287227630615,1.9998878035883642e-05,,
126,2.3321256041526794,1.9998782593171396e-05,,
127,2.2517207860946655,1.9998683255196582e-05,,
128,2.271424412727356,1.99985800220022e-05,,
129,2.1275647282600403,1.9998472893632938e-05,,
130,2.097271591424942,1.9998361870135166e-05,,
131,2.3728106021881104,1.9998246951556942e-05,,
132,2.080899715423584,1.9998128137948014e-05,,
133,2.1928271055221558,1.9998005429359806e-05,,
134,2.100815862417221,1.9997878825845438e-05,,
135,2.306461989879608,1.9997748327459713e-05,,
136,2.070151388645172,1.9997613934259118e-05,,
137,2.0547645688056946,1.9997475646301827e-05,,
138,2.290631413459778,1.99973334636477e-05,,
139,2.336900532245636,1.9997187386358283e-05,,
140,2.258026897907257,1.999703741449681e-05,,
141,2.164159595966339,1.99968835481282e-05,,
142,2.4213287234306335,1.999672578731905e-05,,
143,2.150075912475586,1.999656413213765e-05,,
144,2.2342482805252075,1.9996398582653983e-05,,
145,2.2801908254623413,1.99962291389397e-05,,
146,1.9179838597774506,1.9996055801068152e-05,,
147,2.2950936555862427,1.9995878569114372e-05,,
148,2.0924758315086365,1.999569744315508e-05,,
149,2.2021813094615936,1.9995512423268667e-05,,
150,2.346090793609619,1.9995323509535235e-05,,
151,2.3366302847862244,1.9995130702036553e-05,,
152,2.1104421615600586,1.999493400085608e-05,,
153,2.500071883201599,1.9994733406078963e-05,,
154,2.1921903789043427,1.999452891779203e-05,,
155,2.2587106227874756,1.9994320536083802e-05,,
156,2.2132211923599243,1.9994108261044476e-05,,
157,2.236217111349106,1.9993892092765937e-05,,
158,2.1141862273216248,1.9993672031341762e-05,,
159,2.1611912548542023,1.9993448076867202e-05,,
160,2.1794241666793823,1.9993220229439204e-05,,
161,2.307765781879425,1.9992988489156394e-05,,
162,2.002985805273056,1.9992752856119085e-05,,
163,2.214839994907379,1.999251333042927e-05,,
164,2.370895743370056,1.999226991219064e-05,,
165,2.3299942016601562,1.9992022601508553e-05,,
166,2.0532256960868835,1.999177139849007e-05,,
167,2.366950213909149,1.999151630324392e-05,,
168,2.1804464757442474,1.999125731588053e-05,,
169,2.1976290345191956,1.9990994436512005e-05,,
170,2.226384937763214,1.9990727665252137e-05,,
171,2.07678285241127,1.99904570022164e-05,,
172,2.1774986684322357,1.9990182447521958e-05,,
173,2.157113701105118,1.9989904001287653e-05,,
174,2.2327845096588135,1.998962166363402e-05,,
175,2.1212342977523804,1.9989335434683266e-05,,
176,2.320431351661682,1.9989045314559296e-05,,
177,2.1456190049648285,1.998875130338769e-05,,
178,2.2794347405433655,1.9988453401295714e-05,,
179,2.2500806748867035,1.998815160841232e-05,,
180,2.404083490371704,1.9987845924868148e-05,,
181,2.178677499294281,1.9987536350795513e-05,,
182,2.500212222337723,1.9987222886328423e-05,,
183,2.21934112906456,1.998690553160256e-05,,
184,2.247819423675537,1.9986584286755305e-05,,
185,2.082166939973831,1.9986259151925703e-05,,
186,2.0588310062885284,1.99859301272545e-05,,
187,2.2897468209266663,1.9985597212884122e-05,,
188,2.1089885532855988,1.9985260408958668e-05,,
189,2.25947842001915,1.9984919715623935e-05,,
190,2.3089261054992676,1.99845751330274e-05,,
191,2.180882453918457,1.998422666131821e-05,,
192,2.4946332573890686,1.9983874300647215e-05,,
193,2.08078533411026,1.998351805116694e-05,,
194,2.2823256254196167,1.998315791303159e-05,,
195,2.245360851287842,1.9982793886397057e-05,,
196,2.0387685298919678,1.9982425971420917e-05,,
197,2.130036801099777,1.9982054168262428e-05,,
198,2.0621120035648346,1.9981678477082524e-05,,
199,2.271598756313324,1.998129889804384e-05,,
200,2.213914215564728,1.9980915431310672e-05,,
201,2.312775582075119,1.9980528077049017e-05,,
202,1.9273210763931274,1.9980136835426543e-05,,
203,2.1797026097774506,1.997974170661261e-05,,
204,2.468126893043518,1.997934269077825e-05,,
205,2.224005401134491,1.9978939788096184e-05,,
206,2.4782950282096863,1.997853299874082e-05,,
207,2.0876562297344208,1.9978122322888236e-05,,
208,2.0549285113811493,1.9977707760716207e-05,,
209,2.0669368505477905,1.997728931240417e-05,,
210,2.064194917678833,1.9976866978133273e-05,,
211,2.0007024109363556,1.997644075808632e-05,,
212,2.0958874225616455,1.997601065244781e-05,,
213,2.1324806213378906,1.9975576661403915e-05,,
214,2.1645888686180115,1.9975138785142505e-05,,
215,2.236538052558899,1.9974697023853114e-05,,
216,2.305429607629776,1.9974251377726966e-05,,
217,2.324582874774933,1.997380184695697e-05,,
218,2.1314715147018433,1.9973348431737706e-05,,
219,2.1999523043632507,1.997289113226545e-05,,
220,2.173154801130295,1.9972429948738143e-05,,
221,2.0669617652893066,1.9971964881355423e-05,,
222,2.1774118542671204,1.9971495930318593e-05,,
223,2.0808703005313873,1.9971023095830653e-05,,
224,2.149730920791626,1.9970546378096274e-05,,
225,2.0613508820533752,1.9970065777321812e-05,,
226,2.315308451652527,1.9969581293715296e-05,,
227,2.293175756931305,1.9969092927486454e-05,,
228,2.1789738535881042,1.9968600678846675e-05,,
229,2.216907501220703,1.9968104548009033e-05,,
230,2.183430314064026,1.9967604535188297e-05,,
231,2.3709514141082764,1.9967100640600895e-05,,
232,2.1166455447673798,1.996659286446495e-05,,
233,2.0053522288799286,1.9966081207000263e-05,,
234,2.2672559320926666,1.996556566842831e-05,,
235,2.176612436771393,1.996504624897225e-05,,
236,2.065485119819641,1.996452294885692e-05,,
237,2.468020439147949,1.9963995768308845e-05,,
238,1.9738162457942963,1.9963464707556214e-05,,
239,2.2228861451148987,1.9962929766828913e-05,,
240,2.2638335824012756,1.9962390946358494e-05,,
241,2.0918571650981903,1.9961848246378195e-05,,
242,2.0893372893333435,1.9961301667122937e-05,,
243,2.486719071865082,1.9960751208829305e-05,,
244,2.1166231632232666,1.9960196871735584e-05,,
245,2.1539583802223206,1.995963865608172e-05,,
246,2.236992508172989,1.9959076562109354e-05,,
247,2.141243278980255,1.995851059006179e-05,,
248,2.395372062921524,1.9957940740184017e-05,,
249,2.0312106609344482,1.9957367012722705e-05,,
250,2.119830071926117,1.99567894079262e-05,,
250,,,2.162368133664131,8.691696404780517
251,2.245238959789276,1.9956207926044533e-05,,
252,2.10558944940567,1.9955622567329403e-05,,
253,2.0905662775039673,1.9955033332034186e-05,,
254,2.0002264082431793,1.9954440220413954e-05,,
255,2.323447585105896,1.9953843232725436e-05,,
256,2.1778600811958313,1.9953242369227048e-05,,
257,2.26287579536438,1.9952637630178883e-05,,
258,2.472518265247345,1.9952029015842715e-05,,
259,2.109057366847992,1.995141652648199e-05,,
260,2.1485995650291443,1.9950800162361836e-05,,
261,2.1331368386745453,1.995017992374905e-05,,
262,2.2120883762836456,1.9949555810912115e-05,,
263,2.1571160554885864,1.994892782412119e-05,,
264,2.429817497730255,1.9948295963648106e-05,,
265,2.1189474165439606,1.9947660229766377e-05,,
266,2.283654034137726,1.9947020622751185e-05,,
267,2.0056121945381165,1.9946377142879398e-05,,
268,2.2539288997650146,1.9945729790429558e-05,,
269,2.1011247038841248,1.9945078565681873e-05,,
270,2.1546264588832855,1.9944423468918247e-05,,
271,2.2993661761283875,1.994376450042224e-05,,
272,2.2471866607666016,1.9943101660479096e-05,,
273,2.1445568203926086,1.9942434949375744e-05,,
274,2.2537888884544373,1.9941764367400776e-05,,
275,2.0732088685035706,1.994108991484446e-05,,
276,2.1089119613170624,1.994041159199875e-05,,
277,2.0066343545913696,1.9939729399157264e-05,,
278,2.1953403055667877,1.9939043336615302e-05,,
279,2.028791904449463,1.9938353404669835e-05,,
280,2.184275597333908,1.993765960361951e-05,,
281,2.1186444759368896,1.993696193376465e-05,,
282,2.3144253492355347,1.9936260395407256e-05,,
283,2.404713451862335,1.9935554988850996e-05,,
284,1.9888026714324951,1.993484571440122e-05,,
285,2.0672238767147064,1.9934132572364944e-05,,
286,2.258644998073578,1.993341556305086e-05,,
287,2.3368049263954163,1.9932694686769343e-05,,
288,2.1750436425209045,1.993196994383244e-05,,
289,1.9479559063911438,1.993124133455385e-05,,
290,2.0656697154045105,1.9930508859248982e-05,,
291,2.2538567781448364,1.9929772518234883e-05,,
292,2.24939888715744,1.9929032311830303e-05,,
293,2.1537099182605743,1.9928288240355642e-05,,
294,2.3075292110443115,1.9927540304132988e-05,,
295,2.3076598048210144,1.99267885034861e-05,,
296,2.06565123796463,1.9926032838740396e-05,,
297,2.103049337863922,1.9925273310222988e-05,,
298,1.9869123697280884,1.9924509918262645e-05,,
299,1.9379563629627228,1.992374266318981e-05,,
300,2.1510510742664337,1.9922971545336606e-05,,
301,2.2988152503967285,1.992219656503682e-05,,
302,2.0063160955905914,1.992141772262592e-05,,
303,2.0178568363189697,1.9920635018441035e-05,,
304,2.030933767557144,1.991984845282097e-05,,
305,2.233914405107498,1.9919058026106208e-05,,
306,2.1405417919158936,1.9918263738638887e-05,,
307,2.1445017755031586,1.9917465590762836e-05,,
308,2.1343886852264404,1.991666358282354e-05,,
309,2.2713356614112854,1.991585771516817e-05,,
310,2.2306085228919983,1.9915047988145546e-05,,
311,2.2298775613307953,1.9914234402106174e-05,,
312,1.899675875902176,1.9913416957402237e-05,,
313,2.2548131346702576,1.9912595654387568e-05,,
314,1.949292153120041,1.991177049341768e-05,,
315,2.1518979370594025,1.9910941474849765e-05,,
316,2.1903520822525024,1.9910108599042672e-05,,
317,2.267228126525879,1.9909271866356923e-05,,
318,2.172093987464905,1.9908431277154715e-05,,
319,2.063074767589569,1.9907586831799904e-05,,
320,2.1511241793632507,1.9906738530658024e-05,,
321,2.200381189584732,1.9905886374096282e-05,,
322,2.214161992073059,1.9905030362483537e-05,,
323,2.1278845071792603,1.990417049619033e-05,,
324,2.0282421708106995,1.990330677558887e-05,,
325,2.1568373143672943,1.990243920105303e-05,,
326,2.133538544178009,1.9901567772958353e-05,,
327,2.0949791967868805,1.9900692491682052e-05,,
328,2.0445536375045776,1.9899813357603003e-05,,
329,2.1506817638874054,1.9898930371101755e-05,,
330,2.5190206170082092,1.989804353256052e-05,,
331,2.018993318080902,1.9897152842363185e-05,,
332,2.0222066938877106,1.989625830089529e-05,,
333,2.1125616431236267,1.9895359908544064e-05,,
334,2.2101888060569763,1.989445766569838e-05,,
335,2.242168575525284,1.989355157274879e-05,,
336,2.138320356607437,1.989264163008751e-05,,
337,2.1898720264434814,1.9891727838108427e-05,,
338,2.118046224117279,1.989081019720708e-05,,
339,2.2727891206741333,1.98898887077807e-05,,
340,1.9900103211402893,1.9888963370228155e-05,,
341,2.315582752227783,1.9888034184949993e-05,,
342,1.9987879693508148,1.9887101152348434e-05,,
343,2.2762478590011597,1.9886164272827348e-05,,
344,2.371506690979004,1.988522354679228e-05,,
345,1.9437724351882935,1.9884278974650436e-05,,
346,2.1728413105010986,1.9883330556810693e-05,,
347,2.038996011018753,1.988237829368359e-05,,
348,2.1330294013023376,1.988142218568132e-05,,
349,2.2519055604934692,1.9880462233217755e-05,,
350,2.207870841026306,1.987949843670843e-05,,
351,2.1701892018318176,1.9878530796570527e-05,,
352,2.0790447890758514,1.9877559313222916e-05,,
353,2.213690310716629,1.987658398708611e-05,,
354,2.1253115236759186,1.98756048185823e-05,,
355,2.4952069520950317,1.987462180813533e-05,,
356,2.220954179763794,1.9873634956170715e-05,,
357,2.0653443932533264,1.9872644263115627e-05,,
358,2.1064311861991882,1.9871649729398904e-05,,
359,2.216045081615448,1.9870651355451043e-05,,
360,2.1506890058517456,1.9869649141704205e-05,,
361,2.058111846446991,1.986864308859222e-05,,
362,2.051636904478073,1.9867633196550566e-05,,
363,2.258083313703537,1.9866619466016395e-05,,
364,2.2174735367298126,1.9865601897428515e-05,,
365,2.1851495504379272,1.9864580491227398e-05,,
366,2.079483211040497,1.9863555247855174e-05,,
367,2.1497073471546173,1.9862526167755634e-05,,
368,1.9891101717948914,1.9861493251374232e-05,,
369,2.2836212515830994,1.9860456499158085e-05,,
370,2.019627660512924,1.9859415911555966e-05,,
371,2.160243570804596,1.9858371489018304e-05,,
372,2.145780026912689,1.98573232319972e-05,,
373,2.43361496925354,1.9856271140946403e-05,,
374,2.1273189783096313,1.9855215216321336e-05,,
375,2.1452198326587677,1.985415545857906e-05,,
376,1.9730057120323181,1.985309186817832e-05,,
377,2.156332790851593,1.9852024445579495e-05,,
378,2.170255482196808,1.9850953191244645e-05,,
379,2.5034760236740112,1.9849878105637478e-05,,
380,2.1186163127422333,1.9848799189223358e-05,,
381,1.909716933965683,1.9847716442469314e-05,,
382,2.113757371902466,1.9846629865844024e-05,,
383,2.282191276550293,1.9845539459817834e-05,,
384,2.057284027338028,1.9844445224862744e-05,,
385,2.2663763761520386,1.984334716145241e-05,,
386,2.0131031274795532,1.984224527006214e-05,,
387,2.340270698070526,1.9841139551168915e-05,,
388,2.062943547964096,1.9840030005251355e-05,,
389,2.06927090883255,1.983891663278975e-05,,
390,2.2105254530906677,1.9837799434266036e-05,,
391,1.9684918224811554,1.9836678410163805e-05,,
392,2.2453643679618835,1.983555356096832e-05,,
393,2.2493461966514587,1.9834424887166483e-05,,
394,2.0393944084644318,1.9833292389246862e-05,,
395,2.2347111105918884,1.9832156067699673e-05,,
396,2.1321849822998047,1.9831015923016788e-05,,
397,2.2069256007671356,1.9829871955691742e-05,,
398,2.2323623299598694,1.9828724166219717e-05,,
399,1.9675829410552979,1.982757255509755e-05,,
400,2.0937795639038086,1.9826417122823735e-05,,
401,2.1697433292865753,1.982525786989842e-05,,
402,2.1416776180267334,1.9824094796823405e-05,,
403,2.1138418316841125,1.982292790410214e-05,,
404,2.021264463663101,1.9821757192239738e-05,,
405,2.1757743060588837,1.982058266174296e-05,,
406,2.243735760450363,1.9819404313120213e-05,,
407,2.0650300681591034,1.981822214688157e-05,,
408,2.006993740797043,1.981703616353875e-05,,
409,2.0726207196712494,1.9815846363605122e-05,,
410,2.162279784679413,1.9814652747595705e-05,,
411,2.210156261920929,1.9813455316027186e-05,,
412,2.2505394220352173,1.9812254069417878e-05,,
413,2.000176429748535,1.981104900828777e-05,,
414,2.0970430076122284,1.9809840133158486e-05,,
415,2.031402975320816,1.9808627444553305e-05,,
416,2.225621283054352,1.9807410942997166e-05,,
417,2.2710729241371155,1.980619062901664e-05,,
418,2.1045750975608826,1.9804966503139967e-05,,
419,2.019275426864624,1.9803738565897026e-05,,
420,2.098672032356262,1.980250681781935e-05,,
421,2.215523838996887,1.9801271259440114e-05,,
422,2.194694757461548,1.9800031891294158e-05,,
423,2.1380602717399597,1.9798788713917953e-05,,
424,2.1852965652942657,1.9797541727849635e-05,,
425,2.1959890127182007,1.9796290933628976e-05,,
426,2.1326431930065155,1.9795036331797406e-05,,
427,2.0686303079128265,1.9793777922897996e-05,,
428,2.0780968964099884,1.979251570747547e-05,,
429,1.8152274191379547,1.979124968607619e-05,,
430,2.1314995288848877,1.9789979859248183e-05,,
431,2.204127311706543,1.9788706227541112e-05,,
432,2.0647930800914764,1.9787428791506278e-05,,
433,2.0523960292339325,1.978614755169665e-05,,
434,2.111789345741272,1.9784862508666833e-05,,
435,2.2978349924087524,1.9783573662973068e-05,,
436,2.2293040454387665,1.978228101517326e-05,,
437,2.1005822122097015,1.9780984565826945e-05,,
438,2.236774653196335,1.9779684315495323e-05,,
439,2.259411334991455,1.9778380264741214e-05,,
440,2.0742966532707214,1.9777072414129103e-05,,
441,2.1763584315776825,1.9775760764225114e-05,,
442,2.11446949839592,1.9774445315597013e-05,,
443,2.0451977252960205,1.9773126068814214e-05,,
444,1.8741075098514557,1.9771803024447774e-05,,
445,2.0944485664367676,1.9770476183070387e-05,,
446,2.1380754113197327,1.9769145545256406e-05,,
447,2.184627115726471,1.9767811111581813e-05,,
448,2.269115388393402,1.976647288262424e-05,,
449,2.21493661403656,1.976513085896296e-05,,
450,2.329099655151367,1.9763785041178884e-05,,
451,2.0431428253650665,1.976243542985458e-05,,
452,2.046343684196472,1.9761082025574236e-05,,
453,2.322427272796631,1.9759724828923704e-05,,
454,2.170389771461487,1.9758363840490464e-05,,
455,1.9099375009536743,1.975699906086364e-05,,
456,2.179435968399048,1.9755630490634002e-05,,
457,2.058940291404724,1.975425813039395e-05,,
458,2.230923354625702,1.975288198073754e-05,,
459,1.9147837460041046,1.975150204226045e-05,,
460,2.014455884695053,1.9750118315560015e-05,,
461,2.0797242522239685,1.97487308012352e-05,,
462,2.2050238251686096,1.974733949988661e-05,,
463,2.299516022205353,1.9745944412116495e-05,,
464,2.1417099833488464,1.9744545538528742e-05,,
465,2.120313882827759,1.9743142879728872e-05,,
466,1.9075571596622467,1.9741736436324045e-05,,
467,2.1222261488437653,1.9740326208923068e-05,,
468,2.447282314300537,1.9738912198136373e-05,,
469,2.1910022497177124,1.973749440457604e-05,,
470,2.3287492394447327,1.9736072828855785e-05,,
471,2.1924062371253967,1.9734647471590958e-05,,
472,1.8551281690597534,1.9733218333398543e-05,,
473,1.994176983833313,1.973178541489717e-05,,
474,2.0131449103355408,1.9730348716707097e-05,,
475,2.1709923446178436,1.9728908239450223e-05,,
476,2.0085091292858124,1.9727463983750078e-05,,
477,2.232693672180176,1.972601595023183e-05,,
478,2.2251152992248535,1.9724564139522287e-05,,
479,2.1278433203697205,1.9723108552249886e-05,,
480,2.1763598024845123,1.97216491890447e-05,,
481,2.1202948689460754,1.9720186050538437e-05,,
482,2.306272327899933,1.9718719137364438e-05,,
483,2.0046278536319733,1.9717248450157682e-05,,
484,1.9725522696971893,1.9715773989554777e-05,,
485,2.042722523212433,1.9714295756193964e-05,,
486,2.339016318321228,1.9712813750715124e-05,,
487,2.2158677875995636,1.9711327973759765e-05,,
488,2.2564093470573425,1.9709838425971026e-05,,
489,2.075514107942581,1.970834510799368e-05,,
490,2.309511035680771,1.9706848020474135e-05,,
491,2.1605540812015533,1.970534716406043e-05,,
492,2.1318790912628174,1.9703842539402233e-05,,
493,2.2107089161872864,1.9702334147150842e-05,,
494,2.0285322666168213,1.9700821987959193e-05,,
495,2.25257807970047,1.969930606248184e-05,,
496,2.0672291219234467,1.969778637137498e-05,,
497,2.032618671655655,1.9696262915296433e-05,,
498,2.2326204776763916,1.9694735694905652e-05,,
499,1.9913526773452759,1.9693204710863718e-05,,
500,2.0615206956863403,1.9691669963833338e-05,,
500,,,2.1222689181566237,8.350061617331074
501,2.273365557193756,1.9690131454478856e-05,,
502,2.0927945375442505,1.968858918346624e-05,,
503,2.0010663270950317,1.9687043151463075e-05,,
504,2.0023840367794037,1.9685493359138603e-05,,
505,2.025288164615631,1.968393980716366e-05,,
506,2.01811084151268,1.968238249621073e-05,,
507,2.1316425800323486,1.968082142695392e-05,,
508,2.2256458699703217,1.9679256600068964e-05,,
509,2.0938787758350372,1.967768801623322e-05,,
510,2.178058534860611,1.9676115676125677e-05,,
511,2.0822075605392456,1.9674539580426945e-05,,
512,2.025341182947159,1.9672959729819255e-05,,
513,2.2615803480148315,1.9671376124986478e-05,,
514,1.9218508899211884,1.96697887666141e-05,,
515,2.2257789969444275,1.9668197655389233e-05,,
516,2.1414418816566467,1.9666602792000615e-05,,
517,2.202275812625885,1.9665004177138604e-05,,
518,2.2659270763397217,1.966340181149519e-05,,
519,2.041376292705536,1.966179569576398e-05,,
520,2.1676371693611145,1.9660185830640204e-05,,
521,2.205630302429199,1.9658572216820717e-05,,
522,1.8716701567173004,1.9656954855004004e-05,,
523,1.953282207250595,1.9655333745890158e-05,,
524,2.2483911216259003,1.96537088901809e-05,,
525,2.1263564229011536,1.9652080288579578e-05,,
526,2.0745931565761566,1.9650447941791156e-05,,
527,2.1104718446731567,1.9648811850522222e-05,,
528,2.225348949432373,1.964717201548098e-05,,
529,2.082156479358673,1.9645528437377267e-05,,
530,2.022211939096451,1.964388111692252e-05,,
531,2.1169895827770233,1.964223005482981e-05,,
532,2.0230807065963745,1.964057525181383e-05,,
533,2.3066537380218506,1.963891670859088e-05,,
534,2.1081112921237946,1.9637254425878896e-05,,
535,2.173188030719757,1.963558840439741e-05,,
536,2.2470462322235107,1.96339186448676e-05,,
537,2.1589925289154053,1.9632245148012233e-05,,
538,2.1264405846595764,1.9630567914555718e-05,,
539,1.9794034957885742,1.9628886945224065e-05,,
540,2.110716313123703,1.9627202240744913e-05,,
541,2.2187506556510925,1.962551380184751e-05,,
542,2.3580565452575684,1.962382162926272e-05,,
543,2.271418184041977,1.962212572372303e-05,,
544,2.124645948410034,1.9620426085962542e-05,,
545,2.2375755608081818,1.9618722716716965e-05,,
546,2.086715191602707,1.9617015616723628e-05,,
547,2.1708067655563354,1.961530478672148e-05,,
548,2.12050262093544,1.9613590227451078e-05,,
549,2.0819765627384186,1.96118719396546e-05,,
550,2.2055179476737976,1.9610149924075823e-05,,
551,2.0062366127967834,1.960842418146016e-05,,
552,2.274976968765259,1.960669471255462e-05,,
553,2.0494152903556824,1.9604961518107827e-05,,
554,2.0469795167446136,1.9603224598870025e-05,,
555,2.0678041875362396,1.9601483955593066e-05,,
556,2.090832471847534,1.9599739589030416e-05,,
557,2.110877275466919,1.959799149993715e-05,,
558,2.094228059053421,1.9596239689069953e-05,,
559,2.055025964975357,1.959448415718713e-05,,
560,2.0722867846488953,1.9592724905048584e-05,,
561,2.164408504962921,1.9590961933415836e-05,,
562,1.9707098305225372,1.9589195243052013e-05,,
563,2.1797302961349487,1.958742483472186e-05,,
564,2.085572600364685,1.9585650709191723e-05,,
565,2.126716762781143,1.9583872867229558e-05,,
566,2.2829821407794952,1.9582091309604937e-05,,
567,2.3465136885643005,1.9580306037089028e-05,,
568,2.1249529123306274,1.9578517050454617e-05,,
569,2.0036085844039917,1.9576724350476095e-05,,
570,1.9857389628887177,1.957492793792946e-05,,
571,2.201435774564743,1.9573127813592315e-05,,
572,2.1013548374176025,1.9571323978243877e-05,,
573,2.016612261533737,1.9569516432664955e-05,,
574,2.285196542739868,1.956770517763798e-05,,
575,2.1442643105983734,1.9565890213946985e-05,,
576,2.4491167664527893,1.9564071542377597e-05,,
577,2.047291785478592,1.9562249163717057e-05,,
578,2.0794890224933624,1.9560423078754216e-05,,
579,2.221884787082672,1.955859328827952e-05,,
580,2.1859756410121918,1.955675979308502e-05,,
581,2.119576871395111,1.9554922593964373e-05,,
582,2.1366724967956543,1.9553081691712847e-05,,
583,2.1835285425186157,1.955123708712729e-05,,
584,2.122416168451309,1.9549388781006187e-05,,
585,2.1388358771800995,1.9547536774149588e-05,,
586,1.9961011409759521,1.9545681067359173e-05,,
587,2.1411095559597015,1.954382166143821e-05,,
588,2.04942125082016,1.9541958557191573e-05,,
589,1.969931960105896,1.9540091755425736e-05,,
590,2.0229028165340424,1.9538221256948772e-05,,
591,2.0288310050964355,1.9536347062570358e-05,,
592,2.3590447306632996,1.953446917310176e-05,,
593,2.2438716292381287,1.953258758935586e-05,,
594,2.1175149381160736,1.953070231214713e-05,,
595,2.0947437286376953,1.9528813342291636e-05,,
596,2.2311628460884094,1.9526920680607052e-05,,
597,2.404472142457962,1.9525024327912647e-05,,
598,1.7632120847702026,1.9523124285029282e-05,,
599,2.1391314268112183,1.9521220552779424e-05,,
600,2.0347752571105957,1.951931313198713e-05,,
601,1.9610287547111511,1.9517402023478062e-05,,
602,2.221795916557312,1.9515487228079468e-05,,
603,2.053625702857971,1.95135687466202e-05,,
604,2.20769727230072,1.95116465799307e-05,,
605,2.205015480518341,1.9509720728843007e-05,,
606,2.0862203240394592,1.950779119419076e-05,,
607,2.0143895745277405,1.950585797680918e-05,,
608,2.3028953969478607,1.9503921077535098e-05,,
609,2.2355605363845825,1.9501980497206926e-05,,
610,2.1816065907478333,1.950003623666468e-05,,
611,1.9513727724552155,1.949808829674996e-05,,
612,2.1667230129241943,1.949613667830596e-05,,
613,2.179531753063202,1.9494181382177466e-05,,
614,2.019985854625702,1.9492222409210866e-05,,
615,2.163726806640625,1.9490259760254127e-05,,
616,2.1047991812229156,1.9488293436156813e-05,,
617,2.259422242641449,1.948632343777008e-05,,
618,2.048476070165634,1.948434976594667e-05,,
619,2.229561686515808,1.9482372421540913e-05,,
620,2.2240836024284363,1.948039140540874e-05,,
621,2.2844318747520447,1.9478406718407663e-05,,
622,1.8514793813228607,1.9476418361396786e-05,,
623,2.1057477593421936,1.9474426335236795e-05,,
624,2.135184794664383,1.9472430640789975e-05,,
625,2.2383775115013123,1.9470431278920188e-05,,
626,2.3978118896484375,1.9468428250492892e-05,,
627,2.110860377550125,1.946642155637513e-05,,
628,2.1667110919952393,1.946441119743553e-05,,
629,2.1145296692848206,1.9462397174544302e-05,,
630,2.035228729248047,1.9460379488573256e-05,,
631,2.129419058561325,1.945835814039577e-05,,
632,2.147884249687195,1.9456333130886823e-05,,
633,2.1149191856384277,1.9454304460922965e-05,,
634,2.1723794639110565,1.9452272131382345e-05,,
635,2.014714628458023,1.9450236143144683e-05,,
636,1.9372062385082245,1.9448196497091287e-05,,
637,2.1978805363178253,1.9446153194105052e-05,,
638,2.045506536960602,1.9444106235070453e-05,,
639,2.047882854938507,1.944205562087355e-05,,
640,2.213405966758728,1.944000135240198e-05,,
641,2.082350015640259,1.9437943430544963e-05,,
642,2.1385632157325745,1.943588185619331e-05,,
643,2.0373810827732086,1.94338166302394e-05,,
644,2.371875286102295,1.9431747753577198e-05,,
645,2.043188989162445,1.942967522710225e-05,,
646,2.1053769290447235,1.942759905171168e-05,,
647,2.5143271684646606,1.9425519228304196e-05,,
648,1.9958066046237946,1.942343575778008e-05,,
649,2.1627891659736633,1.9421348641041193e-05,,
650,2.2104650139808655,1.9419257878990983e-05,,
651,2.164522171020508,1.9417163472534456e-05,,
652,2.0717009902000427,1.9415065422578216e-05,,
653,2.1751625537872314,1.941296373003044e-05,,
654,2.260854125022888,1.9410858395800874e-05,,
655,2.126501739025116,1.9408749420800842e-05,,
656,2.0509461164474487,1.9406636805943247e-05,,
657,2.1446948051452637,1.9404520552142575e-05,,
658,2.0149604976177216,1.940240066031487e-05,,
659,2.153597205877304,1.9400277131377766e-05,,
660,2.1399273574352264,1.939814996625046e-05,,
661,2.1476739943027496,1.9396019165853734e-05,,
662,1.8816927373409271,1.9393884731109936e-05,,
663,2.1558271646499634,1.9391746662942986e-05,,
664,1.9438439011573792,1.9389604962278382e-05,,
665,2.2711395025253296,1.9387459630043196e-05,,
666,2.0486481487751007,1.9385310667166063e-05,,
667,2.139028549194336,1.9383158074577195e-05,,
668,2.2746670246124268,1.9381001853208382e-05,,
669,2.1532320380210876,1.9378842003992974e-05,,
670,2.2059226036071777,1.9376678527865888e-05,,
671,1.9767544865608215,1.9374511425763627e-05,,
672,2.1764922738075256,1.9372340698624254e-05,,
673,2.307138502597809,1.93701663473874e-05,,
674,2.1484408378601074,1.9367988372994264e-05,,
675,2.118727594614029,1.936580677638762e-05,,
676,2.098194181919098,1.9363621558511804e-05,,
677,2.1006420254707336,1.9361432720312727e-05,,
678,2.2591419219970703,1.935924026273785e-05,,
679,2.3837360739707947,1.935704418673622e-05,,
680,1.8636302053928375,1.9354844493258446e-05,,
681,2.2272942066192627,1.935264118325669e-05,,
682,1.9870914816856384,1.9350434257684695e-05,,
683,2.2096752524375916,1.9348223717497762e-05,,
684,1.9961084425449371,1.934600956365276e-05,,
685,2.1636315882205963,1.9343791797108112e-05,,
686,2.0957205295562744,1.934157041882382e-05,,
687,1.979468047618866,1.9339345429761444e-05,,
688,2.1522863507270813,1.9337116830884093e-05,,
689,2.280695915222168,1.9334884623156464e-05,,
690,2.117856651544571,1.9332648807544796e-05,,
691,2.1984837651252747,1.9330409385016897e-05,,
692,2.1390075087547302,1.9328166356542137e-05,,
693,2.0315946638584137,1.9325919723091444e-05,,
694,2.2587465345859528,1.9323669485637305e-05,,
695,2.0879610180854797,1.932141564515378e-05,,
696,1.9880813658237457,1.9319158202616473e-05,,
697,2.0075197219848633,1.931689715900255e-05,,
698,1.9436128437519073,1.9314632515290742e-05,,
699,2.140968233346939,1.9312364272461337e-05,,
700,2.096829742193222,1.931009243149618e-05,,
701,2.1119138598442078,1.9307816993378664e-05,,
702,1.9751803576946259,1.9305537959093757e-05,,
703,1.977679967880249,1.930325532962797e-05,,
704,1.9083987176418304,1.9300969105969374e-05,,
705,2.0902620553970337,1.9298679289107596e-05,,
706,2.1774347722530365,1.929638588003382e-05,,
707,1.712039053440094,1.929408887974079e-05,,
708,2.0442740321159363,1.9291788289222786e-05,,
709,1.9718912541866302,1.9289484109475663e-05,,
710,2.083238363265991,1.9287176341496818e-05,,
711,1.8881664276123047,1.9284864986285205e-05,,
712,2.0424011647701263,1.928255004484133e-05,,
713,2.182822495698929,1.9280231518167246e-05,,
714,2.0511213541030884,1.9277909407266572e-05,,
715,2.387767404317856,1.9275583713144464e-05,,
716,1.8407853245735168,1.927325443680764e-05,,
717,2.298349380493164,1.9270921579264358e-05,,
718,2.06150221824646,1.9268585141524433e-05,,
719,2.2724101543426514,1.926624512459923e-05,,
720,2.078661233186722,1.9263901529501657e-05,,
721,2.254462718963623,1.926155435724618e-05,,
722,1.9619324803352356,1.925920360884881e-05,,
723,2.1555577516555786,1.92568492853271e-05,,
724,2.292054057121277,1.9254491387700155e-05,,
725,2.0161749124526978,1.9252129916988637e-05,,
726,1.8799391686916351,1.9249764874214734e-05,,
727,1.9663042724132538,1.92473962604022e-05,,
728,2.2706001102924347,1.924502407657632e-05,,
729,2.1532370150089264,1.9242648323763933e-05,,
730,2.1634397506713867,1.924026900299342e-05,,
731,1.9561828076839447,1.923788611529471e-05,,
732,2.2745922803878784,1.9235499661699265e-05,,
733,2.045461028814316,1.923310964324011e-05,,
734,2.376992255449295,1.923071606095179e-05,,
735,1.951945185661316,1.922831891587041e-05,,
736,2.329379379749298,1.922591820903361e-05,,
737,2.2136070728302,1.9223513941480575e-05,,
738,2.203246295452118,1.922110611425203e-05,,
739,2.3349123001098633,1.921869472839024e-05,,
740,2.1239382922649384,1.9216279784939005e-05,,
741,2.304678112268448,1.9213861284943678e-05,,
742,2.277199864387512,1.9211439229451143e-05,,
743,2.2040873169898987,1.9209013619509822e-05,,
744,2.1113221645355225,1.9206584456169678e-05,,
745,2.176092118024826,1.920415174048221e-05,,
746,2.052733540534973,1.920171547350046e-05,,
747,2.2164466381073,1.9199275656279006e-05,,
748,2.2057366371154785,1.919683228987396e-05,,
749,2.2320572435855865,1.919438537534296e-05,,
750,2.045180767774582,1.9191934913745206e-05,,
750,,,2.100904640555382,8.173560703553294
751,2.1065481305122375,1.9189480906141412e-05,,
752,2.0241664350032806,1.9187023353593833e-05,,
753,2.092260926961899,1.9184562257166262e-05,,
754,1.9255960583686829,1.9182097617924015e-05,,
755,1.9281561374664307,1.9179629436933958e-05,,
756,2.156351715326309,1.9177157715264472e-05,,
757,1.91467747092247,1.9174682453985494e-05,,
758,2.07756507396698,1.9172203654168465e-05,,
759,2.1857815384864807,1.9169721316886377e-05,,
760,2.153569519519806,1.9167235443213755e-05,,
761,2.1568020582199097,1.9164746034226635e-05,,
762,1.9922178983688354,1.9162253091002607e-05,,
763,2.0163873434066772,1.9159756614620776e-05,,
764,2.097331464290619,1.915725660616178e-05,,
765,2.2477352619171143,1.9154753066707788e-05,,
766,2.034485697746277,1.9152245997342497e-05,,
767,2.0085371136665344,1.9149735399151123e-05,,
768,2.3255834579467773,1.914722127322043e-05,,
769,2.1914561688899994,1.9144703620638687e-05,,
770,2.0875281393527985,1.9142182442495702e-05,,
771,2.0914470553398132,1.9139657739882807e-05,,
772,2.365693211555481,1.9137129513892852e-05,,
773,2.24591326713562,1.913459776562023e-05,,
774,2.1395931243896484,1.913206249616084e-05,,
775,2.258594274520874,1.9129523706612117e-05,,
776,2.148736983537674,1.9126981398073006e-05,,
777,2.1411160230636597,1.9124435571643998e-05,,
778,2.140109956264496,1.9121886228427085e-05,,
779,2.0557183027267456,1.911933336952579e-05,,
780,2.172385096549988,1.9116776996045163e-05,,
781,2.3259469270706177,1.9114217109091762e-05,,
782,2.290897488594055,1.911165370977368e-05,,
783,2.1758397221565247,1.9109086799200524e-05,,
784,2.081924319267273,1.9106516378483416e-05,,
785,2.156271994113922,1.9103942448735006e-05,,
786,2.0164705514907837,1.9101365011069458e-05,,
787,2.119164139032364,1.909878406660246e-05,,
788,1.9301348626613617,1.9096199616451208e-05,,
789,2.03520268201828,1.9093611661734424e-05,,
790,2.458609879016876,1.9091020203572346e-05,,
791,2.2158161401748657,1.9088425243086726e-05,,
792,2.140001952648163,1.908582678140083e-05,,
793,1.9263101816177368,1.9083224819639444e-05,,
794,2.0485107004642487,1.9080619358928867e-05,,
795,2.20776230096817,1.9078010400396916e-05,,
796,2.148811638355255,1.9075397945172918e-05,,
797,2.1982505321502686,1.907278199438771e-05,,
798,2.193502426147461,1.9070162549173654e-05,,
799,2.003354549407959,1.9067539610664615e-05,,
800,2.0143007934093475,1.9064913179995968e-05,,
801,2.3062105774879456,1.906228325830461e-05,,
802,2.028370887041092,1.9059649846728944e-05,,
803,2.2346518635749817,1.9057012946408875e-05,,
804,2.266101896762848,1.9054372558485836e-05,,
805,1.9744243919849396,1.9051728684102754e-05,,
806,2.333344906568527,1.9049081324404073e-05,,
807,1.901469111442566,1.9046430480535743e-05,,
808,2.0907760560512543,1.9043776153645224e-05,,
809,2.088409960269928,1.904111834488148e-05,,
810,2.1071900129318237,1.903845705539499e-05,,
811,2.2534213960170746,1.9035792286337726e-05,,
812,2.030405193567276,1.903312403886318e-05,,
813,2.079334080219269,1.9030452314126348e-05,,
814,2.1838461458683014,1.9027777113283716e-05,,
815,1.9953281581401825,1.90250984374933e-05,,
816,2.089295268058777,1.9022416287914596e-05,,
817,2.0334762036800385,1.901973066570862e-05,,
818,1.9245598316192627,1.901704157203788e-05,,
819,2.0732643008232117,1.9014349008066396e-05,,
820,2.017131507396698,1.9011652974959688e-05,,
821,2.0205289721488953,1.9008953473884768e-05,,
822,2.21007040143013,1.9006250506010166e-05,,
823,2.0982402861118317,1.9003544072505894e-05,,
824,1.98317089676857,1.900083417454348e-05,,
825,1.967964619398117,1.899812081329595e-05,,
826,2.022271752357483,1.899540398993781e-05,,
827,2.197629004716873,1.8992683705645092e-05,,
828,2.1514586806297302,1.898995996159531e-05,,
829,2.106583535671234,1.8987232758967475e-05,,
830,2.1137801110744476,1.89845020989421e-05,,
831,2.328911781311035,1.89817679827012e-05,,
832,2.280872881412506,1.897903041142827e-05,,
833,1.9098366498947144,1.8976289386308322e-05,,
834,2.2564335465431213,1.8973544908527838e-05,,
835,2.408052444458008,1.8970796979274815e-05,,
836,2.419444501399994,1.8968045599738736e-05,,
837,2.1958181858062744,1.896529077111058e-05,,
838,2.4139402508735657,1.8962532494582817e-05,,
839,2.0939483046531677,1.89597707713494e-05,,
840,1.996731847524643,1.89570056026058e-05,,
841,2.1986538469791412,1.8954236989548952e-05,,
842,1.9495666921138763,1.89514649333773e-05,,
843,1.9313487708568573,1.894868943529076e-05,,
844,2.0776861011981964,1.894591049649076e-05,,
845,2.081012040376663,1.8943128118180203e-05,,
846,2.054528295993805,1.894034230156349e-05,,
847,2.1408958435058594,1.8937553047846494e-05,,
848,2.151424378156662,1.8934760358236597e-05,,
849,2.2657951712608337,1.8931964233942652e-05,,
850,2.03824445605278,1.8929164676175007e-05,,
851,2.2270382046699524,1.8926361686145492e-05,,
852,1.9800033867359161,1.892355526506743e-05,,
853,2.125418961048126,1.892074541415562e-05,,
854,2.347731828689575,1.8917932134626347e-05,,
855,2.1143394708633423,1.8915115427697386e-05,,
856,2.339264452457428,1.8912295294587994e-05,,
857,2.3413354456424713,1.8909471736518905e-05,,
858,2.3298919796943665,1.8906644754712343e-05,,
859,2.1285818219184875,1.890381435039201e-05,,
860,2.0310445725917816,1.890098052478309e-05,,
861,2.1964192986488342,1.8898143279112246e-05,,
862,2.2008548974990845,1.889530261460763e-05,,
863,2.24288010597229,1.889245853249886e-05,,
864,2.0447871387004852,1.8889611034017046e-05,,
865,2.2281785011291504,1.8886760120394774e-05,,
866,1.9821727871894836,1.8883905792866103e-05,,
867,2.0130374431610107,1.888104805266657e-05,,
868,2.0835716128349304,1.8878186901033195e-05,,
869,2.2986596822738647,1.8875322339204473e-05,,
870,1.8797740936279297,1.8872454368420375e-05,,
871,1.9868090748786926,1.8869582989922344e-05,,
872,2.1162704527378082,1.88667082049533e-05,,
873,2.1081977486610413,1.886383001475764e-05,,
874,2.089199811220169,1.8860948420581232e-05,,
875,2.1109575033187866,1.885806342367142e-05,,
876,2.0518864691257477,1.8855175025277022e-05,,
877,2.1468556225299835,1.885228322664832e-05,,
878,2.0949544310569763,1.8849388029037075e-05,,
879,2.2810309529304504,1.8846489433696525e-05,,
880,2.0513701736927032,1.8843587441881366e-05,,
881,1.8124374449253082,1.884068205484777e-05,,
882,2.183248072862625,1.8837773273853383e-05,,
883,1.8991807103157043,1.883486110015731e-05,,
884,1.9329937994480133,1.8831945535020133e-05,,
885,2.2029367983341217,1.88290265797039e-05,,
886,2.0109789073467255,1.882610423547213e-05,,
887,1.997119665145874,1.88231785035898e-05,,
888,2.0814468562602997,1.8820249385323362e-05,,
889,2.0623409152030945,1.8817316881940724e-05,,
890,2.1593699157238007,1.881438099471127e-05,,
891,1.9857431054115295,1.8811441724905846e-05,,
892,2.1706796884536743,1.8808499073796755e-05,,
893,2.1890907287597656,1.8805553042657775e-05,,
894,1.9628399312496185,1.8802603632764142e-05,,
895,2.0838795006275177,1.8799650845392545e-05,,
896,2.119464725255966,1.8796694681821152e-05,,
897,2.3545514941215515,1.8793735143329577e-05,,
898,2.230364829301834,1.8790772231198913e-05,,
899,2.070002555847168,1.8787805946711693e-05,,
900,2.3545565605163574,1.8784836291151924e-05,,
901,2.0836117267608643,1.8781863265805064e-05,,
902,1.7502904534339905,1.877888687195804e-05,,
903,2.10300812125206,1.877590711089922e-05,,
904,2.1960324943065643,1.8772923983918443e-05,,
905,2.200450301170349,1.8769937492307007e-05,,
906,2.0724507868289948,1.876694763735766e-05,,
907,2.0147807598114014,1.8763954420364602e-05,,
908,2.0505440533161163,1.8760957842623495e-05,,
909,2.099027246236801,1.875795790543146e-05,,
910,1.8388904333114624,1.8754954610087058e-05,,
911,2.091439962387085,1.875194795789032e-05,,
912,2.341305136680603,1.8748937950142716e-05,,
913,2.0818841755390167,1.8745924588147175e-05,,
914,2.388919174671173,1.8742907873208077e-05,,
915,2.1001829504966736,1.873988780663126e-05,,
916,2.0659654438495636,1.8736864389724e-05,,
917,2.1009920835494995,1.873383762379503e-05,,
918,1.9270258247852325,1.8730807510154537e-05,,
919,2.276470184326172,1.872777405011415e-05,,
920,2.0479239523410797,1.872473724498695e-05,,
921,2.091972589492798,1.8721697096087467e-05,,
922,2.2174588441848755,1.8718653604731674e-05,,
923,1.9358451962471008,1.871560677223699e-05,,
924,2.3593077659606934,1.8712556599922294e-05,,
925,2.042429745197296,1.8709503089107886e-05,,
926,1.9871034026145935,1.870644624111554e-05,,
927,2.2996001839637756,1.870338605726845e-05,,
928,2.1284605860710144,1.8700322538891266e-05,,
929,2.1915047764778137,1.8697255687310084e-05,,
930,2.202947199344635,1.8694185503852433e-05,,
931,1.9504309296607971,1.8691111989847295e-05,,
932,2.0384524762630463,1.8688035146625083e-05,,
933,1.9569572806358337,1.8684954975517653e-05,,
934,1.9639072716236115,1.8681871477858315e-05,,
935,2.1867054998874664,1.8678784654981804e-05,,
936,2.037116587162018,1.86756945082243e-05,,
937,2.0833044052124023,1.8672601038923418e-05,,
938,2.0786156058311462,1.8669504248418215e-05,,
939,1.839088499546051,1.8666404138049185e-05,,
940,1.8794008791446686,1.8663300709158262e-05,,
941,2.0356042683124542,1.866019396308881e-05,,
942,2.0133384466171265,1.8657083901185632e-05,,
943,2.079228013753891,1.865397052479497e-05,,
944,2.1404935717582703,1.865085383526449e-05,,
945,2.233278214931488,1.864773383394331e-05,,
946,1.9410341084003448,1.8644610522181966e-05,,
947,2.074670970439911,1.8641483901332422e-05,,
948,2.238446056842804,1.8638353972748103e-05,,
949,2.2166039645671844,1.8635220737783832e-05,,
950,2.2741857767105103,1.8632084197795888e-05,,
951,1.922381430864334,1.8628944354141962e-05,,
952,2.01601779460907,1.8625801208181193e-05,,
953,2.1618036925792694,1.8622654761274136e-05,,
954,2.123329132795334,1.8619505014782775e-05,,
955,2.1129162311553955,1.8616351970070537e-05,,
956,2.236711621284485,1.8613195628502258e-05,,
957,2.140089303255081,1.861003599144421e-05,,
958,2.0649974942207336,1.8606873060264096e-05,,
959,2.015049546957016,1.8603706836331038e-05,,
960,2.3773186206817627,1.8600537321015577e-05,,
961,2.2347134351730347,1.85973645156897e-05,,
962,2.093691349029541,1.8594188421726797e-05,,
963,2.0920514464378357,1.8591009040501687e-05,,
964,2.3366156220436096,1.8587826373390622e-05,,
965,2.2329562306404114,1.8584640421771265e-05,,
966,1.9653518199920654,1.8581451187022704e-05,,
967,2.0461614429950714,1.8578258670525453e-05,,
968,2.1595769226551056,1.8575062873661434e-05,,
969,2.3004936575889587,1.8571863797814007e-05,,
970,2.060493141412735,1.8568661444367932e-05,,
971,1.9958086609840393,1.8565455814709405e-05,,
972,1.8984237313270569,1.856224691022603e-05,,
973,2.056513786315918,1.855903473230683e-05,,
974,1.9767464399337769,1.8555819282342243e-05,,
975,2.0864290297031403,1.8552600561724132e-05,,
976,2.0481964349746704,1.854937857184577e-05,,
977,2.2342305779457092,1.854615331410184e-05,,
978,2.1792102456092834,1.854292478988845e-05,,
979,2.1218408346176147,1.8539693000603113e-05,,
980,2.2204847037792206,1.8536457947644764e-05,,
981,2.272860586643219,1.8533219632413744e-05,,
982,2.0422909557819366,1.8529978056311804e-05,,
983,2.1628753542900085,1.8526733220742116e-05,,
984,2.085339665412903,1.852348512710925e-05,,
985,1.9707084000110626,1.85202337768192e-05,,
986,2.0276972949504852,1.8516979171279364e-05,,
987,2.152941197156906,1.8513721311898544e-05,,
988,2.1701229214668274,1.851046020008696e-05,,
989,2.127291291952133,1.850719583725623e-05,,
990,2.1517364978790283,1.8503928224819384e-05,,
991,2.31438547372818,1.8500657364190865e-05,,
992,1.9516884684562683,1.8497383256786505e-05,,
993,2.0137618482112885,1.8494105904023567e-05,,
994,2.156208038330078,1.8490825307320688e-05,,
995,2.135432869195938,1.8487541468097936e-05,,
996,2.1595573723316193,1.8484254387776768e-05,,
997,2.1623252630233765,1.848096406778005e-05,,
998,2.233556568622589,1.8477670509532045e-05,,
999,1.9894376993179321,1.8474373714458423e-05,,
1000,1.8352465331554413,1.847107368398625e-05,,
1000,,,2.08785180747509,8.067565851488489
1001,1.9819664359092712,1.8467770419544e-05,,
1002,2.0904842913150787,1.8464463922561535e-05,,
1003,1.96886545419693,1.8461154194470128e-05,,
1004,2.0223425924777985,1.8457841236702446e-05,,
1005,2.048435717821121,1.8454525050692556e-05,,
1006,2.10839307308197,1.8451205637875922e-05,,
1007,2.0859322249889374,1.8447882999689393e-05,,
1008,2.3945165276527405,1.8444557137571238e-05,,
1009,2.1540819704532623,1.8441228052961096e-05,,
1010,2.174423635005951,1.843789574730002e-05,,
1011,2.2219146490097046,1.843456022203045e-05,,
1012,2.2544851303100586,1.843122147859622e-05,,
1013,1.8570760488510132,1.8427879518442547e-05,,
1014,2.0861591696739197,1.8424534343016067e-05,,
1015,2.028334319591522,1.842118595376478e-05,,
1016,2.1315941214561462,1.841783435213809e-05,,
1017,2.093076229095459,1.8414479539586788e-05,,
1018,2.3647211492061615,1.8411121517563058e-05,,
1019,2.18071112036705,1.8407760287520476e-05,,
1020,2.083281069993973,1.8404395850914e-05,,
1021,2.0102246701717377,1.840102820919998e-05,,
1022,1.9496319591999054,1.8397657363836146e-05,,
1023,2.022419661283493,1.8394283316281626e-05,,
1024,2.072622925043106,1.839090606799693e-05,,
1025,2.008464902639389,1.8387525620443944e-05,,
1026,2.1553036868572235,1.8384141975085953e-05,,
1027,2.026457190513611,1.8380755133387627e-05,,
1028,1.938789278268814,1.8377365096815e-05,,
1029,2.1942315697669983,1.837397186683551e-05,,
1030,2.239987790584564,1.8370575444917965e-05,,
1031,2.322392463684082,1.8367175832532564e-05,,
1032,1.9876124858856201,1.836377303115088e-05,,
1033,2.2207033038139343,1.8360367042245867e-05,,
1034,2.1552771031856537,1.8356957867291857e-05,,
1035,2.092399448156357,1.8353545507764572e-05,,
1036,2.2752394676208496,1.8350129965141095e-05,,
1037,2.295874834060669,1.8346711240899906e-05,,
1038,2.28800830245018,1.8343289336520848e-05,,
1039,2.0499187409877777,1.8339864253485145e-05,,
1040,2.2622830271720886,1.83364359932754e-05,,
1041,2.2655510902404785,1.8333004557375587e-05,,
1042,1.8530072271823883,1.8329569947271057e-05,,
1043,2.054429143667221,1.832613216444853e-05,,
1044,2.1580892205238342,1.832269121039611e-05,,
1045,1.818845957517624,1.8319247086603265e-05,,
1046,2.038252502679825,1.8315799794560834e-05,,
1047,2.0585498213768005,1.8312349335761036e-05,,
1048,2.059258460998535,1.830889571169745e-05,,
1049,2.027576506137848,1.830543892386504e-05,,
1050,2.130127429962158,1.830197897376012e-05,,
1051,2.1631669402122498,1.829851586288039e-05,,
1052,2.021844744682312,1.8295049592724906e-05,,
1053,2.0659461617469788,1.82915801647941e-05,,
1054,1.9982977509498596,1.8288107580589766e-05,,
1055,2.19948410987854,1.8284631841615066e-05,,
1056,2.0388234853744507,1.828115294937453e-05,,
1057,2.112627148628235,1.8277670905374047e-05,,
1058,2.0683631896972656,1.8274185711120877e-05,,
1059,2.016033262014389,1.827069736812364e-05,,
1060,2.2960634529590607,1.8267205877892313e-05,,
1061,2.1731497943401337,1.826371124193825e-05,,
1062,2.2598237693309784,1.8260213461774157e-05,,
1063,2.142263889312744,1.8256712538914098e-05,,
1064,2.1556021571159363,1.8253208474873506e-05,,
1065,2.075810045003891,1.8249701271169167e-05,,
1066,2.0546146631240845,1.824619092931923e-05,,
1067,2.1168232560157776,1.82426774508432e-05,,
1068,2.0380762219429016,1.823916083726194e-05,,
1069,1.8778153359889984,1.8235641090097672e-05,,
1070,2.1415569186210632,1.8232118210873975e-05,,
1071,2.178972691297531,1.8228592201115778e-05,,
1072,2.4232664108276367,1.8225063062349372e-05,,
1073,2.0454622209072113,1.8221530796102395e-05,,
1074,2.225418448448181,1.8217995403903846e-05,,
1075,2.0405345261096954,1.8214456887284074e-05,,
1076,2.0701335966587067,1.8210915247774786e-05,,
1077,2.157642513513565,1.820737048690903e-05,,
1078,2.0859618186950684,1.8203822606221206e-05,,
1079,2.0214113891124725,1.8200271607247078e-05,,
1080,1.9552356004714966,1.8196717491523747e-05,,
1081,2.10620179772377,1.8193160260589674e-05,,
1082,1.995785892009735,1.8189599915984648e-05,,
1083,2.155677229166031,1.8186036459249826e-05,,
1084,2.209049880504608,1.818246989192771e-05,,
1085,2.002297043800354,1.8178900215562143e-05,,
1086,1.8831977248191833,1.8175327431698306e-05,,
1087,2.026049315929413,1.8171751541882742e-05,,
1088,1.9919710755348206,1.8168172547663328e-05,,
1089,1.7346215844154358,1.8164590450589288e-05,,
1090,2.0626367032527924,1.8161005252211187e-05,,
1091,2.068754941225052,1.8157416954080934e-05,,
1092,2.143036127090454,1.815382555775178e-05,,
1093,2.0639210641384125,1.8150231064778318e-05,,
1094,2.0671246945858,1.8146633476716475e-05,,
1095,2.031935155391693,1.8143032795123532e-05,,
1096,1.795008897781372,1.8139429021558087e-05,,
1097,2.0229990780353546,1.8135822157580102e-05,,
1098,1.992302119731903,1.8132212204750854e-05,,
1099,2.0719998478889465,1.812859916463297e-05,,
1100,1.9064052402973175,1.812498303879042e-05,,
1101,2.114992320537567,1.8121363828788486e-05,,
1102,2.26556396484375,1.8117741536193804e-05,,
1103,2.034839153289795,1.8114116162574344e-05,,
1104,2.052425742149353,1.81104877094994e-05,,
1105,2.0089595019817352,1.8106856178539604e-05,,
1106,2.1770943105220795,1.8103221571266925e-05,,
1107,2.0869603753089905,1.8099583889254655e-05,,
1108,2.0343874990940094,1.8095943134077423e-05,,
1109,2.0750824213027954,1.8092299307311187e-05,,
1110,2.1343860924243927,1.808865241053323e-05,,
1111,2.1702214777469635,1.8085002445322174e-05,,
1112,2.3338652849197388,1.808134941325796e-05,,
1113,2.1164402663707733,1.8077693315921855e-05,,
1114,1.980585902929306,1.8074034154896464e-05,,
1115,2.1894361078739166,1.8070371931765708e-05,,
1116,2.0328179597854614,1.8066706648114843e-05,,
1117,2.1173259019851685,1.8063038305530436e-05,,
1118,1.9992342591285706,1.805936690560039e-05,,
1119,2.0942023396492004,1.8055692449913922e-05,,
1120,2.054456949234009,1.8052014940061584e-05,,
1121,2.1582598090171814,1.8048334377635244e-05,,
1122,2.166426330804825,1.8044650764228087e-05,,
1123,2.201792001724243,1.804096410143462e-05,,
1124,2.0831695795059204,1.803727439085067e-05,,
1125,2.1148107945919037,1.80335816340734e-05,,
1126,1.97105872631073,1.8029885832701262e-05,,
1127,2.202560603618622,1.8026186988334047e-05,,
1128,2.197405695915222,1.8022485102572852e-05,,
1129,1.8174792230129242,1.8018780177020104e-05,,
1130,2.0526293516159058,1.801507221327953e-05,,
1131,2.009122520685196,1.8011361212956187e-05,,
1132,2.4199350774288177,1.800764717765643e-05,,
1133,2.2146249413490295,1.800393010898795e-05,,
1134,1.9762810170650482,1.800021000855972e-05,,
1135,2.2542007863521576,1.799648687798206e-05,,
1136,2.1351338922977448,1.799276071886657e-05,,
1137,1.8300614804029465,1.798903153282619e-05,,
1138,1.9992685616016388,1.7985299321475146e-05,,
1139,1.8684044480323792,1.7981564086428984e-05,,
1140,2.024758607149124,1.7977825829304566e-05,,
1141,1.985460638999939,1.7974084551720047e-05,,
1142,1.9693207442760468,1.79703402552949e-05,,
1143,2.006908655166626,1.7966592941649902e-05,,
1144,2.0040127635002136,1.7962842612407133e-05,,
1145,2.222113311290741,1.7959089269189983e-05,,
1146,2.2725160717964172,1.7955332913623152e-05,,
1147,1.9546865224838257,1.795157354733262e-05,,
1148,1.8984950482845306,1.7947811171945704e-05,,
1149,1.7305338084697723,1.7944045789090997e-05,,
1150,2.195741593837738,1.7940277400398406e-05,,
1151,2.0913605391979218,1.7936506007499135e-05,,
1152,2.085095316171646,1.7932731612025696e-05,,
1153,2.171063333749771,1.7928954215611886e-05,,
1154,2.1158119440078735,1.792517381989281e-05,,
1155,2.034998059272766,1.792139042650488e-05,,
1156,1.872941106557846,1.791760403708579e-05,,
1157,1.9730834662914276,1.7913814653274536e-05,,
1158,2.211930215358734,1.7910022276711413e-05,,
1159,2.3919045329093933,1.790622690903801e-05,,
1160,2.212237298488617,1.7902428551897215e-05,,
1161,1.993976354598999,1.78986272069332e-05,,
1162,2.008082777261734,1.789482287579144e-05,,
1163,2.0528391301631927,1.7891015560118696e-05,,
1164,2.034366726875305,1.7887205261563023e-05,,
1165,2.4137268662452698,1.788339198177377e-05,,
1166,2.107873260974884,1.7879575722401575e-05,,
1167,1.7279306650161743,1.7875756485098363e-05,,
1168,2.146794766187668,1.787193427151735e-05,,
1169,2.0039686262607574,1.7868109083313043e-05,,
1170,2.186446577310562,1.786428092214123e-05,,
1171,2.1702799797058105,1.7860449789658994e-05,,
1172,2.034774214029312,1.7856615687524696e-05,,
1173,1.8203842639923096,1.785277861739799e-05,,
1174,1.8847419321537018,1.7848938580939812e-05,,
1175,2.1555661261081696,1.7845095579812378e-05,,
1176,2.0215362906455994,1.784124961567919e-05,,
1177,2.050325959920883,1.783740069020504e-05,,
1178,2.296146810054779,1.7833548805055986e-05,,
1179,2.176444709300995,1.782969396189938e-05,,
1180,1.7948111593723297,1.7825836162403853e-05,,
1181,2.0494203567504883,1.7821975408239314e-05,,
1182,2.1330082714557648,1.7818111701076944e-05,,
1183,1.9725070893764496,1.7814245042589212e-05,,
1184,2.062564045190811,1.7810375434449866e-05,,
1185,2.2896882593631744,1.7806502878333917e-05,,
1186,2.2283390164375305,1.7802627375917666e-05,,
1187,1.861178457736969,1.7798748928878686e-05,,
1188,1.9623564779758453,1.779486753889582e-05,,
1189,2.003308743238449,1.7790983207649185e-05,,
1190,2.194849044084549,1.778709593682018e-05,,
1191,2.269853264093399,1.7783205728091466e-05,,
1192,2.1948869824409485,1.7779312583146982e-05,,
1193,2.3951862454414368,1.7775416503671936e-05,,
1194,2.146603673696518,1.777151749135281e-05,,
1195,1.9197145104408264,1.7767615547877346e-05,,
1196,2.2686109840869904,1.7763710674934563e-05,,
1197,2.1216726303100586,1.7759802874214744e-05,,
1198,2.038158655166626,1.7755892147409447e-05,,
1199,1.987618237733841,1.7751978496211486e-05,,
1200,2.222256988286972,1.7748061922314946e-05,,
1201,2.401934117078781,1.7744142427415173e-05,,
1202,2.215502679347992,1.774022001320879e-05,,
1203,2.0817680656909943,1.7736294681393667e-05,,
1204,2.2648090720176697,1.7732366433668953e-05,,
1205,2.113523304462433,1.772843527173504e-05,,
1206,2.299251914024353,1.77245011972936e-05,,
1207,2.238045483827591,1.772056421204756e-05,,
1208,2.0869418382644653,1.7716624317701094e-05,,
1209,2.046032726764679,1.771268151595966e-05,,
1210,1.9477906227111816,1.770873580852995e-05,,
1211,1.951866626739502,1.7704787197119933e-05,,
1212,2.2261167764663696,1.7700835683438824e-05,,
1213,2.3023825883865356,1.7696881269197094e-05,,
1214,2.1991636157035828,1.7692923956106472e-05,,
1215,2.2205918431282043,1.7688963745879946e-05,,
1216,2.013463258743286,1.7685000640231755e-05,,
1217,2.1939013600349426,1.7681034640877388e-05,,
1218,2.055650293827057,1.7677065749533588e-05,,
1219,2.1438513696193695,1.7673093967918355e-05,,
1220,2.035244733095169,1.7669119297750934e-05,,
1221,2.133251577615738,1.7665141740751824e-05,,
1222,1.989179641008377,1.7661161298642773e-05,,
1223,2.3006420135498047,1.7657177973146773e-05,,
1224,2.002475529909134,1.765319176598807e-05,,
1225,2.0512571334838867,1.7649202678892156e-05,,
1226,2.1525274515151978,1.7645210713585772e-05,,
1227,2.1233476400375366,1.7641215871796898e-05,,
1228,2.0037859082221985,1.7637218155254767e-05,,
1229,2.1659497022628784,1.7633217565689845e-05,,
1230,2.0926222801208496,1.762921410483386e-05,,
1231,2.198615789413452,1.7625207774419765e-05,,
1232,2.0771921277046204,1.7621198576181763e-05,,
1233,2.02287021279335,1.7617186511855298e-05,,
1234,1.9744867086410522,1.7613171583177055e-05,,
1235,1.9956155717372894,1.760915379188496e-05,,
1236,2.063441663980484,1.760513313971817e-05,,
1237,1.7799431383609772,1.7601109628417096e-05,,
1238,2.214365243911743,1.759708325972337e-05,,
1239,2.0793312191963196,1.759305403537987e-05,,
1240,1.983214110136032,1.7589021957130708e-05,,
1241,2.197526842355728,1.758498702672123e-05,,
1242,1.721031129360199,1.758094924589802e-05,,
1243,2.2041528522968292,1.7576908616408898e-05,,
1244,2.215637058019638,1.7572865140002908e-05,,
1245,2.061752438545227,1.756881881843033e-05,,
1246,2.029967278242111,1.7564769653442683e-05,,
1247,2.0938168466091156,1.7560717646792704e-05,,
1248,1.937589854001999,1.7556662800234374e-05,,
1249,1.96089306473732,1.7552605115522892e-05,,
1250,2.231143295764923,1.7548544594414688e-05,,
1250,,,2.080697125196457,8.010050976732886
1251,2.037026971578598,1.7544481238667426e-05,,
1252,1.8524523675441742,1.7540415050039993e-05,,
1253,2.0897185802459717,1.7536346030292493e-05,,
1254,2.1534983217716217,1.7532274181186274e-05,,
1255,2.207515001296997,1.75281995044839e-05,,
1256,2.163637340068817,1.7524122001949145e-05,,
1257,2.323005259037018,1.7520041675347033e-05,,
1258,1.8375521898269653,1.7515958526443792e-05,,
1259,2.2095320522785187,1.7511872557006875e-05,,
1260,1.9751298427581787,1.7507783768804957e-05,,
1261,1.8885155022144318,1.7503692163607935e-05,,
1262,2.0021901428699493,1.749959774318692e-05,,
1263,2.330289125442505,1.7495500509314252e-05,,
1264,2.0410558879375458,1.7491400463763478e-05,,
1265,2.0543409883975983,1.7487297608309365e-05,,
1266,1.9019316732883453,1.7483191944727902e-05,,
1267,2.0795829594135284,1.747908347479629e-05,,
1268,2.0594028532505035,1.7474972200292932e-05,,
1269,1.9410288631916046,1.747085812299747e-05,,
1270,2.0360738039016724,1.7466741244690744e-05,,
1271,2.11456897854805,1.74626215671548e-05,,
1272,1.79927596449852,1.7458499092172915e-05,,
1273,2.2875521183013916,1.745437382152956e-05,,
1274,2.100949764251709,1.7450245757010425e-05,,
1275,2.158950835466385,1.7446114900402403e-05,,
1276,2.207239717245102,1.7441981253493608e-05,,
1277,2.1830853819847107,1.7437844818073343e-05,,
1278,2.107091039419174,1.7433705595932133e-05,,
1279,1.8929753601551056,1.7429563588861705e-05,,
1280,2.219581186771393,1.742541879865499e-05,,
1281,2.0584379732608795,1.7421271227106124e-05,,
1282,1.985711693763733,1.741712087601045e-05,,
1283,1.9991019368171692,1.7412967747164507e-05,,
1284,2.041888177394867,1.7408811842366045e-05,,
1285,2.1939274668693542,1.7404653163414012e-05,,
1286,2.2498982548713684,1.7400491712108557e-05,,
1287,2.0359736382961273,1.7396327490251027e-05,,
1288,2.0191257894039154,1.739216049964397e-05,,
1289,2.1798914968967438,1.738799074209113e-05,,
1290,1.9316283166408539,1.7383818219397458e-05,,
1291,2.122530937194824,1.737964293336909e-05,,
1292,2.416443407535553,1.7375464885813366e-05,,
1293,2.058621823787689,1.737128407853882e-05,,
1294,2.1975067257881165,1.7367100513355175e-05,,
1295,1.9642360210418701,1.7362914192073348e-05,,
1296,2.1635248363018036,1.7358725116505464e-05,,
1297,2.0426211655139923,1.7354533288464824e-05,,
1298,1.9455292522907257,1.7350338709765925e-05,,
1299,2.069628804922104,1.7346141382224453e-05,,
1300,2.3545284271240234,1.7341941307657294e-05,,
1301,1.9767329394817352,1.733773848788251e-05,,
1302,2.0340286791324615,1.7333532924719357e-05,,
1303,2.229120433330536,1.732932461998828e-05,,
1304,1.938802808523178,1.73251135755109e-05,,
1305,1.9874944686889648,1.732089979311005e-05,,
1306,2.1856890320777893,1.731668327460972e-05,,
1307,2.2193732261657715,1.73124640218351e-05,,
1308,2.0522917807102203,1.7308242036612548e-05,,
1309,1.9691890478134155,1.7304017320769628e-05,,
1310,1.9807943403720856,1.729978987613507e-05,,
1311,2.1281497478485107,1.7295559704538792e-05,,
1312,1.8204374611377716,1.729132680781188e-05,,
1313,2.2328006625175476,1.7287091187786616e-05,,
1314,2.2007296085357666,1.7282852846296454e-05,,
1315,2.1294183135032654,1.7278611785176026e-05,,
1316,2.1397810578346252,1.7274368006261136e-05,,
1317,1.894509345293045,1.7270121511388776e-05,,
1318,2.0708630084991455,1.7265872302397105e-05,,
1319,2.0742406249046326,1.7261620381125455e-05,,
1320,1.9764421880245209,1.7257365749414344e-05,,
1321,2.2966681122779846,1.7253108409105446e-05,,
1322,2.021265745162964,1.7248848362041622e-05,,
1323,2.0336776673793793,1.72445856100669e-05,,
1324,2.1906081438064575,1.724032015502648e-05,,
1325,2.1236630976200104,1.7236051998766725e-05,,
1326,1.820128172636032,1.7231781143135173e-05,,
1327,2.0488217771053314,1.7227507589980535e-05,,
1328,2.0715531706809998,1.7223231341152677e-05,,
1329,1.899499922990799,1.721895239850265e-05,,
1330,2.2968807220458984,1.721467076388265e-05,,
1331,1.9041925072669983,1.721038643914606e-05,,
1332,2.0308390259742737,1.720609942614741e-05,,
1333,2.252575397491455,1.7201809726742397e-05,,
1334,2.1158955097198486,1.7197517342787887e-05,,
1335,2.0890294909477234,1.719322227614191e-05,,
1336,2.278267502784729,1.7188924528663643e-05,,
1337,1.9384700953960419,1.7184624102213438e-05,,
1338,1.9628097414970398,1.71803209986528e-05,,
1339,2.172477573156357,1.7176015219844397e-05,,
1340,2.036589592695236,1.717170676765205e-05,,
1341,1.9413687586784363,1.7167395643940736e-05,,
1342,1.9881337583065033,1.7163081850576597e-05,,
1343,2.107482999563217,1.715876538942692e-05,,
1344,1.9911853671073914,1.715444626236016e-05,,
1345,2.0896002650260925,1.715012447124591e-05,,
1346,2.4664613604545593,1.7145800017954928e-05,,
1347,2.159139484167099,1.714147290435912e-05,,
1348,1.9914580583572388,1.7137143132331544e-05,,
1349,2.2344103157520294,1.713281070374641e-05,,
1350,2.1284086108207703,1.7128475620479076e-05,,
1351,1.8579093217849731,1.7124137884406052e-05,,
1352,2.0901055335998535,1.711979749740499e-05,,
1353,2.245254784822464,1.71154544613547e-05,,
1354,2.303385853767395,1.7111108778135126e-05,,
1355,2.2053080797195435,1.710676044962737e-05,,
1356,2.1844623684883118,1.710240947771367e-05,,
1357,2.1677796244621277,1.709805586427741e-05,,
1358,2.0512023270130157,1.7093699611203124e-05,,
1359,1.9987851083278656,1.708934072037648e-05,,
1360,2.281555950641632,1.708497919368429e-05,,
1361,1.9590997397899628,1.7080615033014513e-05,,
1362,2.168834626674652,1.707624824025624e-05,,
1363,2.051107347011566,1.707187881729971e-05,,
1364,2.0980415046215057,1.7067506766036294e-05,,
1365,1.9522965252399445,1.7063132088358496e-05,,
1366,1.9134322702884674,1.705875478615997e-05,,
1367,2.1990973353385925,1.7054374861335494e-05,,
1368,2.152627795934677,1.704999231578099e-05,,
1369,2.0173155665397644,1.7045607151393506e-05,,
1370,2.0204254388809204,1.7041219370071236e-05,,
1371,2.3800625801086426,1.7036828973713497e-05,,
1372,2.179997682571411,1.7032435964220734e-05,,
1373,1.9231394529342651,1.7028040343494537e-05,,
1374,1.995435893535614,1.7023642113437613e-05,,
1375,2.1444640159606934,1.7019241275953804e-05,,
1376,2.0593917071819305,1.7014837832948087e-05,,
1377,2.143317759037018,1.7010431786326554e-05,,
1378,2.304087817668915,1.7006023137996435e-05,,
1379,2.000445932149887,1.700161188986608e-05,,
1380,2.270227313041687,1.6997198043844968e-05,,
1381,2.0770393013954163,1.6992781601843695e-05,,
1382,2.0701438784599304,1.6988362565773988e-05,,
1383,2.1938909888267517,1.6983940937548702e-05,,
1384,2.024758517742157,1.6979516719081803e-05,,
1385,2.3182883858680725,1.697508991228838e-05,,
1386,1.8702863156795502,1.6970660519084647e-05,,
1387,2.1231130957603455,1.696622854138794e-05,,
1388,2.155893951654434,1.69617939811167e-05,,
1389,1.994524210691452,1.69573568401905e-05,,
1390,1.9384970664978027,1.6952917120530032e-05,,
1391,2.2693458199501038,1.6948474824057085e-05,,
1392,2.1192358434200287,1.6944029952694583e-05,,
1393,2.2759785056114197,1.6939582508366556e-05,,
1394,2.0716275572776794,1.693513249299815e-05,,
1395,2.067250072956085,1.6930679908515626e-05,,
1396,2.0395806431770325,1.6926224756846347e-05,,
1397,1.9744970500469208,1.6921767039918797e-05,,
1398,2.152895599603653,1.6917306759662574e-05,,
1399,2.04971781373024,1.6912843918008375e-05,,
1400,2.1986378729343414,1.6908378516888004e-05,,
1401,2.079758793115616,1.690391055823439e-05,,
1402,2.2974810898303986,1.6899440043981555e-05,,
1403,1.984356164932251,1.6894966976064624e-05,,
1404,2.0306016206741333,1.6890491356419842e-05,,
1405,2.2423001527786255,1.6886013186984545e-05,,
1406,2.0304126739501953,1.6881532469697183e-05,,
1407,2.304009824991226,1.6877049206497293e-05,,
1408,1.9713450074195862,1.687256339932554e-05,,
1409,2.026446372270584,1.6868075050123666e-05,,
1410,2.004737675189972,1.6863584160834523e-05,,
1411,2.001967579126358,1.6859090733402066e-05,,
1412,2.2093796133995056,1.685459476977134e-05,,
1413,2.2665037512779236,1.6850096271888498e-05,,
1414,2.0495936572551727,1.684559524170078e-05,,
1415,2.1681843996047974,1.684109168115653e-05,,
1416,2.177035629749298,1.683658559220518e-05,,
1417,2.1891385316848755,1.6832076976797262e-05,,
1418,1.8238099217414856,1.6827565836884404e-05,,
1419,2.2712258100509644,1.6823052174419317e-05,,
1420,2.1451875269412994,1.6818535991355812e-05,,
1421,2.2075818181037903,1.681401728964879e-05,,
1422,2.37243789434433,1.6809496071254242e-05,,
1423,1.8704449236392975,1.6804972338129243e-05,,
1424,2.0417241752147675,1.6800446092231966e-05,,
1425,2.1510191559791565,1.6795917335521662e-05,,
1426,2.0832411646842957,1.679138606995868e-05,,
1427,2.144815683364868,1.678685229750444e-05,,
1428,2.1697195172309875,1.6782316020121465e-05,,
1429,2.0408534705638885,1.6777777239773348e-05,,
1430,2.1293535828590393,1.677323595842477e-05,,
1431,2.0202906727790833,1.6768692178041493e-05,,
1432,2.277831941843033,1.6764145900590367e-05,,
1433,1.9881925582885742,1.675959712803932e-05,,
1434,2.0794917941093445,1.6755045862357353e-05,,
1435,2.165636897087097,1.6750492105514555e-05,,
1436,2.2607257962226868,1.6745935859482093e-05,,
1437,2.086734175682068,1.6741377126232205e-05,,
1438,2.1312816739082336,1.673681590773821e-05,,
1439,2.033970594406128,1.67322522059745e-05,,
1440,2.1505959033966064,1.672768602291655e-05,,
1441,2.3587734699249268,1.6723117360540898e-05,,
1442,2.104181408882141,1.671854622082516e-05,,
1443,2.1126720905303955,1.6713972605748033e-05,,
1444,2.1852237582206726,1.6709396517289267e-05,,
1445,2.1475683450698853,1.6704817957429695e-05,,
1446,1.8561063706874847,1.6700236928151224e-05,,
1447,2.0388990938663483,1.6695653431436816e-05,,
1448,2.1674724519252777,1.6691067469270507e-05,,
1449,1.9989776909351349,1.6686479043637416e-05,,
1450,1.9940745532512665,1.6681888156523697e-05,,
1451,2.0837901830673218,1.6677294809916598e-05,,
1452,1.9652018547058105,1.6672699005804416e-05,,
1453,1.9992182850837708,1.6668100746176515e-05,,
1454,2.1164040565490723,1.6663500033023325e-05,,
1455,2.1479244232177734,1.6658896868336337e-05,,
1456,1.9501954317092896,1.66542912541081e-05,,
1457,2.256302535533905,1.6649683192332225e-05,,
1458,1.7920522689819336,1.664507268500339e-05,,
1459,2.2701095938682556,1.664045973411731e-05,,
1460,2.147700160741806,1.6635844341670788e-05,,
1461,2.0701238214969635,1.6631226509661658e-05,,
1462,2.2387076020240784,1.6626606240088823e-05,,
1463,2.16926509141922,1.6621983534952245e-05,,
1464,2.098673105239868,1.6617358396252922e-05,,
1465,2.056458830833435,1.6612730825992923e-05,,
1466,2.1758879125118256,1.6608100826175365e-05,,
1467,2.088970959186554,1.6603468398804413e-05,,
1468,2.15535831451416,1.6598833545885282e-05,,
1469,2.011201858520508,1.6594196269424243e-05,,
1470,2.0443328619003296,1.6589556571428617e-05,,
1471,1.9966934621334076,1.6584914453906765e-05,,
1472,2.1336658596992493,1.6580269918868097e-05,,
1473,1.9760789573192596,1.6575622968323076e-05,,
1474,2.2110878229141235,1.6570973604283205e-05,,
1475,2.1154936254024506,1.656632182876104e-05,,
1476,2.166878640651703,1.656166764377016e-05,,
1477,1.9180990755558014,1.6557011051325214e-05,,
1478,2.0794170796871185,1.6552352053441873e-05,,
1479,2.1582468450069427,1.654769065213686e-05,,
1480,1.8913647830486298,1.654302684942793e-05,,
1481,2.3325752317905426,1.6538360647333893e-05,,
1482,2.015812009572983,1.6533692047874575e-05,,
1483,2.0720905661582947,1.6529021053070857e-05,,
1484,2.1017130315303802,1.652434766494465e-05,,
1485,2.0285169184207916,1.6519671885518907e-05,,
1486,2.0955674052238464,1.6514993716817604e-05,,
1487,2.562102496623993,1.651031316086577e-05,,
1488,2.233593612909317,1.6505630219689445e-05,,
1489,2.06502828001976,1.6500944895315716e-05,,
1490,2.3194223046302795,1.64962571897727e-05,,
1491,2.152329832315445,1.649156710508954e-05,,
1492,2.056032955646515,1.648687464329642e-05,,
1493,1.8547326922416687,1.6482179806424533e-05,,
1494,2.230282962322235,1.647748259650612e-05,,
1495,1.8659626841545105,1.647278301557444e-05,,
1496,2.183673679828644,1.646808106566378e-05,,
1497,1.9381171464920044,1.6463376748809448e-05,,
1498,2.5181170105934143,1.6458670067047784e-05,,
1499,2.2213035821914673,1.6453961022416146e-05,,
1500,2.1311116218566895,1.6449249616952923e-05,,
1500,,,2.079319402575493,7.999022946834669
1501,1.9642630517482758,1.644453585269751e-05,,
1502,2.2291534543037415,1.643981973169034e-05,,
1503,2.0606389343738556,1.6435101255972856e-05,,
1504,2.210302233695984,1.6430380427587524e-05,,
1505,2.0652465224266052,1.6425657248577827e-05,,
1506,2.0211036801338196,1.642093172098827e-05,,
1507,2.008049249649048,1.641620384686437e-05,,
1508,2.005999982357025,1.6411473628252655e-05,,
1509,2.2430427074432373,1.6406741067200682e-05,,
1510,1.971786618232727,1.6402006165757005e-05,,
1511,2.203272521495819,1.6397268925971202e-05,,
1512,1.9742889106273651,1.6392529349893866e-05,,
1513,2.0159922540187836,1.638778743957659e-05,,
1514,1.9623760282993317,1.6383043197071986e-05,,
1515,2.120669722557068,1.6378296624433672e-05,,
1516,2.284428834915161,1.6373547723716277e-05,,
1517,2.2331390380859375,1.6368796496975437e-05,,
1518,2.0016932487487793,1.636404294626779e-05,,
1519,2.033761739730835,1.6359287073650987e-05,,
1520,2.053951472043991,1.635452888118368e-05,,
1521,1.968580424785614,1.6349768370925526e-05,,
1522,2.1216477155685425,1.634500554493719e-05,,
1523,2.1871692836284637,1.634024040528033e-05,,
1524,1.97662752866745,1.6335472954017613e-05,,
1525,1.9362006187438965,1.6330703193212702e-05,,
1526,2.092614471912384,1.6325931124930265e-05,,
1527,2.225632667541504,1.6321156751235966e-05,,
1528,2.0395011603832245,1.631638007419646e-05,,
1529,2.2149308025836945,1.6311601095879418e-05,,
1530,2.1544212698936462,1.6306819818353482e-05,,
1531,2.179057478904724,1.630203624368831e-05,,
1532,2.077035069465637,1.6297250373954544e-05,,
1533,1.9407713413238525,1.629246221122382e-05,,
1534,2.2380902767181396,1.6287671757568772e-05,,
1535,2.2144275903701782,1.6282879015063023e-05,,
1536,2.392888605594635,1.627808398578118e-05,,
1537,2.1496546864509583,1.627328667179885e-05,,
1538,1.944526880979538,1.6268487075192625e-05,,
1539,2.11636945605278,1.6263685198040085e-05,,
1540,2.0098870992660522,1.6258881042419792e-05,,
1541,2.0848299264907837,1.6254074610411305e-05,,
1542,2.1070995926856995,1.6249265904095163e-05,,
1543,1.8983616828918457,1.6244454925552882e-05,,
1544,2.1313480734825134,1.623964167686698e-05,,
1545,2.1764749884605408,1.6234826160120937e-05,,
1546,2.253179579973221,1.6230008377399227e-05,,
1547,1.871764451265335,1.62251883307873e-05,,
1548,2.0088561177253723,1.622036602237159e-05,,
1549,2.1379625499248505,1.621554145423951e-05,,
1550,2.119262158870697,1.6210714628479445e-05,,
1551,2.012209951877594,1.6205885547180762e-05,,
1552,1.8905093669891357,1.6201054212433807e-05,,
1553,2.224590003490448,1.6196220626329894e-05,,
1554,1.908078521490097,1.6191384790961323e-05,,
1555,2.0376943051815033,1.618654670842135e-05,,
1556,1.9529630243778229,1.6181706380804218e-05,,
1557,2.2571345269680023,1.617686381020514e-05,,
1558,2.2234650254249573,1.6172018998720298e-05,,
1559,2.177088648080826,1.6167171948446844e-05,,
1560,2.0056982040405273,1.61623226614829e-05,,
1561,1.9259348213672638,1.6157471139927545e-05,,
1562,2.0861032009124756,1.6152617385880847e-05,,
1563,1.9668916463851929,1.614776140144382e-05,,
1564,1.9639964997768402,1.6142903188718462e-05,,
1565,1.9163657128810883,1.613804274980772e-05,,
1566,2.2060652375221252,1.6133180086815505e-05,,
1567,1.8064217269420624,1.612831520184671e-05,,
1568,2.0245003402233124,1.612344809700716e-05,,
1569,2.062412351369858,1.611857877440367e-05,,
1570,2.006851702928543,1.6113707236143994e-05,,
1571,2.0782579481601715,1.6108833484336852e-05,,
1572,2.05703803896904,1.610395752109193e-05,,
1573,2.084018498659134,1.609907934851986e-05,,
1574,2.1465312838554382,1.6094198968732233e-05,,
1575,2.1729719042778015,1.60893163838416e-05,,
1576,2.3381693363189697,1.6084431595961465e-05,,
1577,1.967837780714035,1.6079544607206276e-05,,
1578,1.9777853190898895,1.6074655419691453e-05,,
1579,2.2639326751232147,1.606976403553335e-05,,
1580,2.025570124387741,1.6064870456849277e-05,,
1581,2.151939779520035,1.60599746857575e-05,,
1582,2.2472350001335144,1.6055076724377226e-05,,
1583,2.083236813545227,1.605017657482862e-05,,
1584,2.0601146817207336,1.604527423923278e-05,,
1585,2.0843415558338165,1.604036971971176e-05,,
1586,2.1249786019325256,1.6035463018388558e-05,,
1587,2.0301986634731293,1.6030554137387117e-05,,
1588,2.1883272230625153,1.602564307883232e-05,,
1589,2.110075891017914,1.6020729844849994e-05,,
1590,2.113245874643326,1.6015814437566912e-05,,
1591,2.0603857338428497,1.6010896859110785e-05,,
1592,2.0984452962875366,1.6005977111610258e-05,,
1593,1.7439105808734894,1.6001055197194923e-05,,
1594,2.025075614452362,1.599613111799531e-05,,
1595,1.994199514389038,1.5991204876142876e-05,,
1596,2.019998252391815,1.5986276473770028e-05,,
1597,1.8115376830101013,1.5981345913010094e-05,,
1598,2.1464546024799347,1.597641319599735e-05,,
1599,2.0022860765457153,1.5971478324867e-05,,
1600,2.063491612672806,1.596654130175517e-05,,
1601,1.9129680693149567,1.596160212879894e-05,,
1602,1.8776156902313232,1.59566608081363e-05,,
1603,1.787276566028595,1.5951717341906172e-05,,
1604,2.219176799058914,1.5946771732248428e-05,,
1605,1.6266753673553467,1.5941823981303838e-05,,
1606,2.0910635888576508,1.5936874091214114e-05,,
1607,1.8632135689258575,1.5931922064121894e-05,,
1608,2.0730985403060913,1.5926967902170745e-05,,
1609,1.746209442615509,1.592201160750515e-05,,
1610,1.7579461932182312,1.5917053182270515e-05,,
1611,1.9109385013580322,1.5912092628613177e-05,,
1612,1.9982272684574127,1.590712994868038e-05,,
1613,2.0210574567317963,1.5902165144620304e-05,,
1614,2.019085854291916,1.5897198218582038e-05,,
1615,2.0079250931739807,1.5892229172715594e-05,,
1616,2.066447615623474,1.58872580091719e-05,,
1617,1.8909824192523956,1.5882284730102805e-05,,
1618,2.0970227122306824,1.5877309337661068e-05,,
1619,2.0348977148532867,1.5872331834000358e-05,,
1620,1.9460764825344086,1.5867352221275274e-05,,
1621,1.8048993647098541,1.5862370501641314e-05,,
1622,1.962684690952301,1.5857386677254893e-05,,
1623,2.0781344771385193,1.585240075027334e-05,,
1624,1.8241243064403534,1.5847412722854884e-05,,
1625,1.804000198841095,1.5842422597158675e-05,,
1626,1.9390381574630737,1.5837430375344765e-05,,
1627,1.9923123717308044,1.5832436059574117e-05,,
1628,1.6091118156909943,1.5827439652008592e-05,,
1629,1.8226691782474518,1.582244115481097e-05,,
1630,1.900336116552353,1.5817440570144922e-05,,
1631,1.7358496189117432,1.581243790017503e-05,,
1632,1.8145596981048584,1.5807433147066784e-05,,
1633,1.8776977062225342,1.5802426312986556e-05,,
1634,2.141361951828003,1.5797417400101642e-05,,
1635,1.8580078184604645,1.5792406410580225e-05,,
1636,2.014059990644455,1.578739334659139e-05,,
1637,1.8693462908267975,1.5782378210305114e-05,,
1638,1.7513152956962585,1.5777361003892285e-05,,
1639,1.8691990375518799,1.5772341729524673e-05,,
1640,1.8019221425056458,1.576732038937495e-05,,
1641,1.8846007585525513,1.576229698561668e-05,,
1642,2.124502569437027,1.5757271520424327e-05,,
1643,1.9523218274116516,1.5752243995973234e-05,,
1644,2.100670248270035,1.5747214414439644e-05,,
1645,1.8777610063552856,1.5742182778000694e-05,,
1646,1.8238253891468048,1.57371490888344e-05,,
1647,2.164822071790695,1.573211334911968e-05,,
1648,1.9274367094039917,1.5727075561036324e-05,,
1649,1.9492769837379456,1.572203572676502e-05,,
1650,2.0335291028022766,1.571699384848734e-05,,
1651,2.0178861021995544,1.571194992838574e-05,,
1652,1.944665640592575,1.5706903968643553e-05,,
1653,1.799125462770462,1.5701855971445007e-05,,
1654,2.191307097673416,1.56968059389752e-05,,
1655,1.798386663198471,1.5691753873420123e-05,,
1656,1.8842048346996307,1.568669977696664e-05,,
1657,1.6693883538246155,1.5681643651802488e-05,,
1658,1.8791026175022125,1.56765855001163e-05,,
1659,2.1686483025550842,1.567152532409757e-05,,
1660,2.0111880004405975,1.5666463125936667e-05,,
1661,2.0126021206378937,1.566139890782485e-05,,
1662,2.0016636550426483,1.565633267195425e-05,,
1663,1.9407011568546295,1.5651264420517854e-05,,
1664,1.9709419310092926,1.5646194155709534e-05,,
1665,1.826114296913147,1.564112187972404e-05,,
1666,1.7773438692092896,1.5636047594756984e-05,,
1667,2.0232810378074646,1.5630971303004845e-05,,
1668,1.9420113265514374,1.5625893006664973e-05,,
1669,1.8835699260234833,1.5620812707935593e-05,,
1670,1.9221743047237396,1.5615730409015794e-05,,
1671,1.805097371339798,1.5610646112105517e-05,,
1672,1.8066189587116241,1.5605559819405585e-05,,
1673,1.9749432802200317,1.5600471533117677e-05,,
1674,2.1406181156635284,1.559538125544434e-05,,
1675,1.8797205984592438,1.5590288988588974e-05,,
1676,1.801176130771637,1.558519473475585e-05,,
1677,1.990025669336319,1.5580098496150092e-05,,
1678,2.2293312549591064,1.5575000274977692e-05,,
1679,2.0041424930095673,1.5569900073445486e-05,,
1680,1.6503813862800598,1.5564797893761182e-05,,
1681,1.9256950914859772,1.555969373813333e-05,,
1682,1.9443581402301788,1.555458760877135e-05,,
1683,2.12536957859993,1.554947950788551e-05,,
1684,2.0821256935596466,1.5544369437686923e-05,,
1685,1.8068399131298065,1.5539257400387566e-05,,
1686,1.930548220872879,1.5534143398200267e-05,,
1687,1.846754401922226,1.5529027433338695e-05,,
1688,2.0203112363815308,1.552390950801738e-05,,
1689,2.0785938799381256,1.551878962445169e-05,,
1690,1.9194600880146027,1.5513667784857852e-05,,
1691,1.9573262631893158,1.5508543991452932e-05,,
1692,2.0180695354938507,1.550341824645484e-05,,
1693,2.0288977921009064,1.549829055208234e-05,,
1694,1.8698087334632874,1.5493160910555028e-05,,
1695,1.8520680963993073,1.548802932409335e-05,,
1696,1.8235070407390594,1.5482895794918595e-05,,
1697,1.9993991553783417,1.547776032525289e-05,,
1698,1.969827651977539,1.54726229173192e-05,,
1699,2.0322428941726685,1.546748357334134e-05,,
1700,1.8300398588180542,1.5462342295543945e-05,,
1701,2.0826277136802673,1.54571990861525e-05,,
1702,1.8299075067043304,1.5452053947393326e-05,,
1703,2.015200972557068,1.5446906881493574e-05,,
1704,1.9769977927207947,1.5441757890681227e-05,,
1705,1.9972874820232391,1.5436606977185113e-05,,
1706,1.798264980316162,1.543145414323488e-05,,
1707,1.6953662931919098,1.5426299391061013e-05,,
1708,1.7973055243492126,1.5421142722894826e-05,,
1709,1.8812123239040375,1.5415984140968467e-05,,
1710,1.8147656917572021,1.5410823647514904e-05,,
1711,2.0631281435489655,1.5405661244767935e-05,,
1712,1.9340676665306091,1.540049693496219e-05,,
1713,1.9810684621334076,1.539533072033312e-05,,
1714,1.78309166431427,1.5390162603116996e-05,,
1715,2.068019986152649,1.5384992585550923e-05,,
1716,1.926063597202301,1.537982066987282e-05,,
1717,1.778064101934433,1.5374646858321436e-05,,
1718,2.1604352593421936,1.536947115313633e-05,,
1719,1.9228504598140717,1.5364293556557894e-05,,
1720,1.9278956353664398,1.535911407082732e-05,,
1721,1.7950092256069183,1.5353932698186636e-05,,
1722,1.8931288421154022,1.534874944087868e-05,,
1723,1.8956789374351501,1.53435643011471e-05,,
1724,1.7621824443340302,1.5338377281236368e-05,,
1725,1.8685178458690643,1.5333188383391765e-05,,
1726,1.9482150375843048,1.5327997609859387e-05,,
1727,2.0169076323509216,1.532280496288614e-05,,
1728,1.9318749010562897,1.531761044471974e-05,,
1729,2.102424144744873,1.5312414057608717e-05,,
1730,1.8590249717235565,1.5307215803802404e-05,,
1731,2.013926923274994,1.5302015685550955e-05,,
1732,1.8375992178916931,1.5296813705105314e-05,,
1733,2.049458831548691,1.5291609864717236e-05,,
1734,2.1394133269786835,1.5286404166639293e-05,,
1735,2.144603580236435,1.5281196613124847e-05,,
1736,1.9703999757766724,1.5275987206428067e-05,,
1737,1.8821214735507965,1.527077594880393e-05,,
1738,1.6927531361579895,1.5265562842508203e-05,,
1739,1.9847305119037628,1.5260347889797468e-05,,
1740,1.8975516855716705,1.525513109292909e-05,,
1741,2.005088746547699,1.5249912454161249e-05,,
1742,1.8149172961711884,1.5244691975752907e-05,,
1743,1.8371044993400574,1.5239469659963831e-05,,
1744,1.9596542418003082,1.5234245509054582e-05,,
1745,1.9111375510692596,1.5229019525286513e-05,,
1746,1.9247809052467346,1.5223791710921775e-05,,
1747,1.901256412267685,1.5218562068223308e-05,,
1748,1.8435970544815063,1.521333059945484e-05,,
1749,1.8255560100078583,1.5208097306880897e-05,,
1750,1.957149624824524,1.520286219276679e-05,,
1750,,,2.0805011123418806,8.008481057642822
1751,1.899405837059021,1.519762525937862e-05,,
1752,1.8804004192352295,1.5192386508983272e-05,,
1753,1.8111909925937653,1.5187145943848426e-05,,
1754,1.8923720717430115,1.5181903566242538e-05,,
1755,1.930385708808899,1.5176659378434849e-05,,
1756,1.969310313463211,1.5171413382695393e-05,,
1757,2.051639676094055,1.516616558129498e-05,,
1758,1.8508892357349396,1.5160915976505194e-05,,
1759,1.8980191051959991,1.5155664570598422e-05,,
1760,2.049378663301468,1.5150411365847807e-05,,
1761,1.8453616797924042,1.514515636452728e-05,,
1762,2.0630724728107452,1.5139899568911554e-05,,
1763,2.0182145535945892,1.5134640981276111e-05,,
1764,1.8914307057857513,1.5129380603897212e-05,,
1765,2.0114006996154785,1.5124118439051897e-05,,
1766,1.8598150610923767,1.5118854489017973e-05,,
1767,2.029207319021225,1.511358875607402e-05,,
1768,2.249208390712738,1.5108321242499395e-05,,
1769,2.0986368656158447,1.5103051950574223e-05,,
1770,1.9841351211071014,1.5097780882579398e-05,,
1771,2.102655678987503,1.5092508040796585e-05,,
1772,1.9212950766086578,1.5087233427508213e-05,,
1773,1.8599611222743988,1.508195704499748e-05,,
1774,1.8536328077316284,1.5076678895548352e-05,,
1775,1.9367714822292328,1.5071398981445557e-05,,
1776,2.074780285358429,1.5066117304974588e-05,,
1777,2.0055165588855743,1.50608338684217e-05,,
1778,1.9502347707748413,1.5055548674073908e-05,,
1779,2.007089525461197,1.5050261724218996e-05,,
1780,1.7582409381866455,1.50449730211455e-05,,
1781,1.9639478623867035,1.5039682567142716e-05,,
1782,1.963841050863266,1.5034390364500697e-05,,
1783,1.8659798502922058,1.5029096415510258e-05,,
1784,1.8935932219028473,1.5023800722462964e-05,,
1785,1.9703173339366913,1.5018503287651144e-05,,
1786,1.9286801218986511,1.501320411336787e-05,,
1787,2.0419023036956787,1.5007903201906968e-05,,
1788,1.861653059720993,1.5002600555563031e-05,,
1789,1.8764517605304718,1.4997296176631383e-05,,
1790,1.9002739489078522,1.4991990067408104e-05,,
1791,1.754269301891327,1.4986682230190037e-05,,
1792,2.053478479385376,1.4981372667274753e-05,,
1793,1.8880827128887177,1.4976061380960577e-05,,
1794,1.9616389572620392,1.4970748373546587e-05,,
1795,1.706832379102707,1.4965433647332598e-05,,
1796,1.954050451517105,1.4960117204619173e-05,,
1797,2.0087722837924957,1.4954799047707616e-05,,
1798,1.9636631906032562,1.4949479178899974e-05,,
1799,2.087614804506302,1.4944157600499033e-05,,
1800,1.8820556104183197,1.4938834314808326e-05,,
1801,2.0081253051757812,1.4933509324132114e-05,,
1802,1.8493276834487915,1.4928182630775405e-05,,
1803,2.049902081489563,1.4922854237043937e-05,,
1804,2.1055665612220764,1.4917524145244193e-05,,
1805,2.0873254537582397,1.491219235768338e-05,,
1806,2.013889729976654,1.4906858876669449e-05,,
1807,2.00222384929657,1.490152370451108e-05,,
1808,1.820775955915451,1.4896186843517684e-05,,
1809,1.876596063375473,1.4890848295999402e-05,,
1810,1.7107185125350952,1.488550806426711e-05,,
1811,1.89582097530365,1.4880166150632411e-05,,
1812,1.9352366626262665,1.4874822557407634e-05,,
1813,2.234033226966858,1.4869477286905835e-05,,
1814,1.7753824293613434,1.4864130341440798e-05,,
1815,1.7626449763774872,1.4858781723327028e-05,,
1816,1.872163087129593,1.4853431434879763e-05,,
1817,2.1090677976608276,1.4848079478414954e-05,,
1818,2.0397165417671204,1.484272585624928e-05,,
1819,1.8403939306735992,1.4837370570700143e-05,,
1820,2.057265281677246,1.4832013624085654e-05,,
1821,2.167524576187134,1.4826655018724654e-05,,
1822,1.710164874792099,1.48212947569367e-05,,
1823,1.7677263915538788,1.4815932841042064e-05,,
1824,1.8275190889835358,1.481056927336173e-05,,
1825,1.9788863956928253,1.4805204056217408e-05,,
1826,2.1061383485794067,1.4799837191931511e-05,,
1827,1.9459884762763977,1.4794468682827172e-05,,
1828,2.0759769082069397,1.4789098531228229e-05,,
1829,1.7732219696044922,1.4783726739459241e-05,,
1830,1.9286869764328003,1.4778353309845466e-05,,
1831,2.107475847005844,1.477297824471288e-05,,
1832,1.9901792705059052,1.4767601546388166e-05,,
1833,1.8053796291351318,1.4762223217198706e-05,,
1834,2.063016325235367,1.475684325947259e-05,,
1835,2.0557040870189667,1.4751461675538626e-05,,
1836,1.928330898284912,1.474607846772631e-05,,
1837,2.1225690841674805,1.4740693638365846e-05,,
1838,1.8947198688983917,1.4735307189788145e-05,,
1839,2.183202236890793,1.4729919124324812e-05,,
1840,1.934996336698532,1.4724529444308155e-05,,
1841,1.965212106704712,1.4719138152071183e-05,,
1842,1.9274616539478302,1.4713745249947596e-05,,
1843,2.034614682197571,1.4708350740271798e-05,,
1844,2.0828843116760254,1.4702954625378884e-05,,
1845,1.9285058677196503,1.4697556907604649e-05,,
1846,1.9234876036643982,1.4692157589285579e-05,,
1847,2.0722633600234985,1.4686756672758848e-05,,
1848,1.761080026626587,1.4681354160362331e-05,,
1849,2.014901638031006,1.467595005443459e-05,,
1850,1.9567179679870605,1.4670544357314872e-05,,
1851,2.059419184923172,1.466513707134312e-05,,
1852,1.8605181574821472,1.4659728198859959e-05,,
1853,2.0646734535694122,1.4654317742206702e-05,,
1854,1.8580069541931152,1.4648905703725357e-05,,
1855,2.0878653526306152,1.4643492085758602e-05,,
1856,1.8548930883407593,1.4638076890649803e-05,,
1857,2.0701560974121094,1.4632660120743019e-05,,
1858,1.9326599836349487,1.4627241778382978e-05,,
1859,2.2322568893432617,1.4621821865915092e-05,,
1860,1.611162692308426,1.4616400385685461e-05,,
1861,1.849164217710495,1.4610977340040851e-05,,
1862,1.9454728066921234,1.4605552731328712e-05,,
1863,1.9314247965812683,1.4600126561897172e-05,,
1864,1.9268356561660767,1.459469883409503e-05,,
1865,1.8230766952037811,1.4589269550271762e-05,,
1866,1.902309000492096,1.458383871277752e-05,,
1867,1.8025693595409393,1.4578406323963127e-05,,
1868,2.0269319117069244,1.4572972386180074e-05,,
1869,1.8661070764064789,1.4567536901780525e-05,,
1870,2.0760539174079895,1.4562099873117316e-05,,
1871,1.9560340642929077,1.4556661302543947e-05,,
1872,1.996902197599411,1.455122119241459e-05,,
1873,1.7801019251346588,1.454577954508408e-05,,
1874,1.7043834626674652,1.4540336362907921e-05,,
1875,1.9734146893024445,1.4534891648242269e-05,,
1876,1.8628507256507874,1.4529445403443965e-05,,
1877,2.0809137523174286,1.4523997630870493e-05,,
1878,1.9538689851760864,1.451854833288001e-05,,
1879,2.0414585173130035,1.4513097511831326e-05,,
1880,1.834468275308609,1.4507645170083919e-05,,
1881,1.9516351222991943,1.4502191309997911e-05,,
1882,2.1399042904376984,1.4496735933934098e-05,,
1883,2.081486254930496,1.449127904425392e-05,,
1884,1.8504707217216492,1.4485820643319476e-05,,
1885,1.8545726537704468,1.4480360733493519e-05,,
1886,1.9314998090267181,1.4474899317139459e-05,,
1887,1.984558343887329,1.4469436396621352e-05,,
1888,1.7899909019470215,1.4463971974303906e-05,,
1889,1.9914696514606476,1.4458506052552486e-05,,
1890,1.8725994527339935,1.44530386337331e-05,,
1891,1.978823572397232,1.4447569720212402e-05,,
1892,1.9093296527862549,1.4442099314357699e-05,,
1893,2.156191498041153,1.4436627418536939e-05,,
1894,1.7373470067977905,1.4431154035118715e-05,,
1895,2.0730391442775726,1.442567916647227e-05,,
1896,1.8177253007888794,1.4420202814967483e-05,,
1897,1.9822750389575958,1.4414724982974881e-05,,
1898,1.7134828567504883,1.4409245672865625e-05,,
1899,2.0458094477653503,1.4403764887011519e-05,,
1900,1.952009677886963,1.4398282627785013e-05,,
1901,1.8441527485847473,1.4392798897559177e-05,,
1902,1.862901747226715,1.4387313698707738e-05,,
1903,1.810385137796402,1.4381827033605045e-05,,
1904,1.9518709480762482,1.4376338904626086e-05,,
1905,2.1359902024269104,1.4370849314146482e-05,,
1906,1.8739134669303894,1.436535826454249e-05,,
1907,2.018148720264435,1.4359865758190994e-05,,
1908,1.9193290174007416,1.4354371797469514e-05,,
1909,1.7910859882831573,1.4348876384756192e-05,,
1910,2.0432586073875427,1.4343379522429805e-05,,
1911,2.0194846987724304,1.4337881212869752e-05,,
1912,1.9206157326698303,1.4332381458456064e-05,,
1913,1.9315655529499054,1.4326880261569394e-05,,
1914,2.034369319677353,1.4321377624591023e-05,,
1915,2.139911472797394,1.431587354990285e-05,,
1916,1.9463132619857788,1.4310368039887398e-05,,
1917,1.9413403868675232,1.4304861096927816e-05,,
1918,2.124242067337036,1.4299352723407866e-05,,
1919,2.166474938392639,1.4293842921711936e-05,,
1920,2.0104389786720276,1.428833169422503e-05,,
1921,1.974663406610489,1.4282819043332764e-05,,
1922,1.913754940032959,1.4277304971421376e-05,,
1923,2.0430625081062317,1.4271789480877715e-05,,
1924,1.922486037015915,1.4266272574089254e-05,,
1925,2.060229003429413,1.4260754253444065e-05,,
1926,1.9005136787891388,1.425523452133084e-05,,
1927,1.8733764588832855,1.4249713380138884e-05,,
1928,2.0119939148426056,1.4244190832258105e-05,,
1929,1.6506542563438416,1.4238666880079025e-05,,
1930,1.7360746264457703,1.4233141525992769e-05,,
1931,1.9437655806541443,1.422761477239108e-05,,
1932,1.7632457315921783,1.422208662166629e-05,,
1933,1.843407541513443,1.421655707621135e-05,,
1934,1.760219156742096,1.421102613841981e-05,,
1935,1.8612569868564606,1.4205493810685815e-05,,
1936,2.1126049160957336,1.4199960095404128e-05,,
1937,2.1322400271892548,1.41944249949701e-05,,
1938,2.117254853248596,1.4188888511779685e-05,,
1939,1.8960615992546082,1.4183350648229433e-05,,
1940,1.8849768936634064,1.41778114067165e-05,,
1941,1.9721314907073975,1.4172270789638628e-05,,
1942,1.9663283228874207,1.416672879939416e-05,,
1943,1.9146679043769836,1.416118543838203e-05,,
1944,2.0576754808425903,1.4155640709001773e-05,,
1945,1.9359319806098938,1.4150094613653504e-05,,
1946,1.8697834014892578,1.4144547154737946e-05,,
1947,1.9917778670787811,1.4138998334656393e-05,,
1948,1.9899195432662964,1.4133448155810742e-05,,
1949,1.9743959605693817,1.4127896620603478e-05,,
1950,2.101543426513672,1.4122343731437663e-05,,
1951,1.6776530146598816,1.4116789490716952e-05,,
1952,1.8575894832611084,1.4111233900845589e-05,,
1953,2.3850179314613342,1.4105676964228392e-05,,
1954,2.052138477563858,1.4100118683270765e-05,,
1955,1.911890298128128,1.4094559060378704e-05,,
1956,1.8743813335895538,1.4088998097958774e-05,,
1957,2.0451829731464386,1.4083435798418122e-05,,
1958,1.9699824750423431,1.407787216416448e-05,,
1959,1.7106064856052399,1.4072307197606146e-05,,
1960,2.01578950881958,1.4066740901152011e-05,,
1961,1.779458075761795,1.4061173277211528e-05,,
1962,1.771913319826126,1.4055604328194729e-05,,
1963,2.0803129374980927,1.4050034056512221e-05,,
1964,2.0756423473358154,1.4044462464575181e-05,,
1965,2.0595904886722565,1.403888955479536e-05,,
1966,2.118390291929245,1.4033315329585081e-05,,
1967,1.7897085845470428,1.4027739791357227e-05,,
1968,1.722877711057663,1.4022162942525264e-05,,
1969,2.11787486076355,1.4016584785503214e-05,,
1970,1.687596321105957,1.4011005322705667e-05,,
1971,1.9840803444385529,1.4005424556547784e-05,,
1972,2.046889513731003,1.3999842489445282e-05,,
1973,1.9426742196083069,1.3994259123814447e-05,,
1974,1.7955845892429352,1.3988674462072127e-05,,
1975,1.9159133434295654,1.3983088506635726e-05,,
1976,2.15397709608078,1.3977501259923216e-05,,
1977,1.7972646951675415,1.3971912724353119e-05,,
1978,2.0622762739658356,1.3966322902344521e-05,,
1979,2.0979968905448914,1.3960731796317064e-05,,
1980,1.9270053505897522,1.3955139408690945e-05,,
1981,1.9679701924324036,1.3949545741886913e-05,,
1982,1.8972505331039429,1.3943950798326277e-05,,
1983,1.8365082740783691,1.393835458043089e-05,,
1984,1.8630183935165405,1.3932757090623166e-05,,
1985,1.8437927067279816,1.3927158331326066e-05,,
1986,1.9324989914894104,1.3921558304963095e-05,,
1987,2.0077324509620667,1.3915957013958318e-05,,
1988,1.9283908009529114,1.3910354460736335e-05,,
1989,1.7640748023986816,1.3904750647722301e-05,,
1990,1.9818047881126404,1.3899145577341913e-05,,
1991,1.7838654816150665,1.389353925202141e-05,,
1992,2.0680633187294006,1.3887931674187576e-05,,
1993,2.085263282060623,1.3882322846267746e-05,,
1994,2.0165100693702698,1.387671277068978e-05,,
1995,1.952524572610855,1.3871101449882088e-05,,
1996,2.037266045808792,1.386548888627362e-05,,
1997,1.9059249460697174,1.385987508229386e-05,,
1998,2.1521392166614532,1.3854260040372829e-05,,
1999,1.9085732400417328,1.3848643762941084e-05,,
2000,1.980847030878067,1.384302625242972e-05,,
2000,,,2.0838553696870803,8.035388666348167
2001,1.9138998687267303,1.3837407511270364e-05,,
2002,1.8635617196559906,1.3831787541895172e-05,,
2003,1.870591938495636,1.3826166346736837e-05,,
2004,1.8512462973594666,1.3820543928228582e-05,,
2005,2.01021671295166,1.3814920288804154e-05,,
2006,1.8657492697238922,1.3809295430897839e-05,,
2007,2.303453356027603,1.3803669356944437e-05,,
2008,1.9738065898418427,1.379804206937928e-05,,
2009,2.2158625721931458,1.3792413570638237e-05,,
2010,2.0191092789173126,1.3786783863157685e-05,,
2011,1.7517460584640503,1.3781152949374527e-05,,
2012,2.0360759496688843,1.3775520831726195e-05,,
2013,2.1166548430919647,1.3769887512650638e-05,,
2014,1.8813185393810272,1.3764252994586324e-05,,
2015,1.6319705545902252,1.3758617279972245e-05,,
2016,2.005712151527405,1.3752980371247904e-05,,
2017,1.9385986626148224,1.3747342270853326e-05,,
2018,2.0315604209899902,1.3741702981229048e-05,,
2019,2.1310614943504333,1.3736062504816129e-05,,
2020,1.9334222972393036,1.373042084405613e-05,,
2021,1.9493081867694855,1.3724778001391139e-05,,
2022,1.989363670349121,1.3719133979263737e-05,,
2023,1.7770270705223083,1.371348878011704e-05,,
2024,1.7952993214130402,1.3707842406394647e-05,,
2025,2.0341670215129852,1.3702194860540688e-05,,
2026,2.0065637826919556,1.3696546144999787e-05,,
2027,2.1726938486099243,1.3690896262217076e-05,,
2028,2.0042804181575775,1.3685245214638198e-05,,
2029,1.8053308427333832,1.3679593004709298e-05,,
2030,1.7967957556247711,1.3673939634877018e-05,,
2031,1.9682751297950745,1.3668285107588509e-05,,
2032,2.066948175430298,1.366262942529142e-05,,
2033,1.970174252986908,1.3656972590433899e-05,,
2034,1.9189365804195404,1.3651314605464601e-05,,
2035,1.8419306874275208,1.3645655472832667e-05,,
2036,2.0847793519496918,1.3639995194987741e-05,,
2037,2.087272673845291,1.3634333774379965e-05,,
2038,1.9607897698879242,1.362867121345997e-05,,
2039,2.047905772924423,1.3623007514678883e-05,,
2040,2.020439863204956,1.3617342680488324e-05,,
2041,1.932231456041336,1.3611676713340407e-05,,
2042,2.136615216732025,1.360600961568773e-05,,
2043,1.856978416442871,1.3600341389983386e-05,,
2044,1.9600065648555756,1.3594672038680954e-05,,
2045,1.7491188049316406,1.3589001564234502e-05,,
2046,1.830413281917572,1.358332996909858e-05,,
2047,2.1737457513809204,1.3577657255728228e-05,,
2048,1.8189149796962738,1.3571983426578967e-05,,
2049,1.9097800850868225,1.3566308484106803e-05,,
2050,1.9384423792362213,1.3560632430768224e-05,,
2051,2.0636523067951202,1.3554955269020195e-05,,
2052,1.95461505651474,1.3549277001320161e-05,,
2053,1.8341282606124878,1.3543597630126055e-05,,
2054,2.179057151079178,1.3537917157896277e-05,,
2055,1.9695019721984863,1.3532235587089704e-05,,
2056,1.9834716618061066,1.35265529201657e-05,,
2057,1.7951936423778534,1.352086915958409e-05,,
2058,1.9544682800769806,1.3515184307805183e-05,,
2059,2.073810875415802,1.3509498367289747e-05,,
2060,1.9776237905025482,1.3503811340499035e-05,,
2061,1.829741895198822,1.3498123229894766e-05,,
2062,1.9992719888687134,1.349243403793912e-05,,
2063,1.8964327275753021,1.348674376709476e-05,,
2064,1.808842957019806,1.3481052419824805e-05,,
2065,1.9496241211891174,1.347535999859284e-05,,
2066,2.0809220671653748,1.3469666505862922e-05,,
2067,1.9458746910095215,1.3463971944099566e-05,,
2068,1.6846052408218384,1.3458276315767747e-05,,
2069,2.054572880268097,1.3452579623332916e-05,,
2070,2.040952652692795,1.3446881869260967e-05,,
2071,1.7688644230365753,1.3441183056018264e-05,,
2072,1.9212746620178223,1.3435483186071623e-05,,
2073,1.879602313041687,1.3429782261888327e-05,,
2074,1.91668239235878,1.3424080285936101e-05,,
2075,1.8517146706581116,1.3418377260683142e-05,,
2076,2.060953915119171,1.3412673188598092e-05,,
2077,1.9522265493869781,1.3406968072150043e-05,,
2078,2.0891202688217163,1.3401261913808544e-05,,
2079,1.7868710458278656,1.3395554716043597e-05,,
2080,1.942272126674652,1.3389846481325648e-05,,
2081,2.0592398643493652,1.3384137212125596e-05,,
2082,2.035300463438034,1.3378426910914788e-05,,
2083,1.8936167657375336,1.3372715580165015e-05,,
2084,2.0384713411331177,1.3367003222348511e-05,,
2085,1.8053485751152039,1.3361289839937967e-05,,
2086,2.0526463091373444,1.3355575435406505e-05,,
2087,1.8863793015480042,1.334986001122769e-05,,
2088,1.7983283996582031,1.334414356987554e-05,,
2089,1.8484174609184265,1.3338426113824498e-05,,
2090,2.0948934853076935,1.333270764554946e-05,,
2091,2.023075819015503,1.3326988167525746e-05,,
2092,2.151269018650055,1.3321267682229128e-05,,
2093,1.9151784777641296,1.33155461921358e-05,,
2094,1.9145461916923523,1.3309823699722402e-05,,
2095,1.9087620973587036,1.3304100207466004e-05,,
2096,2.038518339395523,1.3298375717844107e-05,,
2097,1.778420239686966,1.3292650233334643e-05,,
2098,1.9800285398960114,1.3286923756415981e-05,,
2099,1.9402346014976501,1.3281196289566915e-05,,
2100,1.725635588169098,1.3275467835266663e-05,,
2101,1.847064346075058,1.3269738395994882e-05,,
2102,1.9255563616752625,1.3264007974231642e-05,,
2103,1.851013869047165,1.3258276572457449e-05,,
2104,2.032435029745102,1.3252544193153227e-05,,
2105,1.7223671972751617,1.3246810838800326e-05,,
2106,1.9683895707130432,1.3241076511880518e-05,,
2107,1.7066370844841003,1.3235341214875995e-05,,
2108,1.730363816022873,1.322960495026937e-05,,
2109,1.8972080647945404,1.3223867720543673e-05,,
2110,2.3076517581939697,1.3218129528182354e-05,,
2111,1.9450348913669586,1.3212390375669277e-05,,
2112,2.1578531861305237,1.320665026548872e-05,,
2113,2.134828746318817,1.3200909200125387e-05,,
2114,1.988245278596878,1.3195167182064382e-05,,
2115,2.120750457048416,1.3189424213791226e-05,,
2116,2.160837084054947,1.3183680297791852e-05,,
2117,2.2193703651428223,1.3177935436552606e-05,,
2118,2.0443935692310333,1.3172189632560236e-05,,
2119,2.1310303807258606,1.3166442888301905e-05,,
2120,2.024762988090515,1.3160695206265185e-05,,
2121,1.8587998151779175,1.315494658893804e-05,,
2122,1.8626637756824493,1.3149197038808852e-05,,
2123,2.004023551940918,1.3143446558366405e-05,,
2124,1.9806438088417053,1.3137695150099882e-05,,
2125,1.8009523153305054,1.3131942816498868e-05,,
2126,1.8489370942115784,1.3126189560053351e-05,,
2127,1.8441075682640076,1.312043538325372e-05,,
2128,1.9907576143741608,1.3114680288590753e-05,,
2129,2.036796987056732,1.3108924278555636e-05,,
2130,2.057551324367523,1.310316735563995e-05,,
2131,2.070345550775528,1.3097409522335665e-05,,
2132,2.008538991212845,1.3091650781135148e-05,,
2133,2.0870017409324646,1.3085891134531161e-05,,
2134,2.004288971424103,1.3080130585016855e-05,,
2135,2.0973502695560455,1.3074369135085771e-05,,
2136,1.9990274012088776,1.3068606787231849e-05,,
2137,1.9315026104450226,1.3062843543949406e-05,,
2138,2.060439944267273,1.305707940773315e-05,,
2139,1.9536930322647095,1.3051314381078178e-05,,
2140,1.8692136108875275,1.3045548466479972e-05,,
2141,1.962932974100113,1.3039781666434396e-05,,
2142,1.899223506450653,1.3034013983437701e-05,,
2143,1.9298488199710846,1.3028245419986518e-05,,
2144,1.9857797920703888,1.3022475978577854e-05,,
2145,1.9942870438098907,1.3016705661709108e-05,,
2146,2.093970000743866,1.3010934471878048e-05,,
2147,1.8847010135650635,1.300516241158282e-05,,
2148,1.786863535642624,1.2999389483321956e-05,,
2149,2.1385852992534637,1.2993615689594354e-05,,
2150,1.744944542646408,1.2987841032899293e-05,,
2151,2.085275411605835,1.2982065515736418e-05,,
2152,1.8119582831859589,1.2976289140605753e-05,,
2153,1.9238494634628296,1.2970511910007693e-05,,
2154,1.776852697134018,1.2964733826443e-05,,
2155,1.8564603924751282,1.2958954892412807e-05,,
2156,1.8857122361660004,1.2953175110418619e-05,,
2157,2.1678190529346466,1.2947394482962297e-05,,
2158,1.9868105053901672,1.2941613012546083e-05,,
2159,2.0711314380168915,1.2935830701672572e-05,,
2160,2.146505296230316,1.2930047552844727e-05,,
2161,1.7847248017787933,1.2924263568565875e-05,,
2162,1.754791498184204,1.2918478751339703e-05,,
2163,1.8892917931079865,1.2912693103670255e-05,,
2164,1.8733386397361755,1.2906906628061943e-05,,
2165,1.968187153339386,1.2901119327019534e-05,,
2166,1.8846790790557861,1.2895331203048144e-05,,
2167,2.0406766831874847,1.288954225865326e-05,,
2168,1.8483604788780212,1.2883752496340713e-05,,
2169,1.956904113292694,1.287796191861669e-05,,
2170,1.6532135009765625,1.2872170527987732e-05,,
2171,1.9385770857334137,1.2866378326960736e-05,,
2172,1.973703920841217,1.2860585318042944e-05,,
2173,2.028276652097702,1.2854791503741947e-05,,
2174,1.9589298069477081,1.2848996886565692e-05,,
2175,1.8169236183166504,1.2843201469022467e-05,,
2176,2.1949014961719513,1.2837405253620904e-05,,
2177,2.0962132811546326,1.2831608242869994e-05,,
2178,1.9691461324691772,1.2825810439279056e-05,,
2179,2.2003087401390076,1.282001184535776e-05,,
2180,1.9931887984275818,1.2814212463616119e-05,,
2181,2.033204734325409,1.2808412296564485e-05,,
2182,1.9363190233707428,1.2802611346713547e-05,,
2183,1.966057002544403,1.2796809616574341e-05,,
2184,2.1030362844467163,1.2791007108658236e-05,,
2185,2.089432507753372,1.2785203825476932e-05,,
2186,2.0480577051639557,1.2779399769542472e-05,,
2187,1.8308419287204742,1.2773594943367237e-05,,
2188,2.0346099734306335,1.2767789349463929e-05,,
2189,1.9439546763896942,1.2761982990345594e-05,,
2190,1.8678048849105835,1.2756175868525605e-05,,
2191,1.938067764043808,1.275036798651766e-05,,
2192,2.0523398518562317,1.2744559346835792e-05,,
2193,1.974015861749649,1.2738749951994364e-05,,
2194,2.039496272802353,1.273293980450806e-05,,
2195,1.9391390979290009,1.2727128906891892e-05,,
2196,1.9351446330547333,1.27213172616612e-05,,
2197,2.00774422287941,1.2715504871331644e-05,,
2198,1.8938747644424438,1.2709691738419202e-05,,
2199,2.0745808482170105,1.2703877865440187e-05,,
2200,2.068415582180023,1.2698063254911218e-05,,
2201,1.9108946919441223,1.2692247909349243e-05,,
2202,1.7963089048862457,1.2686431831271523e-05,,
2203,1.8585603833198547,1.2680615023195636e-05,,
2204,1.9978377521038055,1.267479748763948e-05,,
2205,1.8698092699050903,1.2668979227121264e-05,,
2206,1.9901425540447235,1.2663160244159514e-05,,
2207,1.9052578508853912,1.265734054127306e-05,,
2208,2.163394808769226,1.265152012098106e-05,,
2209,2.0693285167217255,1.2645698985802973e-05,,
2210,1.85892716050148,1.2639877138258562e-05,,
2211,1.88888019323349,1.2634054580867906e-05,,
2212,2.0017959475517273,1.2628231316151389e-05,,
2213,1.806685894727707,1.2622407346629701e-05,,
2214,1.7604596316814423,1.2616582674823839e-05,,
2215,1.97821444272995,1.2610757303255102e-05,,
2216,2.155321091413498,1.2604931234445093e-05,,
2217,1.9937151670455933,1.2599104470915713e-05,,
2218,2.1205955147743225,1.259327701518917e-05,,
2219,1.9886675775051117,1.258744886978797e-05,,
2220,1.9168587625026703,1.2581620037234912e-05,,
2221,2.060536801815033,1.25757905200531e-05,,
2222,1.867872714996338,1.256996032076593e-05,,
2223,2.044489949941635,1.2564129441897088e-05,,
2224,1.9614079594612122,1.2558297885970574e-05,,
2225,2.008424073457718,1.2552465655510654e-05,,
2226,2.0134041011333466,1.2546632753041904e-05,,
2227,1.887498140335083,1.254079918108919e-05,,
2228,1.9793153405189514,1.253496494217766e-05,,
2229,1.8910498917102814,1.2529130038832758e-05,,
2230,2.1001084446907043,1.2523294473580208e-05,,
2231,1.6781224012374878,1.2517458248946028e-05,,
2232,1.9548831582069397,1.2511621367456516e-05,,
2233,1.7292790710926056,1.2505783831638259e-05,,
2234,2.0005049407482147,1.2499945644018123e-05,,
2235,2.1217000782489777,1.2494106807123261e-05,,
2236,1.9905363619327545,1.2488267323481098e-05,,
2237,1.9945347011089325,1.2482427195619354e-05,,
2238,1.9287947118282318,1.2476586426066012e-05,,
2239,1.9656377732753754,1.2470745017349341e-05,,
2240,2.219251126050949,1.2464902971997888e-05,,
2241,1.9610934257507324,1.245906029254047e-05,,
2242,1.8899443447589874,1.2453216981506179e-05,,
2243,1.9060640931129456,1.244737304142439e-05,,
2244,1.7998507022857666,1.2441528474824736e-05,,
2245,1.8820847868919373,1.2435683284237134e-05,,
2246,1.810099333524704,1.2429837472191761e-05,,
2247,2.021157681941986,1.2423991041219071e-05,,
2248,1.9596275985240936,1.2418143993849781e-05,,
2249,1.9714319705963135,1.2412296332614873e-05,,
2250,2.051736682653427,1.2406448060045601e-05,,
2250,,,2.083924102783203,8.035940982470736
2251,1.9874494075775146,1.2400599178673482e-05,,
2252,1.9706754386425018,1.239474969103029e-05,,
2253,1.7155552506446838,1.238889959964807e-05,,
2254,1.8119470477104187,1.2383048907059126e-05,,
2255,2.016125589609146,1.2377197615796015e-05,,
2256,2.0536704659461975,1.2371345728391566e-05,,
2257,1.9794489443302155,1.2365493247378857e-05,,
2258,1.8985592424869537,1.2359640175291221e-05,,
2259,1.862874984741211,1.2353786514662257e-05,,
2260,1.7750824987888336,1.2347932268025812e-05,,
2261,1.932149738073349,1.2342077437915983e-05,,
2262,1.9156710505485535,1.2336222026867129e-05,,
2263,2.0083497762680054,1.233036603741385e-05,,
2264,1.8815465569496155,1.2324509472091008e-05,,
2265,1.8883845210075378,1.2318652333433703e-05,,
2266,2.0216788947582245,1.2312794623977292e-05,,
2267,1.9622245132923126,1.230693634625737e-05,,
2268,2.031037002801895,1.230107750280979e-05,,
2269,1.897516280412674,1.2295218096170642e-05,,
2270,1.976632297039032,1.2289358128876257e-05,,
2271,2.0813378393650055,1.2283497603463216e-05,,
2272,1.780254453420639,1.2277636522468336e-05,,
2273,2.275545299053192,1.227177488842868e-05,,
2274,2.2222262620925903,1.2265912703881542e-05,,
2275,2.0330289900302887,1.2260049971364463e-05,,
2276,1.8638532161712646,1.225418669341522e-05,,
2277,1.9310941696166992,1.2248322872571818e-05,,
2278,1.9448381662368774,1.2242458511372508e-05,,
2279,1.8025415241718292,1.2236593612355769e-05,,
2280,1.8830050826072693,1.2230728178060311e-05,,
2281,2.15621417760849,1.2224862211025079e-05,,
2282,1.9920525550842285,1.2218995713789248e-05,,
2283,1.9535028338432312,1.2213128688892221e-05,,
2284,2.210716664791107,1.2207261138873633e-05,,
2285,1.8208226263523102,1.2201393066273344e-05,,
2286,2.0607051253318787,1.2195524473631435e-05,,
2287,1.8848553895950317,1.2189655363488226e-05,,
2288,1.8669238686561584,1.2183785738384247e-05,,
2289,1.9449864625930786,1.2177915600860257e-05,,
2290,2.022339552640915,1.2172044953457236e-05,,
2291,1.9891554415225983,1.2166173798716385e-05,,
2292,1.8424617946147919,1.2160302139179124e-05,,
2293,2.0482110381126404,1.2154429977387089e-05,,
2294,1.8582237362861633,1.2148557315882144e-05,,
2295,2.1047667264938354,1.2142684157206355e-05,,
2296,2.067802220582962,1.2136810503902009e-05,,
2297,2.054089993238449,1.2130936358511616e-05,,
2298,2.0113907158374786,1.2125061723577882e-05,,
2299,1.7994215786457062,1.2119186601643739e-05,,
2300,1.7772526443004608,1.2113310995252324e-05,,
2301,1.888418823480606,1.210743490694698e-05,,
2302,1.9043217599391937,1.2101558339271267e-05,,
2303,1.936724454164505,1.209568129476895e-05,,
2304,1.7723571956157684,1.2089803775983994e-05,,
2305,2.0109183490276337,1.2083925785460577e-05,,
2306,1.8430326282978058,1.2078047325743078e-05,,
2307,1.9037122428417206,1.207216839937608e-05,,
2308,1.8890818059444427,1.2066289008904368e-05,,
2309,1.8148545324802399,1.2060409156872925e-05,,
2310,1.901928871870041,1.2054528845826938e-05,,
2311,2.0022074580192566,1.2048648078311789e-05,,
2312,2.0028798580169678,1.2042766856873059e-05,,
2313,1.620117872953415,1.203688518405653e-05,,
2314,2.098539352416992,1.2031003062408173e-05,,
2315,1.876004844903946,1.202512049447415e-05,,
2316,2.0472157299518585,1.2019237482800833e-05,,
2317,2.1623863875865936,1.2013354029934766e-05,,
2318,1.991140067577362,1.2007470138422695e-05,,
2319,2.108135312795639,1.2001585810811558e-05,,
2320,2.1513157784938812,1.199570104964847e-05,,
2321,1.8722224831581116,1.1989815857480746e-05,,
2322,1.9013426005840302,1.198393023685588e-05,,
2323,2.1740575432777405,1.1978044190321557e-05,,
2324,2.117985635995865,1.1972157720425641e-05,,
2325,1.8559846878051758,1.1966270829716183e-05,,
2326,2.0856829285621643,1.1960383520741417e-05,,
2327,1.9617790579795837,1.1954495796049751e-05,,
2328,2.0081730782985687,1.1948607658189781e-05,,
2329,2.051984190940857,1.194271910971028e-05,,
2330,1.8978140354156494,1.1936830153160197e-05,,
2331,2.014714628458023,1.1930940791088651e-05,,
2332,1.8428580164909363,1.1925051026044955e-05,,
2333,1.9223341345787048,1.1919160860578581e-05,,
2334,1.9030280113220215,1.1913270297239173e-05,,
2335,1.93850976228714,1.1907379338576558e-05,,
2336,2.1365009546279907,1.1901487987140729e-05,,
2337,2.0340834856033325,1.1895596245481845e-05,,
2338,1.8083267509937286,1.1889704116150243e-05,,
2339,1.9008527994155884,1.1883811601696422e-05,,
2340,1.9143869876861572,1.1877918704671044e-05,,
2341,1.8864642977714539,1.1872025427624942e-05,,
2342,1.736297607421875,1.1866131773109114e-05,,
2343,2.0785090625286102,1.1860237743674717e-05,,
2344,1.935554027557373,1.1854343341873077e-05,,
2345,1.9149396121501923,1.1848448570255675e-05,,
2346,2.018141984939575,1.1842553431374155e-05,,
2347,1.9240531921386719,1.1836657927780317e-05,,
2348,1.930517166852951,1.1830762062026125e-05,,
2349,1.7733771204948425,1.1824865836663692e-05,,
2350,1.7661704123020172,1.1818969254245296e-05,,
2351,1.8964413702487946,1.1813072317323357e-05,,
2352,1.8308789730072021,1.1807175028450462e-05,,
2353,1.9897847175598145,1.1801277390179338e-05,,
2354,1.998292475938797,1.1795379405062873e-05,,
2355,1.821247547864914,1.1789481075654102e-05,,
2356,1.9307484924793243,1.1783582404506204e-05,,
2357,1.904101550579071,1.1777683394172514e-05,,
2358,2.0743408799171448,1.1771784047206509e-05,,
2359,1.8125337064266205,1.1765884366161816e-05,,
2360,1.9510914385318756,1.17599843535922e-05,,
2361,2.0465686917304993,1.175408401205157e-05,,
2362,2.148270696401596,1.1748183344093984e-05,,
2363,1.8173873126506805,1.174228235227364e-05,,
2364,1.857376217842102,1.173638103914487e-05,,
2365,1.9609287977218628,1.173047940726215e-05,,
2366,2.1569378077983856,1.1724577459180093e-05,,
2367,1.7085441648960114,1.1718675197453448e-05,,
2368,1.9552021920681,1.17127726246371e-05,,
2369,2.074465423822403,1.1706869743286072e-05,,
2370,1.8483360707759857,1.1700966555955514e-05,,
2371,1.849765419960022,1.1695063065200717e-05,,
2372,1.8495495319366455,1.1689159273577093e-05,,
2373,2.138759583234787,1.1683255183640193e-05,,
2374,1.9092188477516174,1.1677350797945691e-05,,
2375,1.9618072509765625,1.1671446119049397e-05,,
2376,2.1699047088623047,1.1665541149507239e-05,,
2377,1.9638213217258453,1.1659635891875276e-05,,
2378,2.1440000236034393,1.165373034870969e-05,,
2379,1.9707074761390686,1.1647824522566786e-05,,
2380,1.8355362117290497,1.1641918416002995e-05,,
2381,2.057250052690506,1.1636012031574862e-05,,
2382,1.996250957250595,1.1630105371839062e-05,,
2383,2.066585510969162,1.162419843935238e-05,,
2384,1.897927850484848,1.1618291236671731e-05,,
2385,1.7455119490623474,1.1612383766354127e-05,,
2386,1.8624067306518555,1.1606476030956719e-05,,
2387,1.9763981103897095,1.1600568033036758e-05,,
2388,2.158632516860962,1.159465977515161e-05,,
2389,1.9539515972137451,1.158875125985876e-05,,
2390,1.8482802510261536,1.15828424897158e-05,,
2391,1.7576209902763367,1.157693346728043e-05,,
2392,1.8324408531188965,1.1571024195110462e-05,,
2393,1.75888392329216,1.1565114675763821e-05,,
2394,1.897009938955307,1.1559204911798528e-05,,
2395,2.0970950424671173,1.155329490577272e-05,,
2396,2.1306055188179016,1.1547384660244635e-05,,
2397,1.7766426503658295,1.154147417777261e-05,,
2398,2.0639828145504,1.1535563460915091e-05,,
2399,1.8566793501377106,1.1529652512230628e-05,,
2400,2.063737213611603,1.1523741334277861e-05,,
2401,2.069793403148651,1.1517829929615539e-05,,
2402,1.8400769531726837,1.15119183008025e-05,,
2403,1.6819946765899658,1.1506006450397692e-05,,
2404,2.074940711259842,1.1500094380960141e-05,,
2405,1.7594862282276154,1.1494182095048986e-05,,
2406,1.8626805245876312,1.148826959522345e-05,,
2407,1.9358992874622345,1.1482356884042847e-05,,
2408,2.0600819885730743,1.147644396406659e-05,,
2409,1.7160292863845825,1.1470530837854176e-05,,
2410,1.9724178910255432,1.1464617507965193e-05,,
2411,1.903878390789032,1.1458703976959318e-05,,
2412,2.1097675263881683,1.1452790247396315e-05,,
2413,1.929011195898056,1.1446876321836033e-05,,
2414,1.9793684780597687,1.1440962202838406e-05,,
2415,1.9422782957553864,1.1435047892963453e-05,,
2416,1.813701570034027,1.1429133394771273e-05,,
2417,1.9234114289283752,1.142321871082205e-05,,
2418,2.0992881059646606,1.1417303843676047e-05,,
2419,2.195067971944809,1.1411388795893607e-05,,
2420,2.104760468006134,1.1405473570035146e-05,,
2421,1.9192309379577637,1.1399558168661163e-05,,
2422,2.0115714371204376,1.1393642594332233e-05,,
2423,2.0327589213848114,1.1387726849609002e-05,,
2424,1.9518686830997467,1.1381810937052193e-05,,
2425,2.070664167404175,1.1375894859222601e-05,,
2426,2.149985194206238,1.1369978618681089e-05,,
2427,2.006708651781082,1.1364062217988596e-05,,
2428,1.8421832025051117,1.1358145659706128e-05,,
2429,2.0813872814178467,1.1352228946394758e-05,,
2430,1.935895025730133,1.1346312080615629e-05,,
2431,2.0856524109840393,1.1340395064929945e-05,,
2432,1.910049557685852,1.1334477901898978e-05,,
2433,2.0288217961788177,1.1328560594084068e-05,,
2434,1.884892851114273,1.1322643144046608e-05,,
2435,1.913055419921875,1.1316725554348063e-05,,
2436,1.9320582449436188,1.131080782754995e-05,,
2437,1.953584760427475,1.1304889966213848e-05,,
2438,2.2748070657253265,1.12989719729014e-05,,
2439,2.0845814645290375,1.1293053850174298e-05,,
2440,1.8797352313995361,1.1287135600594293e-05,,
2441,2.045295089483261,1.1281217226723191e-05,,
2442,1.9887632727622986,1.1275298731122851e-05,,
2443,2.005341976881027,1.1269380116355188e-05,,
2444,1.9624463319778442,1.1263461384982166e-05,,
2445,1.937682569026947,1.1257542539565796e-05,,
2446,2.023473083972931,1.1251623582668146e-05,,
2447,2.0321594774723053,1.1245704516851328e-05,,
2448,2.0112990140914917,1.12397853446775e-05,,
2449,1.9136947691440582,1.1233866068708866e-05,,
2450,1.7973789274692535,1.122794669150768e-05,,
2451,1.9792314171791077,1.1222027215636234e-05,,
2452,1.7000463604927063,1.1216107643656864e-05,,
2453,1.961302250623703,1.1210187978131953e-05,,
2454,1.8784805238246918,1.1204268221623912e-05,,
2455,1.9183138310909271,1.1198348376695208e-05,,
2456,1.9037397801876068,1.1192428445908331e-05,,
2457,1.9655848741531372,1.118650843182582e-05,,
2458,1.8287640810012817,1.1180588337010242e-05,,
2459,1.9092495441436768,1.1174668164024204e-05,,
2460,1.9785061180591583,1.1168747915430342e-05,,
2461,1.978880137205124,1.1162827593791328e-05,,
2462,2.205769658088684,1.1156907201669865e-05,,
2463,1.743450105190277,1.1150986741628686e-05,,
2464,1.9972681105136871,1.1145066216230555e-05,,
2465,1.9402057826519012,1.1139145628038265e-05,,
2466,2.1494176983833313,1.1133224979614631e-05,,
2467,1.8884857296943665,1.1127304273522499e-05,,
2468,2.1249141097068787,1.112138351232474e-05,,
2469,1.8491387069225311,1.1115462698584245e-05,,
2470,1.7508355677127838,1.1109541834863931e-05,,
2471,2.1105765104293823,1.1103620923726734e-05,,
2472,2.201222747564316,1.1097699967735614e-05,,
2473,1.9044528007507324,1.109177896945355e-05,,
2474,1.8809707164764404,1.1085857931443535e-05,,
2475,1.9787450432777405,1.1079936856268583e-05,,
2476,1.7498220801353455,1.107401574649172e-05,,
2477,1.779003530740738,1.1068094604675998e-05,,
2478,2.1752243041992188,1.106217343338447e-05,,
2479,1.9472331702709198,1.1056252235180207e-05,,
2480,2.1278683841228485,1.1050331012626293e-05,,
2481,1.9276805818080902,1.1044409768285819e-05,,
2482,1.8769404292106628,1.1038488504721888e-05,,
2483,2.066611588001251,1.1032567224497609e-05,,
2484,1.9278533160686493,1.1026645930176104e-05,,
2485,1.8041644096374512,1.1020724624320494e-05,,
2486,1.8852980434894562,1.101480330949391e-05,,
2487,1.9792252480983734,1.1008881988259483e-05,,
2488,1.781400203704834,1.1002960663180352e-05,,
2489,1.9181696772575378,1.099703933681965e-05,,
2490,1.9709447622299194,1.0991118011740517e-05,,
2491,2.2206362187862396,1.098519669050609e-05,,
2492,2.0785716772079468,1.0979275375679507e-05,,
2493,2.115521162748337,1.0973354069823897e-05,,
2494,2.002561926841736,1.096743277550239e-05,,
2495,1.8488182127475739,1.0961511495278115e-05,,
2496,2.0266449749469757,1.0955590231714182e-05,,
2497,2.0259541869163513,1.0949668987373708e-05,,
2498,2.013364404439926,1.0943747764819792e-05,,
2499,1.7609400749206543,1.0937826566615531e-05,,
2500,1.8780845403671265,1.0931905395324e-05,,
2500,,,2.0835528790950777,8.032958404457723
2501,1.9000343680381775,1.0925984253508279e-05,,
2502,1.88845756649971,1.0920063143731418e-05,,
2503,1.8833692371845245,1.0914142068556464e-05,,
2504,2.1504892110824585,1.0908221030546452e-05,,
2505,2.0257894098758698,1.0902300032264385e-05,,
2506,1.822164624929428,1.0896379076273262e-05,,
2507,1.9694493114948273,1.089045816513607e-05,,
2508,2.2553409337997437,1.0884537301415756e-05,,
2509,1.9739985167980194,1.087861648767526e-05,,
2510,1.9263628721237183,1.08726957264775e-05,,
2511,1.9853590428829193,1.0866775020385368e-05,,
2512,1.962346225976944,1.0860854371961738e-05,,
2513,1.6726437211036682,1.0854933783769446e-05,,
2514,1.965786635875702,1.0849013258371313e-05,,
2515,2.005554884672165,1.0843092798330138e-05,,
2516,2.1012917160987854,1.0837172406208674e-05,,
2517,2.035259425640106,1.0831252084569658e-05,,
2518,1.9390673339366913,1.0825331835975797e-05,,
2519,2.0719850063323975,1.0819411662989759e-05,,
2520,2.1333312690258026,1.081349156817418e-05,,
2521,1.9872515499591827,1.080757155409167e-05,,
2522,2.0788929164409637,1.0801651623304793e-05,,
2523,2.030784100294113,1.0795731778376087e-05,,
2524,2.1032183170318604,1.078981202186805e-05,,
2525,1.9580401182174683,1.0783892356343136e-05,,
2526,1.8750424087047577,1.0777972784363765e-05,,
2527,1.8549032807350159,1.0772053308492321e-05,,
2528,2.2172152400016785,1.0766133931291133e-05,,
2529,1.8026818931102753,1.07602146553225e-05,,
2530,1.876765102148056,1.0754295483148675e-05,,
2531,2.2005037367343903,1.0748376417331855e-05,,
2532,1.812991201877594,1.0742457460434203e-05,,
2533,1.8960387706756592,1.0736538615017838e-05,,
2534,2.1325795650482178,1.0730619883644812e-05,,
2535,1.9874594509601593,1.0724701268877148e-05,,
2536,2.241391122341156,1.0718782773276812e-05,,
2537,1.9442679286003113,1.0712864399405708e-05,,
2538,2.0769943594932556,1.0706946149825702e-05,,
2539,2.0367825627326965,1.07010280270986e-05,,
2540,1.9566896855831146,1.0695110033786151e-05,,
2541,1.6989118158817291,1.0689192172450049e-05,,
2542,2.0926065146923065,1.068327444565194e-05,,
2543,2.034604012966156,1.0677356855953392e-05,,
2544,1.9247137010097504,1.0671439405915931e-05,,
2545,1.6681012511253357,1.0665522098101023e-05,,
2546,1.920732706785202,1.0659604935070055e-05,,
2547,1.9001411497592926,1.0653687919384374e-05,,
2548,1.6825957000255585,1.0647771053605243e-05,,
2549,1.8248533010482788,1.0641854340293874e-05,,
2550,1.9103159010410309,1.0635937782011405e-05,,
2551,1.987748384475708,1.0630021381318912e-05,,
2552,1.8379862308502197,1.06241051407774e-05,,
2553,2.135530948638916,1.061818906294781e-05,,
2554,1.889080137014389,1.0612273150390999e-05,,
2555,2.140185832977295,1.0606357405667766e-05,,
2556,1.9932162463665009,1.060044183133884e-05,,
2557,2.2377859354019165,1.0594526429964855e-05,,
2558,2.166095048189163,1.0588611204106394e-05,,
2559,2.159768670797348,1.0582696156323954e-05,,
2560,2.0252301394939423,1.0576781289177951e-05,,
2561,1.9813628494739532,1.0570866605228727e-05,,
2562,1.9569032788276672,1.056495210703655e-05,,
2563,1.9826369881629944,1.0559037797161595e-05,,
2564,1.889389157295227,1.0553123678163966e-05,,
2565,1.854676753282547,1.0547209752603687e-05,,
2566,1.9889168441295624,1.0541296023040681e-05,,
2567,1.9514029920101166,1.0535382492034807e-05,,
2568,1.8737528324127197,1.0529469162145825e-05,,
2569,1.8873888552188873,1.052355603593341e-05,,
2570,2.0798733234405518,1.0517643115957152e-05,,
2571,2.0165840685367584,1.0511730404776552e-05,,
2572,1.8021895587444305,1.0505817904951014e-05,,
2573,2.064400225877762,1.0499905619039856e-05,,
2574,1.885433942079544,1.049399354960231e-05,,
2575,2.2401358485221863,1.0488081699197499e-05,,
2576,1.9602847397327423,1.048217007038446e-05,,
2577,1.8628678917884827,1.0476258665722138e-05,,
2578,1.915701985359192,1.0470347487769373e-05,,
2579,2.072971999645233,1.0464436539084906e-05,,
2580,2.000259429216385,1.0458525822227393e-05,,
2581,1.8935146033763885,1.0452615339755367e-05,,
2582,2.0814473927021027,1.0446705094227279e-05,,
2583,1.8769499957561493,1.0440795088201473e-05,,
2584,2.2964846193790436,1.043488532423618e-05,,
2585,1.8305219113826752,1.0428975804889539e-05,,
2586,2.090130627155304,1.0423066532719572e-05,,
2587,2.03136482834816,1.04171575102842e-05,,
2588,2.0070928931236267,1.041124874014124e-05,,
2589,2.018718183040619,1.040534022484839e-05,,
2590,2.0741188526153564,1.0399431966963243e-05,,
2591,2.030793309211731,1.0393523969043284e-05,,
2592,1.8226222097873688,1.0387616233645874e-05,,
2593,2.057023763656616,1.0381708763328272e-05,,
2594,1.9648675918579102,1.037580156064762e-05,,
2595,1.9157137870788574,1.0369894628160939e-05,,
2596,2.0577867925167084,1.0363987968425136e-05,,
2597,1.8068334460258484,1.0358081583997008e-05,,
2598,1.908623069524765,1.0352175477433213e-05,,
2599,1.8602870106697083,1.0346269651290311e-05,,
2600,2.085921585559845,1.0340364108124726e-05,,
2601,1.888990879058838,1.0334458850492761e-05,,
2602,1.8415144681930542,1.0328553880950602e-05,,
2603,2.068438708782196,1.032264920205431e-05,,
2604,2.0904029607772827,1.0316744816359808e-05,,
2605,1.8167586624622345,1.0310840726422907e-05,,
2606,2.0121797919273376,1.0304936934799286e-05,,
2607,1.853896588087082,1.0299033444044486e-05,,
2608,1.9366865158081055,1.029313025671393e-05,,
2609,2.071825534105301,1.02872273753629e-05,,
2610,1.7175800800323486,1.0281324802546555e-05,,
2611,1.9072037637233734,1.0275422540819907e-05,,
2612,1.9604969322681427,1.0269520592737853e-05,,
2613,2.285198599100113,1.0263618960855131e-05,,
2614,1.9416748583316803,1.0257717647726359e-05,,
2615,2.066370040178299,1.0251816655906015e-05,,
2616,1.8835993111133575,1.0245915987948429e-05,,
2617,2.1065744161605835,1.0240015646407801e-05,,
2618,2.15470027923584,1.0234115633838183e-05,,
2619,2.002250224351883,1.022821595279349e-05,,
2620,1.928717702627182,1.0222316605827484e-05,,
2621,1.8090340197086334,1.0216417595493797e-05,,
2622,2.034184068441391,1.0210518924345899e-05,,
2623,1.8695008754730225,1.0204620594937126e-05,,
2624,1.9113660752773285,1.0198722609820664e-05,,
2625,2.0697630643844604,1.0192824971549539e-05,,
2626,1.737011730670929,1.0186927682676644e-05,,
2627,1.926006555557251,1.0181030745754705e-05,,
2628,2.0713405907154083,1.0175134163336307e-05,,
2629,2.0134280025959015,1.0169237937973876e-05,,
2630,1.902500480413437,1.0163342072219684e-05,,
2631,1.8771904110908508,1.0157446568625845e-05,,
2632,1.8187646567821503,1.0151551429744326e-05,,
2633,1.8801598250865936,1.0145656658126924e-05,,
2634,1.9890413880348206,1.0139762256325282e-05,,
2635,1.9300497174263,1.0133868226890889e-05,,
2636,2.1891244649887085,1.012797457237506e-05,,
2637,1.9768462479114532,1.0122081295328958e-05,,
2638,2.037498116493225,1.011618839830358e-05,,
2639,1.6862056255340576,1.0110295883849756e-05,,
2640,1.7646116316318512,1.0104403754518151e-05,,
2641,1.9027408957481384,1.0098512012859274e-05,,
2642,1.827129065990448,1.0092620661423443e-05,,
2643,1.9556170105934143,1.0086729702760826e-05,,
2644,1.957792967557907,1.0080839139421423e-05,,
2645,1.9081754386425018,1.0074948973955044e-05,,
2646,1.829185128211975,1.0069059208911345e-05,,
2647,1.904880404472351,1.0063169846839806e-05,,
2648,1.9020439088344574,1.0057280890289722e-05,,
2649,2.1079329550266266,1.0051392341810218e-05,,
2650,2.30828458070755,1.0045504203950251e-05,,
2651,1.920975536108017,1.0039616479258585e-05,,
2652,1.8713407218456268,1.0033729170283815e-05,,
2653,1.902700036764145,1.002784227957436e-05,,
2654,1.9544243514537811,1.0021955809678444e-05,,
2655,1.818446308374405,1.0016069763144118e-05,,
2656,1.8833375573158264,1.0010184142519256e-05,,
2657,1.79732283949852,1.0004298950351529e-05,,
2658,2.19033682346344,9.998414189188443e-06,,
2659,1.6809892654418945,9.992529861577307e-06,,
2660,2.025596797466278,9.986645970065233e-06,,
2661,1.9946055710315704,9.980762517199167e-06,,
2662,2.0309922099113464,9.974879505525849e-06,,
2663,2.087813436985016,9.96899693759183e-06,,
2664,2.138106733560562,9.963114815943473e-06,,
2665,1.9582696557044983,9.957233143126942e-06,,
2666,1.7774720191955566,9.95135192168821e-06,,
2667,2.4931309521198273,9.945471154173065e-06,,
2668,1.9104467928409576,9.939590843127075e-06,,
2669,1.842496007680893,9.933710991095632e-06,,
2670,1.9616901278495789,9.927831600623922e-06,,
2671,1.9375937581062317,9.921952674256923e-06,,
2672,2.088769167661667,9.916074214539422e-06,,
2673,1.7572316825389862,9.910196224016008e-06,,
2674,1.8262939453125,9.904318705231052e-06,,
2675,2.081247091293335,9.898441660728732e-06,,
2676,1.948701560497284,9.892565093053022e-06,,
2677,1.9838970601558685,9.886689004747679e-06,,
2678,2.1157804131507874,9.88081339835626e-06,,
2679,1.9045552611351013,9.874938276422118e-06,,
2680,2.0069155991077423,9.869063641488385e-06,,
2681,1.8928315043449402,9.863189496097989e-06,,
2682,2.044577896595001,9.857315842793648e-06,,
2683,2.0401092767715454,9.851442684117858e-06,,
2684,2.0195625722408295,9.845570022612909e-06,,
2685,2.034699469804764,9.839697860820879e-06,,
2686,1.8171305060386658,9.833826201283616e-06,,
2687,2.1158300042152405,9.827955046542765e-06,,
2688,1.8599619567394257,9.822084399139743e-06,,
2689,2.216387450695038,9.816214261615754e-06,,
2690,2.0293288230895996,9.810344636511772e-06,,
2691,2.1357740461826324,9.804475526368565e-06,,
2692,2.14689302444458,9.798606933726657e-06,,
2693,1.9186557531356812,9.792738861126365e-06,,
2694,2.0427166521549225,9.78687131110778e-06,,
2695,1.9469091594219208,9.781004286210752e-06,,
2696,1.8928536772727966,9.775137788974922e-06,,
2697,2.14996200799942,9.76927182193969e-06,,
2698,2.007041037082672,9.763406387644232e-06,,
2699,1.9210420548915863,9.75754148862749e-06,,
2700,1.7519723773002625,9.751677127428181e-06,,
2701,1.7716116309165955,9.74581330658478e-06,,
2702,1.85266774892807,9.739950028635538e-06,,
2703,2.1363943815231323,9.73408729611846e-06,,
2704,1.8800924718379974,9.728225111571322e-06,,
2705,1.8569685518741608,9.722363477531667e-06,,
2706,1.856940895318985,9.716502396536785e-06,,
2707,1.9060687124729156,9.710641871123744e-06,,
2708,2.0005662739276886,9.70478190382936e-06,,
2709,1.9130031168460846,9.69892249719021e-06,,
2710,1.8338030278682709,9.693063653742628e-06,,
2711,1.9928988218307495,9.687205376022711e-06,,
2712,1.9329617619514465,9.681347666566298e-06,,
2713,2.0401220321655273,9.675490527908992e-06,,
2714,1.747353881597519,9.669633962586151e-06,,
2715,1.9270885288715363,9.663777973132873e-06,,
2716,2.09870707988739,9.657922562084016e-06,,
2717,1.9221383333206177,9.652067731974189e-06,,
2718,1.9983823001384735,9.646213485337742e-06,,
2719,1.8414490818977356,9.640359824708777e-06,,
2720,2.006009489297867,9.634506752621146e-06,,
2721,1.8110957741737366,9.628654271608435e-06,,
2722,1.8167452812194824,9.622802384203983e-06,,
2723,1.8564350605010986,9.616951092940879e-06,,
2724,1.844643235206604,9.61110040035193e-06,,
2725,1.981661468744278,9.605250308969709e-06,,
2726,1.8586752712726593,9.59940082132652e-06,,
2727,2.048552304506302,9.5935519399544e-06,,
2728,1.885395884513855,9.587703667385128e-06,,
2729,1.9960812032222748,9.581856006150223e-06,,
2730,2.012301415205002,9.57600895878093e-06,,
2731,1.9252125322818756,9.570162527808238e-06,,
2732,1.9362900257110596,9.564316715762867e-06,,
2733,2.106020599603653,9.558471525175265e-06,,
2734,2.1868163645267487,9.552626958575611e-06,,
2735,1.875640094280243,9.546783018493823e-06,,
2736,1.7614170908927917,9.540939707459531e-06,,
2737,2.2299290001392365,9.535097028002114e-06,,
2738,2.132440894842148,9.529254982650658e-06,,
2739,1.8857515454292297,9.52341357393399e-06,,
2740,2.1221854984760284,9.517572804380651e-06,,
2741,2.2197964191436768,9.511732676518901e-06,,
2742,1.8832063376903534,9.50589319287674e-06,,
2743,1.819052904844284,9.50005435598188e-06,,
2744,2.102461099624634,9.494216168361742e-06,,
2745,2.00883412361145,9.488378632543484e-06,,
2746,2.0049032270908356,9.482541751053975e-06,,
2747,1.856750726699829,9.476705526419793e-06,,
2748,1.957678645849228,9.470869961167243e-06,,
2749,1.9233607053756714,9.46503505782234e-06,,
2750,1.6987574696540833,9.45920081891081e-06,,
2750,,,2.0853617429733275,8.04750208255245
2751,1.9243413507938385,9.453367246958095e-06,,
2752,1.91152885556221,9.447534344489349e-06,,
2753,1.9062779545783997,9.441702114029429e-06,,
2754,1.9689584374427795,9.43587055810291e-06,,
2755,2.059932976961136,9.430039679234073e-06,,
2756,1.9066417813301086,9.424209479946901e-06,,
2757,2.020871013402939,9.418379962765089e-06,,
2758,1.8821588158607483,9.412551130212032e-06,,
2759,1.913245141506195,9.40672298481083e-06,,
2760,1.7502933740615845,9.400895529084287e-06,,
2761,1.8917392492294312,9.395068765554912e-06,,
2762,1.989561915397644,9.389242696744899e-06,,
2763,1.8930824995040894,9.38341732517616e-06,,
2764,2.1318050026893616,9.377592653370302e-06,,
2765,1.5980151295661926,9.371768683848612e-06,,
2766,1.8182425796985626,9.365945419132095e-06,,
2767,1.9110738635063171,9.36012286174144e-06,,
2768,1.977081686258316,9.354301014197028e-06,,
2769,1.9694157838821411,9.348479879018937e-06,,
2770,1.975788801908493,9.342659458726941e-06,,
2771,2.001834124326706,9.33683975584049e-06,,
2772,2.133207470178604,9.331020772878737e-06,,
2773,1.914122849702835,9.325202512360523e-06,,
2774,1.8432660698890686,9.319384976804365e-06,,
2775,1.8135724365711212,9.313568168728476e-06,,
2776,1.8450138568878174,9.307752090650758e-06,,
2777,1.942980796098709,9.301936745088783e-06,,
2778,1.8421107530593872,9.296122134559814e-06,,
2779,1.702056109905243,9.2903082615808e-06,,
2780,2.041669011116028,9.284495128668359e-06,,
2781,2.025461107492447,9.278682738338803e-06,,
2782,2.0579147934913635,9.27287109310811e-06,,
2783,1.6514200270175934,9.26706019549194e-06,,
2784,1.9785004556179047,9.26125004800564e-06,,
2785,2.026204288005829,9.25544065316421e-06,,
2786,1.8560088276863098,9.249632013482342e-06,,
2787,1.813709706068039,9.243824131474398e-06,,
2788,2.0654250979423523,9.238017009654407e-06,,
2789,2.047267198562622,9.232210650536069e-06,,
2790,2.0906117856502533,9.226405056632766e-06,,
2791,1.807207703590393,9.220600230457527e-06,,
2792,1.9555829763412476,9.214796174523068e-06,,
2793,1.8222027122974396,9.208992891341767e-06,,
2794,2.000071167945862,9.203190383425658e-06,,
2795,1.9381605088710785,9.197388653286451e-06,,
2796,1.905636727809906,9.191587703435517e-06,,
2797,1.8697191178798676,9.185787536383882e-06,,
2798,1.9808704555034637,9.17998815464224e-06,,
2799,2.0997661352157593,9.174189560720948e-06,,
2800,1.9543791711330414,9.16839175713001e-06,,
2801,1.9289912581443787,9.162594746379095e-06,,
2802,2.0082954466342926,9.156798530977538e-06,,
2803,1.9609812796115875,9.15100311343431e-06,,
2804,2.1147195398807526,9.145208496258052e-06,,
2805,2.2468268275260925,9.139414681957059e-06,,
2806,1.815893977880478,9.133621673039264e-06,,
2807,1.9234789609909058,9.127829472012268e-06,,
2808,2.069102168083191,9.122038081383313e-06,,
2809,1.9012177288532257,9.11624750365929e-06,,
2810,1.6928893029689789,9.110457741346738e-06,,
2811,1.7732592821121216,9.104668796951857e-06,,
2812,2.007171154022217,9.098880672980467e-06,,
2813,1.9393783807754517,9.093093371938054e-06,,
2814,1.864887773990631,9.087306896329746e-06,,
2815,2.07028266787529,9.0815212486603e-06,,
2816,1.7844593822956085,9.075736431434128e-06,,
2817,2.285058617591858,9.069952447155274e-06,,
2818,2.086095839738846,9.06416929832743e-06,,
2819,1.9530176520347595,9.058386987453918e-06,,
2820,1.9669208526611328,9.052605517037704e-06,,
2821,2.014800250530243,9.046824889581383e-06,,
2822,1.895946979522705,9.041045107587196e-06,,
2823,1.8773160576820374,9.035266173557002e-06,,
2824,1.9763382375240326,9.029488089992307e-06,,
2825,1.9733157753944397,9.02371085939425e-06,,
2826,1.9432004392147064,9.017934484263583e-06,,
2827,1.8870959877967834,9.01215896710071e-06,,
2828,1.8607667982578278,9.006384310405646e-06,,
2829,1.8024142980575562,9.000610516678045e-06,,
2830,1.6645511090755463,8.994837588417178e-06,,
2831,2.118550956249237,8.989065528121955e-06,,
2832,1.922682285308838,8.983294338290893e-06,,
2833,2.05949005484581,8.977524021422145e-06,,
2834,1.9997606873512268,8.971754580013485e-06,,
2835,1.990621656179428,8.965986016562298e-06,,
2836,1.7397148311138153,8.960218333565603e-06,,
2837,1.931747943162918,8.954451533520029e-06,,
2838,1.9108274579048157,8.948685618921823e-06,,
2839,2.190767765045166,8.94292059226685e-06,,
2840,1.881372332572937,8.937156456050597e-06,,
2841,1.8843629360198975,8.93139321276815e-06,,
2842,1.908932089805603,8.925630864914226e-06,,
2843,2.2444330155849457,8.919869414983146e-06,,
2844,1.9105011224746704,8.91410886546884e-06,,
2845,1.8668805956840515,8.908349218864851e-06,,
2846,1.9445793330669403,8.902590477664335e-06,,
2847,1.8965151607990265,8.89683264436005e-06,,
2848,2.0873959958553314,8.891075721444362e-06,,
2849,1.9340198040008545,8.885319711409249e-06,,
2850,1.915179967880249,8.879564616746284e-06,,
2851,2.02124360203743,8.873810439946648e-06,,
2852,2.0739555954933167,8.868057183501134e-06,,
2853,1.9828686118125916,8.86230484990012e-06,,
2854,2.024723321199417,8.856553441633594e-06,,
2855,1.9301594495773315,8.85080296119115e-06,,
2856,1.9847153723239899,8.84505341106196e-06,,
2857,1.9927171766757965,8.839304793734818e-06,,
2858,2.0820924043655396,8.833557111698094e-06,,
2859,1.8702875673770905,8.827810367439765e-06,,
2860,2.0051764845848083,8.822064563447399e-06,,
2861,1.9575409889221191,8.81631970220815e-06,,
2862,2.054622918367386,8.810575786208775e-06,,
2863,1.942532330751419,8.804832817935622e-06,,
2864,1.8838942050933838,8.799090799874614e-06,,
2865,2.1200186610221863,8.793349734511278e-06,,
2866,1.8609439730644226,8.787609624330726e-06,,
2867,1.867285281419754,8.781870471817648e-06,,
2868,1.8333366513252258,8.776132279456327e-06,,
2869,2.0013685822486877,8.770395049730632e-06,,
2870,1.844636082649231,8.764658785124005e-06,,
2871,1.9161269962787628,8.758923488119481e-06,,
2872,2.049964725971222,8.753189161199676e-06,,
2873,1.8265773057937622,8.747455806846774e-06,,
2874,1.9938711524009705,8.741723427542551e-06,,
2875,1.8064663112163544,8.73599202576836e-06,,
2876,1.799787312746048,8.730261604005119e-06,,
2877,1.9006186425685883,8.724532164733336e-06,,
2878,1.9024596512317657,8.718803710433086e-06,,
2879,1.8234562575817108,8.713076243584018e-06,,
2880,1.8798917531967163,8.707349766665354e-06,,
2881,1.739496260881424,8.701624282155894e-06,,
2882,1.799725204706192,8.695899792533997e-06,,
2883,1.9835053086280823,8.690176300277596e-06,,
2884,1.949833869934082,8.684453807864202e-06,,
2885,1.9216156005859375,8.678732317770874e-06,,
2886,2.079238772392273,8.673011832474253e-06,,
2887,1.9588866531848907,8.667292354450543e-06,,
2888,2.073077231645584,8.661573886175502e-06,,
2889,1.93318310379982,8.65585643012446e-06,,
2890,2.137627899646759,8.65013998877231e-06,,
2891,1.9352984130382538,8.644424564593496e-06,,
2892,2.0455591082572937,8.638710160062032e-06,,
2893,2.1506468057632446,8.632996777651488e-06,,
2894,1.9725916981697083,8.627284419834988e-06,,
2895,1.8418624103069305,8.621573089085216e-06,,
2896,2.2041067481040955,8.615862787874404e-06,,
2897,1.9424787759780884,8.610153518674353e-06,,
2898,1.8579530715942383,8.604445283956405e-06,,
2899,1.9586726427078247,8.598738086191457e-06,,
2900,1.901407390832901,8.593031927849957e-06,,
2901,1.814122885465622,8.58732681140191e-06,,
2902,2.10809925198555,8.581622739316858e-06,,
2903,2.1253485679626465,8.575919714063896e-06,,
2904,1.9654787480831146,8.570217738111677e-06,,
2905,1.9960228502750397,8.564516813928377e-06,,
2906,2.1016250252723694,8.558816943981739e-06,,
2907,1.9495245516300201,8.553118130739034e-06,,
2908,2.1134835481643677,8.547420376667085e-06,,
2909,1.957474023103714,8.54172368423225e-06,,
2910,1.7959309220314026,8.536028055900438e-06,,
2911,1.8316398561000824,8.530333494137079e-06,,
2912,1.961934357881546,8.52464000140716e-06,,
2913,1.911998689174652,8.518947580175198e-06,,
2914,1.7708288431167603,8.51325623290524e-06,,
2915,2.008632481098175,8.507565962060878e-06,,
2916,1.831135869026184,8.501876770105237e-06,,
2917,1.9962108135223389,8.496188659500966e-06,,
2918,2.1259591579437256,8.490501632710254e-06,,
2919,2.1141715049743652,8.484815692194821e-06,,
2920,2.0823550522327423,8.47913084041591e-06,,
2921,2.0768972039222717,8.473447079834298e-06,,
2922,1.9761302769184113,8.467764412910295e-06,,
2923,2.145529866218567,8.462082842103724e-06,,
2924,1.9177216589450836,8.456402369873945e-06,,
2925,1.8267194032669067,8.45072299867984e-06,,
2926,1.7140008509159088,8.445044730979806e-06,,
2927,1.8911296129226685,8.439367569231777e-06,,
2928,2.0396432876586914,8.433691515893198e-06,,
2929,1.9414853751659393,8.428016573421032e-06,,
2930,2.260233759880066,8.422342744271771e-06,,
2931,2.0427330434322357,8.416670030901422e-06,,
2932,2.1425642669200897,8.4109984357655e-06,,
2933,1.6816115975379944,8.405327961319048e-06,,
2934,2.0498310029506683,8.399658610016615e-06,,
2935,1.6123722791671753,8.393990384312269e-06,,
2936,1.6948794424533844,8.388323286659597e-06,,
2937,1.8256663978099823,8.382657319511676e-06,,
2938,2.068874090909958,8.37699248532112e-06,,
2939,1.7408949732780457,8.371328786540035e-06,,
2940,2.077786087989807,8.365666225620038e-06,,
2941,2.0520147681236267,8.360004805012258e-06,,
2942,1.9349381029605865,8.354344527167336e-06,,
2943,1.9656060934066772,8.3486853945354e-06,,
2944,1.8010468482971191,8.343027409566099e-06,,
2945,1.8897806704044342,8.337370574708584e-06,,
2946,1.6604352295398712,8.331714892411492e-06,,
2947,2.121986538171768,8.326060365122983e-06,,
2948,2.0193199813365936,8.320406995290703e-06,,
2949,2.050339013338089,8.314754785361801e-06,,
2950,2.027862936258316,8.309103737782922e-06,,
2951,1.936737447977066,8.303453855000215e-06,,
2952,2.030275344848633,8.297805139459313e-06,,
2953,1.6673000752925873,8.292157593605352e-06,,
2954,1.802083671092987,8.286511219882964e-06,,
2955,1.9405714571475983,8.280866020736262e-06,,
2956,1.9631438255310059,8.275221998608864e-06,,
2957,1.9497653245925903,8.26957915594387e-06,,
2958,1.8234171569347382,8.263937495183872e-06,,
2959,1.9242424666881561,8.25829701877095e-06,,
2960,2.004571318626404,8.252657729146677e-06,,
2961,2.090819537639618,8.247019628752095e-06,,
2962,1.9966872930526733,8.241382720027754e-06,,
2963,1.8031097054481506,8.235747005413676e-06,,
2964,1.9992969632148743,8.230112487349362e-06,,
2965,2.02412685751915,8.224479168273803e-06,,
2966,1.8668566048145294,8.218847050625474e-06,,
2967,2.0795691907405853,8.213216136842316e-06,,
2968,1.9318069517612457,8.207586429361762e-06,,
2969,1.981160819530487,8.20195793062072e-06,,
2970,1.7944263815879822,8.196330643055565e-06,,
2971,1.946831226348877,8.190704569102166e-06,,
2972,2.019634574651718,8.185079711195845e-06,,
2973,1.8869141340255737,8.179456071771419e-06,,
2974,2.0324805676937103,8.173833653263164e-06,,
2975,1.9813737273216248,8.168212458104829e-06,,
2976,1.919319987297058,8.162592488729637e-06,,
2977,1.7830317318439484,8.156973747570282e-06,,
2978,1.792021095752716,8.151356237058919e-06,,
2979,1.875184029340744,8.145739959627172e-06,,
2980,1.924482136964798,8.140124917706143e-06,,
2981,1.8694288432598114,8.134511113726382e-06,,
2982,1.9688809514045715,8.128898550117911e-06,,
2983,1.9056123495101929,8.123287229310223e-06,,
2984,2.105813682079315,8.117677153732256e-06,,
2985,1.8066192269325256,8.112068325812421e-06,,
2986,1.9172313809394836,8.106460747978594e-06,,
2987,1.8937093019485474,8.100854422658089e-06,,
2988,1.8539996147155762,8.0952493522777e-06,,
2989,1.6575569212436676,8.089645539263666e-06,,
2990,1.898412138223648,8.084042986041683e-06,,
2991,2.082206606864929,8.078441695036902e-06,,
2992,2.0500112175941467,8.072841668673935e-06,,
2993,1.8702230155467987,8.067242909376833e-06,,
2994,1.899071216583252,8.061645419569108e-06,,
2995,1.9799287021160126,8.056049201673726e-06,,
2996,1.8121830523014069,8.050454258113088e-06,,
2997,2.167566180229187,8.044860591309056e-06,,
2998,2.0865099728107452,8.039268203682938e-06,,
2999,1.9998558163642883,8.03367709765548e-06,,
3000,1.9477564692497253,8.02808727564688e-06,,
3000,,,2.0847650140523912,8.04270133783256
3001,1.9802591800689697,8.022498740076787e-06,,
3002,1.8548849821090698,8.016911493364274e-06,,
3003,2.126885622739792,8.011325537927873e-06,,
3004,2.0346703231334686,8.005740876185554e-06,,
3005,1.8884595036506653,8.000157510554717e-06,,
3006,1.9674005508422852,7.994575443452219e-06,,
3007,1.9295744597911835,7.988994677294334e-06,,
3008,1.9181391298770905,7.983415214496789e-06,,
3009,2.208438813686371,7.97783705747474e-06,,
3010,1.828099548816681,7.972260208642774e-06,,
3011,2.084254503250122,7.966684670414922e-06,,
3012,1.890182226896286,7.961110445204644e-06,,
3013,1.9478457570075989,7.955537535424822e-06,,
3014,1.9195042848587036,7.94996594348778e-06,,
3015,1.8212943971157074,7.944395671805274e-06,,
3016,2.0243405401706696,7.938826722788473e-06,,
3017,1.9127954244613647,7.93325909884799e-06,,
3018,1.732553243637085,7.927692802393854e-06,,
3019,1.9354078471660614,7.922127835835523e-06,,
3020,2.0769394636154175,7.916564201581878e-06,,
3021,1.9152768850326538,7.911001902041227e-06,,
3022,1.7361516058444977,7.905440939621295e-06,,
3023,2.078679174184799,7.899881316729233e-06,,
3024,1.9599407613277435,7.89432303577161e-06,,
3025,2.138819456100464,7.888766099154412e-06,,
3026,1.8780600726604462,7.883210509283047e-06,,
3027,1.843675285577774,7.877656268562339e-06,,
3028,1.9116995930671692,7.872103379396523e-06,,
3029,2.06039035320282,7.866551844189256e-06,,
3030,1.9802923500537872,7.861001665343608e-06,,
3031,1.927268236875534,7.855452845262055e-06,,
3032,1.973237007856369,7.849905386346494e-06,,
3033,2.1638720631599426,7.84435929099823e-06,,
3034,1.9950104653835297,7.83881456161797e-06,,
3035,2.205483138561249,7.833271200605841e-06,,
3036,1.8663007020950317,7.827729210361373e-06,,
3037,2.001011461019516,7.822188593283501e-06,,
3038,1.8680779337882996,7.816649351770565e-06,,
3039,1.8873229622840881,7.811111488220316e-06,,
3040,1.9041028320789337,7.805575005029899e-06,,
3041,2.08160138130188,7.80003990459587e-06,,
3042,1.8952819108963013,7.794506189314184e-06,,
3043,1.7927725315093994,7.788973861580192e-06,,
3044,1.8293691277503967,7.783442923788648e-06,,
3045,2.1642677187919617,7.777913378333711e-06,,
3046,2.0976699590682983,7.77238522760892e-06,,
3047,2.0107398331165314,7.76685847400723e-06,,
3048,1.8287858664989471,7.761333119920978e-06,,
3049,1.9594644904136658,7.755809167741896e-06,,
3050,1.9907779693603516,7.750286619861119e-06,,
3051,2.158095359802246,7.744765478669159e-06,,
3052,1.8871269822120667,7.739245746555934e-06,,
3053,2.0040954053401947,7.733727425910748e-06,,
3054,1.9961997270584106,7.728210519122284e-06,,
3055,2.1288445591926575,7.722695028578625e-06,,
3056,1.87895929813385,7.71718095666724e-06,,
3057,1.908202439546585,7.71166830577497e-06,,
3058,1.8653881251811981,7.706157078288064e-06,,
3059,1.881389319896698,7.700647276592135e-06,,
3060,2.0488907992839813,7.695138903072185e-06,,
3061,2.0591407120227814,7.689631960112601e-06,,
3062,1.7108256816864014,7.684126450097153e-06,,
3063,2.0512991845607758,7.678622375408976e-06,,
3064,1.9298970401287079,7.673119738430604e-06,,
3065,1.7118873298168182,7.667618541543937e-06,,
3066,2.037086933851242,7.662118787130249e-06,,
3067,1.9843075573444366,7.656620477570196e-06,,
3068,1.8077269494533539,7.65112361524381e-06,,
3069,2.048779606819153,7.645628202530487e-06,,
3070,2.0235931873321533,7.640134241809004e-06,,
3071,1.9907584488391876,7.63464173545751e-06,,
3072,1.791955441236496,7.629150685853519e-06,,
3073,1.832157552242279,7.623661095373914e-06,,
3074,1.897061675786972,7.618172966394958e-06,,
3075,1.9270808100700378,7.612686301292263e-06,,
3076,1.7254299223423004,7.607201102440822e-06,,
3077,2.013209968805313,7.601717372214988e-06,,
3078,2.0176826417446136,7.59623511298848e-06,,
3079,1.8153032660484314,7.590754327134374e-06,,
3080,1.8140171766281128,7.585275017025122e-06,,
3081,1.9166880548000336,7.579797185032516e-06,,
3082,1.8363229930400848,7.574320833527728e-06,,
3083,2.090534120798111,7.5688459648812875e-06,,
3084,2.1153637766838074,7.563372581463063e-06,,
3085,2.1916165351867676,7.5579006856423025e-06,,
3086,1.896939754486084,7.552430279787598e-06,,
3087,1.8995373845100403,7.5469613662669015e-06,,
3088,2.0052479207515717,7.541493947447514e-06,,
3089,1.914657175540924,7.536028025696095e-06,,
3090,1.9229674339294434,7.5305636033786506e-06,,
3091,1.9648419320583344,7.5251006828605456e-06,,
3092,1.777496188879013,7.519639266506484e-06,,
3093,2.1664009988307953,7.514179356680525e-06,,
3094,1.839157223701477,7.508720955746083e-06,,
3095,1.9960818588733673,7.503264066065903e-06,,
3096,1.7957366406917572,7.497808690002088e-06,,
3097,1.861439287662506,7.492354829916084e-06,,
3098,1.9126318991184235,7.486902488168674e-06,,
3099,1.8460648357868195,7.48145166711999e-06,,
3100,1.8904231488704681,7.476002369129509e-06,,
3101,1.925918698310852,7.470554596556037e-06,,
3102,2.180538386106491,7.465108351757729e-06,,
3103,1.9171431064605713,7.4596636370920835e-06,,
3104,2.012583374977112,7.454220454915919e-06,,
3105,2.04720401763916,7.448778807585407e-06,,
3106,1.9135015904903412,7.443338697456052e-06,,
3107,2.0566129982471466,7.4379001268826865e-06,,
3108,2.0547046065330505,7.432463098219475e-06,,
3109,2.028996914625168,7.427027613819929e-06,,
3110,1.9020567834377289,7.4215936760368745e-06,,
3111,2.015764981508255,7.416161287222479e-06,,
3112,1.9169326722621918,7.410730449728241e-06,,
3113,1.8692432641983032,7.405301165904972e-06,,
3114,2.0978689789772034,7.399873438102828e-06,,
3115,1.8007898032665253,7.394447268671289e-06,,
3116,2.012731820344925,7.389022659959148e-06,,
3117,2.0551990270614624,7.3835996143145385e-06,,
3118,1.904578298330307,7.378178134084907e-06,,
3119,1.9657053053379059,7.372758221617023e-06,,
3120,1.873712569475174,7.367339879256979e-06,,
3121,1.9851708114147186,7.361923109350196e-06,,
3122,1.8696478009223938,7.3565079142414005e-06,,
3123,1.903428316116333,7.351094296274642e-06,,
3124,1.9271690547466278,7.345682257793297e-06,,
3125,1.8498886823654175,7.340271801140042e-06,,
3126,2.0602402091026306,7.3348629286568834e-06,,
3127,2.142246812582016,7.329455642685129e-06,,
3128,1.8352008163928986,7.3240499455654105e-06,,
3129,2.1222749650478363,7.3186458396376714e-06,,
3130,2.00876921415329,7.313243327241153e-06,,
3131,1.9971757233142853,7.307842410714422e-06,,
3132,1.9490911364555359,7.302443092395352e-06,,
3133,1.641840010881424,7.297045374621117e-06,,
3134,1.894304633140564,7.291649259728203e-06,,
3135,1.959835946559906,7.286254750052407e-06,,
3136,1.8809816539287567,7.2808618479288184e-06,,
3137,2.124856412410736,7.275470555691845e-06,,
3138,1.876383364200592,7.270080875675189e-06,,
3139,2.044085681438446,7.264692810211856e-06,,
3140,1.8753058314323425,7.259306361634152e-06,,
3141,1.8976914882659912,7.253921532273691e-06,,
3142,2.083157479763031,7.248538324461374e-06,,
3143,2.136768341064453,7.243156740527409e-06,,
3144,2.0045629739761353,7.2377767828012985e-06,,
3145,1.8619517087936401,7.232398453611837e-06,,
3146,2.0873893797397614,7.227021755287117e-06,,
3147,1.9772303402423859,7.2216466901545354e-06,,
3148,2.0782124400138855,7.21627326054076e-06,,
3149,1.9243003129959106,7.210901468771772e-06,,
3150,1.861426681280136,7.205531317172831e-06,,
3151,1.9266493618488312,7.20016280806849e-06,,
3152,2.1763326227664948,7.194795943782593e-06,,
3153,1.8818166851997375,7.189430726638269e-06,,
3154,1.949767142534256,7.184067158957939e-06,,
3155,1.945644348859787,7.178705243063297e-06,,
3156,1.5889831185340881,7.173344981275347e-06,,
3157,2.2374799251556396,7.167986375914347e-06,,
3158,2.250288188457489,7.162629429299858e-06,,
3159,1.835812270641327,7.157274143750718e-06,,
3160,1.893716275691986,7.151920521585045e-06,,
3161,1.8730497658252716,7.146568565120238e-06,,
3162,2.0535358488559723,7.141218276672973e-06,,
3163,1.9221628606319427,7.135869658559205e-06,,
3164,2.023562401533127,7.1305227130941675e-06,,
3165,2.036096751689911,7.125177442592368e-06,,
3166,1.8894184231758118,7.119833849367586e-06,,
3167,1.899803638458252,7.1144919357328905e-06,,
3168,1.8986215591430664,7.109151704000596e-06,,
3169,2.156443178653717,7.103813156482317e-06,,
3170,2.009978860616684,7.098476295488922e-06,,
3171,1.9959774017333984,7.093141123330552e-06,,
3172,1.9526285231113434,7.087807642316623e-06,,
3173,1.9024670124053955,7.082475854755811e-06,,
3174,1.7898664474487305,7.077145762956066e-06,,
3175,1.7384151220321655,7.071817369224596e-06,,
3176,1.97248974442482,7.066490675867889e-06,,
3177,2.165735125541687,7.061165685191672e-06,,
3178,1.9539900124073029,7.0558423995009645e-06,,
3179,1.91384819149971,7.050520821100025e-06,,
3180,1.982702374458313,7.045200952292383e-06,,
3181,1.9838443100452423,7.039882795380828e-06,,
3182,1.9496211111545563,7.034566352667405e-06,,
3183,1.8921044170856476,7.029251626453416e-06,,
3184,2.0519205033779144,7.023938619039423e-06,,
3185,1.9464425444602966,7.018627332725253e-06,,
3186,1.9985137283802032,7.013317769809966e-06,,
3187,1.812349945306778,7.008009932591895e-06,,
3188,1.9084002673625946,7.00270382336862e-06,,
3189,1.901971846818924,6.99739944443697e-06,,
3190,1.9067946076393127,6.992096798093031e-06,,
3191,1.8318299055099487,6.986795886632134e-06,,
3192,1.922571837902069,6.981496712348857e-06,,
3193,1.9002892076969147,6.976199277537033e-06,,
3194,1.5587694942951202,6.970903584489745e-06,,
3195,2.076009839773178,6.965609635499302e-06,,
3196,1.7152457535266876,6.960317432857285e-06,,
3197,1.8105516731739044,6.955026978854501e-06,,
3198,1.9042491018772125,6.949738275781003e-06,,
3199,1.949399471282959,6.944451325926086e-06,,
3200,1.8508451879024506,6.939166131578303e-06,,
3201,1.7383514642715454,6.933882695025413e-06,,
3202,1.6725962460041046,6.928601018554444e-06,,
3203,1.8029261529445648,6.92332110445165e-06,,
3204,1.826292097568512,6.91804295500252e-06,,
3205,1.717372715473175,6.912766572491791e-06,,
3206,1.8407374024391174,6.907491959203416e-06,,
3207,1.8347785770893097,6.902219117420601e-06,,
3208,1.7229023277759552,6.896948049425778e-06,,
3209,1.7706685364246368,6.891678757500606e-06,,
3210,1.8848887085914612,6.886411243925979e-06,,
3211,1.9167930781841278,6.8811455109820316e-06,,
3212,1.579704999923706,6.875881560948106e-06,,
3213,1.664498656988144,6.870619396102786e-06,,
3214,1.7748660743236542,6.8653590187238936e-06,,
3215,1.924401730298996,6.860100431088447e-06,,
3216,2.004361003637314,6.85484363547272e-06,,
3217,2.0755900740623474,6.849588634152194e-06,,
3218,1.8671121895313263,6.8443354294015795e-06,,
3219,1.9371404647827148,6.8390840234948e-06,,
3220,1.8915603756904602,6.8338344187050235e-06,,
3221,1.8452978432178497,6.828586617304606e-06,,
3222,1.8306330740451813,6.823340621565151e-06,,
3223,1.9265546798706055,6.818096433757467e-06,,
3224,1.9044162929058075,6.8128540561515755e-06,,
3225,1.9354187548160553,6.807613491016727e-06,,
3226,1.843724399805069,6.8023747406213806e-06,,
3227,1.8895504176616669,6.797137807233211e-06,,
3228,1.6033437252044678,6.791902693119101e-06,,
3229,1.8578107059001923,6.786669400545161e-06,,
3230,1.9013424217700958,6.781437931776693e-06,,
3231,1.9445697963237762,6.776208289078225e-06,,
3232,1.7456908524036407,6.7709804747134865e-06,,
3233,1.6516764760017395,6.765754490945419e-06,,
3234,1.8208699822425842,6.7605303400361686e-06,,
3235,1.7863195836544037,6.755308024247095e-06,,
3236,1.73375004529953,6.750087545838754e-06,,
3237,1.8564743101596832,6.744868907070906e-06,,
3238,2.016162097454071,6.739652110202535e-06,,
3239,1.9308376014232635,6.734437157491796e-06,,
3240,1.757409691810608,6.729224051196076e-06,,
3241,2.0547581613063812,6.724012793571932e-06,,
3242,1.9195460975170135,6.7188033868751554e-06,,
3243,1.8449312448501587,6.713595833360708e-06,,
3244,1.733144462108612,6.708390135282764e-06,,
3245,2.0345762968063354,6.7031862948946905e-06,,
3246,1.8785512149333954,6.6979843144490475e-06,,
3247,1.7550956010818481,6.692784196197595e-06,,
3248,1.9461382329463959,6.687585942391284e-06,,
3249,1.6976898610591888,6.682389555280264e-06,,
3250,1.698019802570343,6.677195037113862e-06,,
3250,,,2.091956353187561,8.1007475957221
3251,1.7827445566654205,6.6720023901406145e-06,,
3252,1.4566995948553085,6.666811616608236e-06,,
3253,1.785899132490158,6.661622718763634e-06,,
3254,1.83062943816185,6.656435698852902e-06,,
3255,1.9329106211662292,6.651250559121322e-06,,
3256,1.73824143409729,6.6460673018133656e-06,,
3257,1.8897556364536285,6.640885929172678e-06,,
3258,1.741795837879181,6.63570644344211e-06,,
3259,1.788926124572754,6.630528846863668e-06,,
3260,1.8419840931892395,6.6253531416785635e-06,,
3261,1.7821191251277924,6.62017933012718e-06,,
3262,1.7268986999988556,6.61500741444908e-06,,
3263,2.120170146226883,6.6098373968830085e-06,,
3264,2.1774204671382904,6.604669279666886e-06,,
3265,1.481727957725525,6.599503065037814e-06,,
3266,1.926788568496704,6.5943387552320665e-06,,
3267,1.9725704789161682,6.589176352485101e-06,,
3268,2.0680392682552338,6.584015859031534e-06,,
3269,1.79914191365242,6.578857277105173e-06,,
3270,1.684998244047165,6.573700608938987e-06,,
3271,1.9381535351276398,6.568545856765122e-06,,
3272,1.8856610357761383,6.56339302281489e-06,,
3273,1.7469878792762756,6.558242109318774e-06,,
3274,2.0240362882614136,6.553093118506431e-06,,
3275,1.7024075984954834,6.547946052606675e-06,,
3276,2.0622004568576813,6.542800913847502e-06,,
3277,1.8795185685157776,6.537657704456056e-06,,
3278,1.7910268306732178,6.532516426658665e-06,,
3279,1.8784314692020416,6.5273770826807985e-06,,
3280,2.069568455219269,6.5222396747471116e-06,,
3281,1.9354712963104248,6.517104205081408e-06,,
3282,1.6780226230621338,6.511970675906653e-06,,
3283,1.9986622333526611,6.506839089444975e-06,,
3284,2.097698897123337,6.501709447917664e-06,,
3285,1.8042111694812775,6.496581753545161e-06,,
3286,1.8241319954395294,6.491456008547067e-06,,
3287,1.6712532341480255,6.4863322151421505e-06,,
3288,1.8904364705085754,6.481210375548309e-06,,
3289,1.8086539804935455,6.476090491982623e-06,,
3290,1.8012762367725372,6.470972566661306e-06,,
3291,1.7237392365932465,6.465856601799736e-06,,
3292,1.6127745807170868,6.460742599612435e-06,,
3293,1.8519201576709747,6.45563056231308e-06,,
3294,1.8740699887275696,6.450520492114494e-06,,
3295,1.9183713793754578,6.445412391228649e-06,,
3296,2.0572902858257294,6.440306261866671e-06,,
3297,1.8018386363983154,6.435202106238819e-06,,
3298,2.0581242442131042,6.430099926554515e-06,,
3299,1.8860605657100677,6.424999725022309e-06,,
3300,1.5545084178447723,6.419901503849907e-06,,
3301,1.7085026800632477,6.414805265244153e-06,,
3302,1.782691329717636,6.409711011411029e-06,,
3303,1.7680648267269135,6.4046187445556645e-06,,
3304,1.7605698704719543,6.399528466882323e-06,,
3305,1.7806078791618347,6.3944401805944195e-06,,
3306,1.925889402627945,6.389353887894486e-06,,
3307,1.8873459100723267,6.384269590984207e-06,,
3308,1.8013992309570312,6.379187292064405e-06,,
3309,1.9762560725212097,6.374106993335026e-06,,
3310,1.8113809823989868,6.369028696995158e-06,,
3311,1.7271610498428345,6.3639524052430176e-06,,
3312,2.055303394794464,6.35887812027596e-06,,
3313,1.7282384037971497,6.353805844290463e-06,,
3314,1.7263029217720032,6.348735579482151e-06,,
3315,2.0279791951179504,6.343667328045752e-06,,
3316,1.868195116519928,6.338601092175147e-06,,
3317,1.9164118468761444,6.333536874063334e-06,,
3318,1.7689431309700012,6.328474675902435e-06,,
3319,1.9110100865364075,6.3234144998837015e-06,,
3320,1.7806244194507599,6.318356348197513e-06,,
3321,1.7692631483078003,6.3133002230333645e-06,,
3322,2.0529651045799255,6.3082461265798794e-06,,
3323,2.0159401297569275,6.303194061024803e-06,,
3324,1.915412724018097,6.298144028554995e-06,,
3325,1.9026146233081818,6.293096031356451e-06,,
3326,1.8589099645614624,6.288050071614262e-06,,
3327,1.9686033725738525,6.28300615151266e-06,,
3328,1.7899675369262695,6.2779642732349815e-06,,
3329,1.8011750280857086,6.2729244389636775e-06,,
3330,1.7433246076107025,6.267886650880323e-06,,
3331,1.7874307334423065,6.262850911165602e-06,,
3332,1.8534311950206757,6.25781722199931e-06,,
3333,1.8070074319839478,6.252785585560356e-06,,
3334,1.872834026813507,6.247756004026772e-06,,
3335,1.756679117679596,6.242728479575676e-06,,
3336,2.1223912239074707,6.23770301438332e-06,,
3337,1.9388199150562286,6.232679610625052e-06,,
3338,1.822871744632721,6.22765827047533e-06,,
3339,1.7264075875282288,6.222638996107715e-06,,
3340,1.5060507357120514,6.217621789694889e-06,,
3341,1.725569635629654,6.212606653408615e-06,,
3342,1.8464246094226837,6.207593589419776e-06,,
3343,1.950360268354416,6.202582599898362e-06,,
3344,1.7902635335922241,6.197573687013444e-06,,
3345,1.8406895399093628,6.192566852933219e-06,,
3346,1.6834296584129333,6.187562099824968e-06,,
3347,1.8758331537246704,6.182559429855079e-06,,
3348,2.0416828989982605,6.177558845189028e-06,,
3349,1.8258306086063385,6.172560347991409e-06,,
3350,1.6837425529956818,6.167563940425882e-06,,
3351,1.8888399004936218,6.162569624655234e-06,,
3352,1.888896882534027,6.157577402841328e-06,,
3353,1.813536822795868,6.152587277145115e-06,,
3354,1.8561183512210846,6.147599249726662e-06,,
3355,1.7661984264850616,6.142613322745106e-06,,
3356,2.018064260482788,6.137629498358687e-06,,
3357,1.8624120652675629,6.132647778724727e-06,,
3358,1.8035406470298767,6.127668165999643e-06,,
3359,1.8830645978450775,6.1226906623389335e-06,,
3360,1.9527645409107208,6.117715269897198e-06,,
3361,1.7513245046138763,6.112741990828097e-06,,
3362,2.0034134685993195,6.107770827284405e-06,,
3363,1.684898555278778,6.1028017814179665e-06,,
3364,1.8156507909297943,6.097834855379699e-06,,
3365,1.9571812748908997,6.092870051319622e-06,,
3366,1.6523162126541138,6.087907371386828e-06,,
3367,1.9261046946048737,6.0829468177294865e-06,,
3368,1.876671940088272,6.07798839249485e-06,,
3369,1.7626999616622925,6.073032097829256e-06,,
3370,1.7439447045326233,6.068077935878105e-06,,
3371,1.7225888967514038,6.063125908785889e-06,,
3372,1.7784083485603333,6.058176018696167e-06,,
3373,1.916908085346222,6.053228267751577e-06,,
3374,1.9172727465629578,6.048282658093827e-06,,
3375,1.9941763579845428,6.043339191863705e-06,,
3376,1.8971011638641357,6.038397871201062e-06,,
3377,1.7406686842441559,6.033458698244826e-06,,
3378,2.064730942249298,6.0285216751330036e-06,,
3379,1.8952834010124207,6.023586804002648e-06,,
3380,1.8806955218315125,6.0186540869899056e-06,,
3381,1.9357028007507324,6.013723526229973e-06,,
3382,1.860433429479599,6.008795123857124e-06,,
3383,1.7118087708950043,6.003868882004692e-06,,
3384,1.8923265635967255,5.998944802805076e-06,,
3385,1.7112702429294586,5.994022888389743e-06,,
3386,1.8698964715003967,5.989103140889214e-06,,
3387,1.9980506598949432,5.984185562433089e-06,,
3388,2.051534503698349,5.979270155150005e-06,,
3389,1.761397659778595,5.974356921167681e-06,,
3390,1.8011358082294464,5.969445862612884e-06,,
3391,1.8804207742214203,5.964536981611443e-06,,
3392,2.0872990787029266,5.959630280288242e-06,,
3393,1.7684446573257446,5.954725760767223e-06,,
3394,1.9766052663326263,5.949823425171383e-06,,
3395,1.9283978343009949,5.944923275622775e-06,,
3396,1.7388490438461304,5.940025314242502e-06,,
3397,1.8385745882987976,5.935129543150724e-06,,
3398,1.9447934329509735,5.930235964466654e-06,,
3399,1.8926504850387573,5.925344580308548e-06,,
3400,1.8855696320533752,5.9204553927937235e-06,,
3401,1.977378100156784,5.91556840403854e-06,,
3402,1.9343131184577942,5.910683616158403e-06,,
3403,1.8170107007026672,5.905801031267769e-06,,
3404,1.8961946666240692,5.900920651480144e-06,,
3405,1.794622004032135,5.896042478908074e-06,,
3406,1.7413007616996765,5.891166515663147e-06,,
3407,1.7058827579021454,5.886292763856011e-06,,
3408,1.8264679312705994,5.881421225596331e-06,,
3409,1.8239792585372925,5.8765519029928395e-06,,
3410,1.9219825565814972,5.871684798153293e-06,,
3411,2.0289970338344574,5.866819913184496e-06,,
3412,2.052192211151123,5.861957250192284e-06,,
3413,1.786319077014923,5.857096811281541e-06,,
3414,1.9139882326126099,5.852238598556181e-06,,
3415,1.7044983208179474,5.847382614119155e-06,,
3416,2.0440126955509186,5.842528860072459e-06,,
3417,1.9395734667778015,5.837677338517104e-06,,
3418,2.074997514486313,5.832828051553155e-06,,
3419,1.8772594332695007,5.827981001279701e-06,,
3420,1.6691904664039612,5.823136189794859e-06,,
3421,1.7518193125724792,5.818293619195783e-06,,
3422,1.7587269246578217,5.813453291578654e-06,,
3423,1.7350055277347565,5.8086152090386825e-06,,
3424,1.9287650883197784,5.803779373670104e-06,,
3425,1.9462969899177551,5.798945787566197e-06,,
3426,1.982784241437912,5.794114452819238e-06,,
3427,1.8186268210411072,5.789285371520558e-06,,
3428,1.791157066822052,5.7844585457604926e-06,,
3429,1.721811830997467,5.779633977628412e-06,,
3430,1.9477441012859344,5.774811669212703e-06,,
3431,1.8267455101013184,5.769991622600778e-06,,
3432,2.0160445868968964,5.765173839879067e-06,,
3433,1.829764187335968,5.760358323133024e-06,,
3434,1.8813617825508118,5.755545074447119e-06,,
3435,1.8303812444210052,5.750734095904838e-06,,
3436,1.7305848002433777,5.745925389588697e-06,,
3437,1.8066939115524292,5.7411189575802074e-06,,
3438,1.8603570461273193,5.736314801959918e-06,,
3439,1.8205752670764923,5.7315129248073765e-06,,
3440,1.8878760635852814,5.7267133282011515e-06,,
3441,1.7848116755485535,5.7219160142188226e-06,,
3442,1.981108397245407,5.717120984936982e-06,,
3443,2.2011377215385437,5.7123282424312305e-06,,
3444,1.9444465339183807,5.70753778877618e-06,,
3445,1.936953365802765,5.702749626045461e-06,,
3446,1.7714905142784119,5.697963756311691e-06,,
3447,1.8545171618461609,5.693180181646519e-06,,
3448,1.8841099441051483,5.688398904120585e-06,,
3449,1.713193267583847,5.683619925803538e-06,,
3450,1.8273259699344635,5.678843248764037e-06,,
3451,1.9735669493675232,5.674068875069736e-06,,
3452,1.690497249364853,5.669296806787299e-06,,
3453,1.848690003156662,5.664527045982387e-06,,
3454,2.030603766441345,5.659759594719673e-06,,
3455,1.883929580450058,5.654994455062811e-06,,
3456,1.8014891147613525,5.650231629074474e-06,,
3457,1.7723551094532013,5.645471118816322e-06,,
3458,1.878603219985962,5.640712926349015e-06,,
3459,1.7898630201816559,5.635957053732212e-06,,
3460,1.897221028804779,5.631203503024566e-06,,
3461,1.8713247179985046,5.626452276283724e-06,,
3462,1.784311294555664,5.621703375566325e-06,,
3463,2.024527907371521,5.6169568029280165e-06,,
3464,1.9783995449543,5.61221256042341e-06,,
3465,1.8666900396347046,5.607470650106134e-06,,
3466,1.7802249789237976,5.602731074028797e-06,,
3467,1.7317736446857452,5.5979938342429975e-06,,
3468,1.8240382671356201,5.593258932799319e-06,,
3469,1.8720789551734924,5.5885263717473465e-06,,
3470,1.5190314054489136,5.583796153135633e-06,,
3471,2.107117474079132,5.5790682790117326e-06,,
3472,2.073676198720932,5.5743427514221755e-06,,
3473,1.7578601241111755,5.5696195724124765e-06,,
3474,1.8317278921604156,5.5648987440271495e-06,,
3475,1.9900468289852142,5.560180268309663e-06,,
3476,1.7402212917804718,5.555464147302492e-06,,
3477,1.7442968785762787,5.55075038304708e-06,,
3478,1.7125871777534485,5.546038977583855e-06,,
3479,1.851538985967636,5.541329932952214e-06,,
3480,2.2634513080120087,5.536623251190553e-06,,
3481,1.9004752337932587,5.531918934336223e-06,,
3482,1.777538388967514,5.5272169844255595e-06,,
3483,1.8046619892120361,5.522517403493882e-06,,
3484,1.7637932896614075,5.517820193575467e-06,,
3485,2.0674715638160706,5.5131253567035835e-06,,
3486,1.948323905467987,5.50843289491046e-06,,
3487,1.6460302472114563,5.503742810227303e-06,,
3488,1.4780956506729126,5.499055104684285e-06,,
3489,2.0718313455581665,5.49436978031056e-06,,
3490,1.8527976274490356,5.489686839134232e-06,,
3491,1.989778846502304,5.485006283182393e-06,,
3492,1.7172260880470276,5.480328114481096e-06,,
3493,1.9965324997901917,5.4756523350553506e-06,,
3494,1.726363331079483,5.470978946929145e-06,,
3495,1.8632209300994873,5.4663079521254275e-06,,
3496,1.7897575199604034,5.46163935266611e-06,,
3497,1.747806966304779,5.456973150572068e-06,,
3498,1.891793668270111,5.452309347863143e-06,,
3499,1.9554774761199951,5.447647946558128e-06,,
3500,1.8634767830371857,5.4429889486747875e-06,,
3500,,,2.0972105503082275,8.143422533506666
3501,1.7446900308132172,5.438332356229841e-06,,
3502,1.787058800458908,5.433678171238963e-06,,
3503,1.7227745950222015,5.429026395716793e-06,,
3504,1.8598411679267883,5.4243770316769245e-06,,
3505,1.975095510482788,5.419730081131904e-06,,
3506,1.7738724946975708,5.415085546093235e-06,,
3507,1.9520363807678223,5.410443428571385e-06,,
3508,1.753173440694809,5.405803730575755e-06,,
3509,1.87288236618042,5.401166454114723e-06,,
3510,1.865030825138092,5.39653160119559e-06,,
3511,1.8428221344947815,5.391899173824637e-06,,
3512,1.5559635162353516,5.387269174007078e-06,,
3513,1.8579538762569427,5.382641603747081e-06,,
3514,1.968510001897812,5.378016465047758e-06,,
3515,1.8228016793727875,5.373393759911176e-06,,
3516,1.7592057883739471,5.3687734903383434e-06,,
3517,1.9864148795604706,5.364155658329212e-06,,
3518,2.173042804002762,5.3595402658826904e-06,,
3519,1.962322473526001,5.354927314996613e-06,,
3520,1.8935869336128235,5.350316807667774e-06,,
3521,2.047892242670059,5.3457087458919005e-06,,
3522,1.874631017446518,5.341103131663664e-06,,
3523,1.830570101737976,5.336499966976675e-06,,
3524,1.7771029770374298,5.3318992538234866e-06,,
3525,1.7506775856018066,5.3273009941955865e-06,,
3526,1.7534497380256653,5.322705190083402e-06,,
3527,1.9077410399913788,5.318111843476306e-06,,
3528,1.9902465045452118,5.313520956362585e-06,,
3529,1.7336730659008026,5.308932530729491e-06,,
3530,1.7812084555625916,5.304346568563187e-06,,
3531,1.9240869283676147,5.299763071848779e-06,,
3532,1.8726153075695038,5.295182042570306e-06,,
3533,1.8956433236598969,5.290603482710736e-06,,
3534,1.8916731476783752,5.286027394251972e-06,,
3535,2.0590230226516724,5.281453779174837e-06,,
3536,1.933870255947113,5.276882639459105e-06,,
3537,1.879525899887085,5.272313977083451e-06,,
3538,1.7978061735630035,5.2677477940255e-06,,
3539,1.9898163378238678,5.263184092261792e-06,,
3540,1.6564570367336273,5.258622873767798e-06,,
3541,1.5620029866695404,5.25406414051791e-06,,
3542,1.7644589245319366,5.249507894485446e-06,,
3543,1.8247275352478027,5.2449541376426496e-06,,
3544,1.9444443583488464,5.240402871960681e-06,,
3545,1.9070204198360443,5.235854099409636e-06,,
3546,1.7769700288772583,5.231307821958508e-06,,
3547,1.7394367158412933,5.226764041575232e-06,,
3548,1.7956803441047668,5.222222760226655e-06,,
3549,1.808996319770813,5.217683979878536e-06,,
3550,1.7435939610004425,5.21314770249556e-06,,
3551,1.9772381484508514,5.208613930041322e-06,,
3552,1.9586769938468933,5.2040826644783395e-06,,
3553,1.8583972752094269,5.199553907768037e-06,,
3554,1.9127910733222961,5.19502766187076e-06,,
3555,1.8444414734840393,5.190503928745759e-06,,
3556,1.7496403753757477,5.185982710351213e-06,,
3557,1.735702097415924,5.181464008644189e-06,,
3558,1.8536128401756287,5.176947825580685e-06,,
3559,1.8030526638031006,5.172434163115599e-06,,
3560,1.8087716102600098,5.167923023202739e-06,,
3561,1.8128876388072968,5.1634144077948225e-06,,
3562,1.9630959033966064,5.1589083188434735e-06,,
3563,1.687944620847702,5.154404758299223e-06,,
3564,1.7749861180782318,5.149903728111501e-06,,
3565,1.577895313501358,5.145405230228661e-06,,
3566,2.047481596469879,5.140909266597935e-06,,
3567,1.7641328573226929,5.136415839165476e-06,,
3568,1.8884658515453339,5.131924949876337e-06,,
3569,1.9148002564907074,5.127436600674462e-06,,
3570,1.6913640797138214,5.122950793502708e-06,,
3571,1.520291954278946,5.1184675303028235e-06,,
3572,1.781235009431839,5.113986813015458e-06,,
3573,1.761414647102356,5.109508643580159e-06,,
3574,1.8539346158504486,5.105033023935379e-06,,
3575,1.8445072174072266,5.100559956018447e-06,,
3576,1.6930595934391022,5.09608944176561e-06,,
3577,1.77488511800766,5.091621483111995e-06,,
3578,2.1610058546066284,5.087156081991628e-06,,
3579,1.7295171022415161,5.082693240337427e-06,,
3580,1.7902481257915497,5.0782329600812026e-06,,
3581,1.8293782472610474,5.073775243153656e-06,,
3582,1.893323838710785,5.069320091484375e-06,,
3583,1.6535650193691254,5.064867507001851e-06,,
3584,2.0443540811538696,5.060417491633444e-06,,
3585,1.9168450236320496,5.055970047305418e-06,,
3586,1.65482759475708,5.0515251759429164e-06,,
3587,2.001923590898514,5.047082879469971e-06,,
3588,1.8521732091903687,5.0426431598095e-06,,
3589,1.8133009672164917,5.038206018883302e-06,,
3590,1.6614594757556915,5.033771458612065e-06,,
3591,1.9637329876422882,5.029339480915354e-06,,
3592,1.9575235843658447,5.0249100877116235e-06,,
3593,1.7556906938552856,5.020483280918199e-06,,
3594,1.848396509885788,5.016059062451301e-06,,
3595,1.8647882342338562,5.011637434226012e-06,,
3596,1.8920596539974213,5.007218398156308e-06,,
3597,1.7503296732902527,5.002801956155036e-06,,
3598,2.1858769059181213,4.998388110133922e-06,,
3599,1.7448712289333344,4.993976862003567e-06,,
3600,2.01158607006073,4.989568213673447e-06,,
3601,1.6996797025203705,4.985162167051916e-06,,
3602,1.752716064453125,4.980758724046194e-06,,
3603,1.7681779563426971,4.976357886562392e-06,,
3604,2.036569833755493,4.971959656505466e-06,,
3605,1.8198086321353912,4.9675640357792675e-06,,
3606,1.715883195400238,4.963171026286506e-06,,
3607,1.6188404858112335,4.958780629928765e-06,,
3608,1.780002772808075,4.9543928486064915e-06,,
3609,1.8312960863113403,4.950007684219014e-06,,
3610,2.282336473464966,4.94562513866451e-06,,
3611,1.664676308631897,4.941245213840033e-06,,
3612,1.728224664926529,4.936867911641508e-06,,
3613,2.0684022307395935,4.9324932339637085e-06,,
3614,2.0701839327812195,4.92812118270029e-06,,
3615,1.7387418746948242,4.923751759743759e-06,,
3616,1.586961418390274,4.919384966985489e-06,,
3617,2.1137784123420715,4.915020806315709e-06,,
3618,1.8125314712524414,4.910659279623525e-06,,
3619,1.9721744358539581,4.906300388796878e-06,,
3620,2.0293774902820587,4.901944135722591e-06,,
3621,1.7430488765239716,4.897590522286336e-06,,
3622,1.8955626785755157,4.8932395503726315e-06,,
3623,2.0846818685531616,4.888891221864874e-06,,
3624,1.9238243103027344,4.884545538645302e-06,,
3625,2.0870358049869537,4.8802025025950104e-06,,
3626,1.844759613275528,4.875862115593951e-06,,
3627,1.7401179373264313,4.871524379520926e-06,,
3628,1.897956669330597,4.86718929625359e-06,,
3629,1.9823314249515533,4.862856867668459e-06,,
3630,1.9718877375125885,4.858527095640882e-06,,
3631,1.592398077249527,4.854199982045073e-06,,
3632,1.801719754934311,4.849875528754096e-06,,
3633,1.8373221457004547,4.845553737639843e-06,,
3634,1.6973104178905487,4.841234610573081e-06,,
3635,1.885340929031372,4.836918149423406e-06,,
3636,1.9460955262184143,4.832604356059267e-06,,
3637,1.6615623533725739,4.828293232347952e-06,,
3638,1.6582068800926208,4.823984780155606e-06,,
3639,1.7775348126888275,4.8196790013472e-06,,
3640,1.8165538311004639,4.815375897786563e-06,,
3641,2.015744835138321,4.8110754713363585e-06,,
3642,1.6900175213813782,4.8067777238580936e-06,,
3643,1.7394780814647675,4.802482657212114e-06,,
3644,1.8613260090351105,4.798190273257606e-06,,
3645,1.718286007642746,4.793900573852594e-06,,
3646,2.125696986913681,4.7896135608539396e-06,,
3647,2.18718883395195,4.78532923611735e-06,,
3648,1.7681217193603516,4.7810476014973505e-06,,
3649,2.249646842479706,4.776768658847322e-06,,
3650,1.725355863571167,4.772492410019468e-06,,
3651,1.7269515991210938,4.768218856864829e-06,,
3652,1.7868981659412384,4.763948001233278e-06,,
3653,1.9016191065311432,4.759679844973524e-06,,
3654,1.8495426774024963,4.755414389933101e-06,,
3655,2.027034044265747,4.751151637958377e-06,,
3656,1.9385750591754913,4.746891590894557e-06,,
3657,1.931423306465149,4.7426342505856586e-06,,
3658,1.883634865283966,4.738379618874544e-06,,
3659,1.9385163187980652,4.734127697602897e-06,,
3660,1.8798286318778992,4.729878488611225e-06,,
3661,1.8652148246765137,4.725631993738865e-06,,
3662,1.695239245891571,4.721388214823977e-06,,
3663,1.735129177570343,4.7171471537035485e-06,,
3664,1.90647953748703,4.712908812213386e-06,,
3665,1.7571354508399963,4.708673192188124e-06,,
3666,1.9839847087860107,4.704440295461212e-06,,
3667,1.7973459661006927,4.700210123864933e-06,,
3668,1.9495475590229034,4.695982679230373e-06,,
3669,2.0646424293518066,4.691757963387453e-06,,
3670,1.802070140838623,4.687535978164906e-06,,
3671,1.7551095187664032,4.6833167253902816e-06,,
3672,2.057363361120224,4.679100206889951e-06,,
3673,1.7685101628303528,4.674886424489098e-06,,
3674,1.8863708972930908,4.670675380011726e-06,,
3675,1.8353162705898285,4.666467075280644e-06,,
3676,1.875838428735733,4.662261512117495e-06,,
3677,1.8160210251808167,4.658058692342708e-06,,
3678,1.516929566860199,4.6538586177755465e-06,,
3679,1.7119564712047577,4.649661290234079e-06,,
3680,1.9652740061283112,4.645466711535179e-06,,
3681,2.095138669013977,4.641274883494538e-06,,
3682,1.7309474647045135,4.637085807926653e-06,,
3683,1.737456887960434,4.632899486644831e-06,,
3684,1.8370769917964935,4.628715921461181e-06,,
3685,1.83651801943779,4.624535114186636e-06,,
3686,1.7577294707298279,4.620357066630908e-06,,
3687,1.752674639225006,4.6161817806025415e-06,,
3688,1.5939347743988037,4.612009257908869e-06,,
3689,1.8721199929714203,4.607839500356033e-06,,
3690,1.9255324304103851,4.603672509748976e-06,,
3691,1.691157341003418,4.599508287891446e-06,,
3692,1.9931851029396057,4.595346836585991e-06,,
3693,1.9529105722904205,4.5911881576339545e-06,,
3694,1.7676739692687988,4.587032252835497e-06,,
3695,1.862777292728424,4.5828791239895526e-06,,
3696,1.9098627269268036,4.578728772893878e-06,,
3697,1.8795700669288635,4.574581201345012e-06,,
3698,1.8737919330596924,4.570436411138296e-06,,
3699,2.072960466146469,4.566294404067868e-06,,
3700,1.756710708141327,4.562155181926659e-06,,
3701,1.6649964153766632,4.5580187465063955e-06,,
3702,1.8083637356758118,4.553885099597598e-06,,
3703,1.838333010673523,4.5497542429895774e-06,,
3704,1.901309996843338,4.5456261784704404e-06,,
3705,1.928322970867157,4.541500907827089e-06,,
3706,1.9028293788433075,4.537378432845201e-06,,
3707,1.8640497028827667,4.53325875530926e-06,,
3708,1.8690906763076782,4.529141877002532e-06,,
3709,1.8280269503593445,4.5250277997070705e-06,,
3710,1.8009098172187805,4.520916525203716e-06,,
3711,1.7151295840740204,4.516808055272101e-06,,
3712,1.6735281944274902,4.512702391690637e-06,,
3713,1.8513596951961517,4.508599536236523e-06,,
3714,1.8834533095359802,4.5044994906857505e-06,,
3715,1.7522799670696259,4.50040225681308e-06,,
3716,1.7710071802139282,4.4963078363920675e-06,,
3717,2.13865202665329,4.4922162311950455e-06,,
3718,1.992684781551361,4.488127442993128e-06,,
3719,1.8452464640140533,4.484041473556211e-06,,
3720,1.7506515681743622,4.479958324652969e-06,,
3721,1.8987496495246887,4.475877998050856e-06,,
3722,1.8963260650634766,4.471800495516102e-06,,
3723,1.8085680305957794,4.4677258188137275e-06,,
3724,1.7831935584545135,4.463653969707507e-06,,
3725,1.8445959389209747,4.45958494996001e-06,,
3726,1.7192092835903168,4.455518761332575e-06,,
3727,1.717357486486435,4.451455405585313e-06,,
3728,1.6825426518917084,4.44739488447711e-06,,
3729,1.5795040130615234,4.443337199765629e-06,,
3730,1.7852862477302551,4.4392823532072984e-06,,
3731,1.9228811264038086,4.435230346557318e-06,,
3732,1.9604685008525848,4.431181181569673e-06,,
3733,1.9964934289455414,4.427134859997095e-06,,
3734,1.686945617198944,4.423091383591104e-06,,
3735,2.0520059764385223,4.419050754101981e-06,,
3736,1.7870083451271057,4.415012973278773e-06,,
3737,1.985045850276947,4.410978042869293e-06,,
3738,1.659534066915512,4.406945964620134e-06,,
3739,1.8138927817344666,4.402916740276634e-06,,
3740,1.9524266123771667,4.3988903715829055e-06,,
3741,1.8562457263469696,4.394866860281831e-06,,
3742,1.8207128047943115,4.390846208115041e-06,,
3743,1.693317949771881,4.386828416822948e-06,,
3744,1.8785851001739502,4.382813488144703e-06,,
3745,1.8358677923679352,4.37880142381824e-06,,
3746,1.9874224960803986,4.374792225580238e-06,,
3747,1.7416663765907288,4.370785895166143e-06,,
3748,1.8255441784858704,4.366782434310153e-06,,
3749,1.7641590535640717,4.362781844745238e-06,,
3750,1.6668307185173035,4.3587841282031055e-06,,
3750,,,2.095580753684044,8.130161220509267
3751,1.6895801723003387,4.354789286414229e-06,,
3752,1.6924268901348114,4.350797321107847e-06,,
3753,1.6370124518871307,4.346808234011932e-06,,
3754,1.7147130370140076,4.342822026853231e-06,,
3755,1.8241161704063416,4.3388387013572314e-06,,
3756,1.8190315663814545,4.334858259248179e-06,,
3757,2.145335853099823,4.330880702249067e-06,,
3758,1.8830053806304932,4.326906032081648e-06,,
3759,2.086235284805298,4.322934250466413e-06,,
3760,1.7516774535179138,4.318965359122615e-06,,
3761,1.6185767650604248,4.3149993597682505e-06,,
3762,1.979747474193573,4.311036254120055e-06,,
3763,1.9286228716373444,4.307076043893531e-06,,
3764,1.6494560241699219,4.3031187308029105e-06,,
3765,2.000961661338806,4.2991643165611805e-06,,
3766,2.1650701761245728,4.295212802880066e-06,,
3767,1.9658000767230988,4.291264191470052e-06,,
3768,1.7822174429893494,4.287318484040342e-06,,
3769,1.7144376635551453,4.283375682298906e-06,,
3770,1.8286064267158508,4.279435787952444e-06,,
3771,1.9031270742416382,4.275498802706401e-06,,
3772,1.880387306213379,4.271564728264962e-06,,
3773,2.0323415398597717,4.267633566331051e-06,,
3774,1.9632517993450165,4.263705318606334e-06,,
3775,1.959154337644577,4.25977998679121e-06,,
3776,1.7204056680202484,4.25585757258483e-06,,
3777,1.9432326257228851,4.251938077685057e-06,,
3778,1.9259878993034363,4.248021503788517e-06,,
3779,1.7327402234077454,4.2441078525905554e-06,,
3780,1.7303511202335358,4.2401971257852564e-06,,
3781,2.0038788318634033,4.23628932506544e-06,,
3782,1.8638999164104462,4.2323844521226566e-06,,
3783,1.77966970205307,4.228482508647192e-06,,
3784,1.8221029341220856,4.224583496328065e-06,,
3785,1.7733946442604065,4.220687416853021e-06,,
3786,1.5458365976810455,4.216794271908535e-06,,
3787,1.954002320766449,4.212904063179824e-06,,
3788,1.9021832346916199,4.209016792350816e-06,,
3789,1.8446734249591827,4.205132461104183e-06,,
3790,1.7573986649513245,4.2012510711213154e-06,,
3791,1.81401127576828,4.197372624082334e-06,,
3792,1.9634374976158142,4.1934971216660845e-06,,
3793,1.8108634054660797,4.189624565550137e-06,,
3794,2.0426151752471924,4.185754957410789e-06,,
3795,1.8351352214813232,4.181888298923056e-06,,
3796,1.8579628467559814,4.17802459176069e-06,,
3797,2.2250621914863586,4.174163837596147e-06,,
3798,1.8617939054965973,4.1703060381006205e-06,,
3799,1.6879069209098816,4.166451194944015e-06,,
3800,1.6298553347587585,4.162599309794964e-06,,
3801,1.9520433843135834,4.158750384320811e-06,,
3802,1.8756426572799683,4.154904420187625e-06,,
3803,1.8245702683925629,4.151061419060192e-06,,
3804,1.6957208216190338,4.147221382602009e-06,,
3805,1.6997413337230682,4.143384312475307e-06,,
3806,1.958726406097412,4.139550210341008e-06,,
3807,1.9633913040161133,4.135719077858771e-06,,
3808,1.685070276260376,4.13189091668696e-06,,
3809,1.860943853855133,4.128065728482652e-06,,
3810,2.004009634256363,4.12424351490164e-06,,
3811,1.8408805131912231,4.120424277598427e-06,,
3812,1.6831419169902802,4.116608018226232e-06,,
3813,1.6877903640270233,4.112794738436978e-06,,
3814,1.8108013272285461,4.108984439881309e-06,,
3815,1.7772359549999237,4.105177124208562e-06,,
3816,1.6989178657531738,4.101372793066801e-06,,
3817,1.7523288130760193,4.097571448102786e-06,,
3818,1.782278150320053,4.09377309096199e-06,,
3819,2.133349657058716,4.08997772328859e-06,,
3820,1.7894352674484253,4.086185346725467e-06,,
3821,1.7920441031455994,4.082395962914215e-06,,
3822,1.5983799397945404,4.078609573495122e-06,,
3823,1.868379682302475,4.074826180107191e-06,,
3824,1.739012897014618,4.071045784388116e-06,,
3825,1.6998916566371918,4.0672683879743104e-06,,
3826,1.7434611320495605,4.0634939925008645e-06,,
3827,1.895608127117157,4.059722599601596e-06,,
3828,1.9530832469463348,4.055954210909006e-06,,
3829,1.766769915819168,4.052188828054299e-06,,
3830,1.822452574968338,4.0484264526673805e-06,,
3831,1.8734886944293976,4.044667086376854e-06,,
3832,1.802143782377243,4.040910730810019e-06,,
3833,1.7291204035282135,4.037157387592868e-06,,
3834,1.6975212395191193,4.033407058350103e-06,,
3835,1.999323695898056,4.029659744705102e-06,,
3836,2.0644209384918213,4.025915448279955e-06,,
3837,1.6334573030471802,4.022174170695437e-06,,
3838,1.9777944386005402,4.018435913571018e-06,,
3839,2.038029283285141,4.014700678524859e-06,,
3840,1.72850501537323,4.010968467173815e-06,,
3841,1.601419985294342,4.0072392811334314e-06,,
3842,1.823628157377243,4.0035131220179425e-06,,
3843,1.7972072660923004,3.999789991440283e-06,,
3844,2.092963367700577,3.996069891012054e-06,,
3845,1.8459424674510956,3.992352822343569e-06,,
3846,1.946785181760788,3.988638787043815e-06,,
3847,1.9324857890605927,3.9849277867204705e-06,,
3848,1.7042461335659027,3.981219822979899e-06,,
3849,2.059786766767502,3.977514897427149e-06,,
3850,1.980603665113449,3.9738130116659575e-06,,
3851,1.8044092953205109,3.97011416729874e-06,,
3852,1.7703697085380554,3.966418365926605e-06,,
3853,1.8030585646629333,3.962725609149328e-06,,
3854,1.8705066740512848,3.959035898565383e-06,,
3855,2.046042889356613,3.955349235771916e-06,,
3856,1.7393463551998138,3.951665622364758e-06,,
3857,2.002829819917679,3.947985059938416e-06,,
3858,1.885732889175415,3.944307550086079e-06,,
3859,1.8401652872562408,3.940633094399614e-06,,
3860,1.6808138489723206,3.936961694469567e-06,,
3861,1.9048211872577667,3.9332933518851615e-06,,
3862,1.9559795558452606,3.9296280682342895e-06,,
3863,1.892038881778717,3.925965845103539e-06,,
3864,1.9794630408287048,3.922306684078145e-06,,
3865,1.7573497891426086,3.918650586742042e-06,,
3866,1.6592592895030975,3.914997554677828e-06,,
3867,1.6087981164455414,3.91134758946677e-06,,
3868,1.6294050514698029,3.907700692688816e-06,,
3869,1.8230084776878357,3.904056865922579e-06,,
3870,1.6506341993808746,3.900416110745348e-06,,
3871,1.8040355741977692,3.896778428733076e-06,,
3872,1.8428702056407928,3.893143821460399e-06,,
3873,1.834140419960022,3.8895122905006025e-06,,
3874,1.9140258133411407,3.885883837425659e-06,,
3875,1.7616862058639526,3.882258463806197e-06,,
3876,1.9471203982830048,3.878636171211518e-06,,
3877,1.9186305701732635,3.875016961209582e-06,,
3878,1.9492583274841309,3.871400835367029e-06,,
3879,1.5683616995811462,3.867787795249149e-06,,
3880,1.8115009367465973,3.8641778424199006e-06,,
3881,1.80270653963089,3.860570978441915e-06,,
3882,1.6303792297840118,3.856967204876471e-06,,
3883,1.9999999403953552,3.853366523283525e-06,,
3884,1.7669844925403595,3.849768935221684e-06,,
3885,1.6283416152000427,3.846174442248221e-06,,
3886,1.7725679576396942,3.842583045919066e-06,,
3887,1.764447182416916,3.838994747788815e-06,,
3888,1.8879309594631195,3.835409549410713e-06,,
3889,1.9264283180236816,3.831827452336673e-06,,
3890,1.8275600969791412,3.828248458117261e-06,,
3891,1.7625820934772491,3.824672568301696e-06,,
3892,1.7627151608467102,3.821099784437862e-06,,
3893,2.0153494775295258,3.817530108072291e-06,,
3894,1.9887959659099579,3.8139635407501744e-06,,
3895,2.07947638630867,3.8104000840153557e-06,,
3896,2.01918962597847,3.8068397394103315e-06,,
3897,1.793918639421463,3.803282508476252e-06,,
3898,1.823329895734787,3.799728392752924e-06,,
3899,1.747776061296463,3.796177393778795e-06,,
3900,1.9376253485679626,3.7926295130909744e-06,,
3901,1.8848342597484589,3.7890847522252193e-06,,
3902,1.866829514503479,3.785543112715926e-06,,
3903,1.7840964794158936,3.782004596096156e-06,,
3904,1.7979412376880646,3.778469203897608e-06,,
3905,1.8275354504585266,3.7749369376506332e-06,,
3906,1.6622769832611084,3.7714077988842225e-06,,
3907,1.855525255203247,3.767881789126028e-06,,
3908,1.9025098085403442,3.7643589099023267e-06,,
3909,1.9908865988254547,3.760839162738059e-06,,
3910,1.6721643805503845,3.7573225491568e-06,,
3911,1.8953306674957275,3.75380907068077e-06,,
3912,1.9853927195072174,3.750298728830834e-06,,
3913,1.7163833379745483,3.746791525126495e-06,,
3914,2.075482666492462,3.743287461085903e-06,,
3915,2.029875487089157,3.7397865382258434e-06,,
3916,1.821892887353897,3.7362887580617515e-06,,
3917,1.85149684548378,3.7327941221076872e-06,,
3918,1.8189706206321716,3.729302631876364e-06,,
3919,1.9336155951023102,3.725814288879125e-06,,
3920,1.682200938463211,3.7223290946259554e-06,,
3921,1.9292027354240417,3.7188470506254738e-06,,
3922,1.8783690631389618,3.7153681583849374e-06,,
3923,1.8246846795082092,3.711892419410239e-06,,
3924,1.9571668803691864,3.7084198352059027e-06,,
3925,1.8223347961902618,3.704950407275099e-06,,
3926,1.9392684400081635,3.7014841371196125e-06,,
3927,1.524609923362732,3.6980210262398813e-06,,
3928,1.8496138751506805,3.694561076134961e-06,,
3929,1.8793973922729492,3.6911042883025487e-06,,
3930,1.725428730249405,3.687650664238966e-06,,
3931,1.8197356462478638,3.684200205439167e-06,,
3932,1.7300992012023926,3.6807529133967377e-06,,
3933,1.9992536902427673,3.677308789603892e-06,,
3934,1.7790324985980988,3.6738678355514722e-06,,
3935,1.6222122013568878,3.6704300527289453e-06,,
3936,1.6991641521453857,3.6669954426244166e-06,,
3937,1.8691744804382324,3.663564006724601e-06,,
3938,1.6561738848686218,3.660135746514855e-06,,
3939,2.10882368683815,3.6567106634791537e-06,,
3940,1.890878826379776,3.653288759100097e-06,,
3941,1.813590407371521,3.649870034858907e-06,,
3942,1.6536673605442047,3.6464544922354335e-06,,
3943,1.8067049980163574,3.6430421327081454e-06,,
3944,1.8746521174907684,3.6396329577541357e-06,,
3945,1.8887600004673004,3.6362269688491247e-06,,
3946,1.7984409630298615,3.6328241674674367e-06,,
3947,2.0265717208385468,3.629424555082035e-06,,
3948,1.7274401485919952,3.6260281331644917e-06,,
3949,1.8211481869220734,3.6226349031850017e-06,,
3950,1.8841871619224548,3.6192448666123776e-06,,
3951,2.0775964558124542,3.6158580249140474e-06,,
3952,1.6294522881507874,3.6124743795560586e-06,,
3953,1.6815392971038818,3.609093932003074e-06,,
3954,1.8696527481079102,3.6057166837183777e-06,,
3955,1.9619770348072052,3.602342636163856e-06,,
3956,1.7156500816345215,3.5989717908000228e-06,,
3957,1.8307438492774963,3.595604149086e-06,,
3958,1.9242312908172607,3.592239712479524e-06,,
3959,1.9054479897022247,3.588878482436942e-06,,
3960,1.692989468574524,3.5855204604132148e-06,,
3961,1.728492796421051,3.5821656478619155e-06,,
3962,1.892168253660202,3.5788140462352234e-06,,
3963,2.1878516376018524,3.575465656983938e-06,,
3964,2.013022243976593,3.5721204815574524e-06,,
3965,1.8185411989688873,3.568778521403784e-06,,
3966,1.8294207453727722,3.5654397779695516e-06,,
3967,1.8357158601284027,3.562104252699981e-06,,
3968,1.9442880153656006,3.5587719470389048e-06,,
3969,1.88184055685997,3.555442862428766e-06,,
3970,1.778400480747223,3.5521170003106075e-06,,
3971,1.7306941747665405,3.5487943621240805e-06,,
3972,1.7555675506591797,3.545474949307445e-06,,
3973,1.8863478600978851,3.5421587632975527e-06,,
3974,1.7199769020080566,3.538845805529875e-06,,
3975,1.7738463580608368,3.535536077438468e-06,,
3976,1.910462111234665,3.5322295804560052e-06,,
3977,1.811769276857376,3.528926316013752e-06,,
3978,1.949621319770813,3.5256262855415807e-06,,
3979,1.9273273348808289,3.5223294904679575e-06,,
3980,1.7938154637813568,3.5190359322199524e-06,,
3981,1.7288565337657928,3.515745612223233e-06,,
3982,1.736801266670227,3.512458531902064e-06,,
3983,1.679268717765808,3.509174692679314e-06,,
3984,1.9255572855472565,3.5058940959764363e-06,,
3985,1.8338973820209503,3.5026167432134942e-06,,
3986,1.798821121454239,3.4993426358091395e-06,,
3987,1.565739929676056,3.4960717751806184e-06,,
3988,1.8993815779685974,3.492804162743774e-06,,
3989,1.8759400844573975,3.489539799913044e-06,,
3990,1.739737719297409,3.486278688101459e-06,,
3991,1.8270431756973267,3.483020828720637e-06,,
3992,1.7279689610004425,3.4797662231808027e-06,,
3993,1.9021663665771484,3.4765148728907515e-06,,
3994,1.9449236989021301,3.4732667792578886e-06,,
3995,1.6572122871875763,3.4700219436881985e-06,,
3996,1.7849051654338837,3.4667803675862595e-06,,
3997,1.715168833732605,3.4635420523552342e-06,,
3998,1.91874361038208,3.4603069993968877e-06,,
3999,1.7439984679222107,3.4570752101115525e-06,,
4000,1.8934755325317383,3.45384668589816e-06,,
4000,,,2.098378139734268,8.152936260531295
4001,1.7973690927028656,3.450621428154235e-06,,
4002,1.9890684485435486,3.4473994382758694e-06,,
4003,2.0018394887447357,3.4441807176577586e-06,,
4004,1.7369005382061005,3.4409652676931754e-06,,
4005,1.8008367717266083,3.437753089773974e-06,,
4006,2.014728754758835,3.4345441852905954e-06,,
4007,1.8294835090637207,3.4313385556320702e-06,,
4008,1.9253871142864227,3.428136202185995e-06,,
4009,1.8552291691303253,3.4249371263385657e-06,,
4010,1.9366129636764526,3.421741329474551e-06,,
4011,2.05064657330513,3.4185488129772956e-06,,
4012,1.7124570906162262,3.415359578228738e-06,,
4013,1.6998081505298615,3.4121736266093796e-06,,
4014,1.7285621762275696,3.4089909594983135e-06,,
4015,1.9967629611492157,3.405811578273207e-06,,
4016,1.8877105116844177,3.4026354843103044e-06,,
4017,1.8985269963741302,3.3994626789844227e-06,,
4018,1.6015456020832062,3.3962931636689674e-06,,
4019,1.8695374727249146,3.393126939735905e-06,,
4020,1.7308844923973083,3.3899640085557904e-06,,
4021,2.1569122076034546,3.3868043714977464e-06,,
4022,1.9314347207546234,3.383648029929466e-06,,
4023,1.8088094294071198,3.380494985217225e-06,,
4024,1.9315395653247833,3.3773452387258672e-06,,
4025,1.6659034192562103,3.37419879181881e-06,,
4026,1.9412991404533386,3.3710556458580373e-06,,
4027,1.7686941027641296,3.367915802204116e-06,,
4028,1.9076187312602997,3.364779262216168e-06,,
4029,1.9211054146289825,3.361646027251899e-06,,
4030,1.8595905601978302,3.358516098667577e-06,,
4031,1.7683298289775848,3.355389477818039e-06,,
4032,1.947126716375351,3.3522661660566923e-06,,
4033,2.0251494646072388,3.3491461647355096e-06,,
4034,1.9057092070579529,3.3460294752050338e-06,,
4035,1.9646632671356201,3.3429160988143683e-06,,
4036,1.7390859723091125,3.3398060369111932e-06,,
4037,1.7716785073280334,3.3366992908417398e-06,,
4038,1.915955275297165,3.3335958619508164e-06,,
4039,1.773102879524231,3.330495751581787e-06,,
4040,1.987991750240326,3.327398961076586e-06,,
4041,1.941023826599121,3.3243054917757037e-06,,
4042,1.8899219036102295,3.3212153450181974e-06,,
4043,1.998085469007492,3.3181285221416865e-06,,
4044,1.8803341388702393,3.315045024482346e-06,,
4045,1.8921518623828888,3.3119648533749227e-06,,
4046,2.0111506581306458,3.3088880101527075e-06,,
4047,1.7216638624668121,3.3058144961475674e-06,,
4048,1.9142787456512451,3.302744312689917e-06,,
4049,1.8388294577598572,3.2996774611087347e-06,,
4050,2.0118004977703094,3.2966139427315534e-06,,
4051,2.0202209055423737,3.2935537588844636e-06,,
4052,1.9506983757019043,3.2904969108921147e-06,,
4053,1.7041481733322144,3.28744340007771e-06,,
4054,1.7739146947860718,3.284393227763011e-06,,
4055,1.7957186102867126,3.2813463952683266e-06,,
4056,1.8367259800434113,3.2783029039125345e-06,,
4057,1.9168474078178406,3.275262755013048e-06,,
4058,2.0389343798160553,3.272225949885848e-06,,
4059,1.7075152397155762,3.269192489845462e-06,,
4060,1.9916698336601257,3.26616237620497e-06,,
4061,1.768496334552765,3.2631356102760027e-06,,
4062,1.7521122097969055,3.2601121933687435e-06,,
4063,1.7213109135627747,3.2570921267919243e-06,,
4064,1.8548069298267365,3.2540754118528272e-06,,
4065,1.9858940243721008,3.2510620498572896e-06,,
4066,1.9239090383052826,3.248052042109682e-06,,
4067,1.8651512563228607,3.245045389912942e-06,,
4068,1.7256875932216644,3.242042094568542e-06,,
4069,1.9206555485725403,3.239042157376505e-06,,
4070,1.8606673181056976,3.2360455796354004e-06,,
4071,1.959542840719223,3.2330523626423434e-06,,
4072,1.617736130952835,3.2300625076929943e-06,,
4073,1.6702398657798767,3.227076016081556e-06,,
4074,1.8446234166622162,3.224092889100785e-06,,
4075,1.8763543367385864,3.2211131280419643e-06,,
4076,1.8634202778339386,3.2181367341949364e-06,,
4077,1.7825500965118408,3.2151637088480776e-06,,
4078,1.8254017233848572,3.212194053288308e-06,,
4079,1.8547836244106293,3.2092277688010887e-06,,
4080,2.0734681487083435,3.2062648566704225e-06,,
4081,1.778238296508789,3.2033053181788513e-06,,
4082,1.821660727262497,3.200349154607456e-06,,
4083,1.8470371067523956,3.1973963672358632e-06,,
4084,1.9920304119586945,3.1944469573422244e-06,,
4085,1.7482460141181946,3.1915009262032447e-06,,
4086,1.86650350689888,3.1885582750941555e-06,,
4087,1.92825648188591,3.1856190052887314e-06,,
4088,1.90283203125,3.182683118059278e-06,,
4089,1.5950332283973694,3.1797506146766415e-06,,
4090,1.849978506565094,3.1768214964102005e-06,,
4091,1.624658614397049,3.1738957645278706e-06,,
4092,2.0047528743743896,3.1709734202960998e-06,,
4093,1.8904067873954773,3.168054464979866e-06,,
4094,1.9525828659534454,3.1651388998426938e-06,,
4095,1.899491161108017,3.1622267261466194e-06,,
4096,2.1057974696159363,3.159317945152231e-06,,
4097,1.8928475677967072,3.156412558118636e-06,,
4098,1.9826854169368744,3.1535105663034758e-06,,
4099,1.6533172130584717,3.150611970962925e-06,,
4100,1.779994934797287,3.147716773351683e-06,,
4101,1.669241577386856,3.1448249747229825e-06,,
4102,1.8933476507663727,3.1419365763285794e-06,,
4103,1.8337577879428864,3.139051579418771e-06,,
4104,1.886595994234085,3.136169985242362e-06,,
4105,1.8110742270946503,3.1332917950467013e-06,,
4106,1.9753021597862244,3.1304170100776587e-06,,
4107,1.8157160580158234,3.1275456315796273e-06,,
4108,1.7534672319889069,3.124677660795528e-06,,
4109,1.7897596061229706,3.121813098966806e-06,,
4110,1.81040421128273,3.118951947333433e-06,,
4111,1.9158344566822052,3.1160942071338998e-06,,
4112,1.9910436570644379,3.1132398796052296e-06,,
4113,1.788301944732666,3.110388965982954e-06,,
4114,1.7696384191513062,3.107541467501141e-06,,
4115,1.776221126317978,3.1046973853923734e-06,,
4116,1.8299736976623535,3.101856720887756e-06,,
4117,2.0968125462532043,3.099019475216915e-06,,
4118,1.9458054900169373,3.0961856496079935e-06,,
4119,1.986692637205124,3.093355245287661e-06,,
4120,1.9063791632652283,3.0905282634810953e-06,,
4121,1.604189246892929,3.0877047054120092e-06,,
4122,1.7825239598751068,3.0848845723026146e-06,,
4123,1.6816903352737427,3.0820678653736537e-06,,
4124,1.9826249182224274,3.079254585844382e-06,,
4125,2.0607113242149353,3.0764447349325703e-06,,
4126,1.8027121424674988,3.073638313854508e-06,,
4127,1.7756096124649048,3.0708353238249946e-06,,
4128,2.0002938210964203,3.06803576605735e-06,,
4129,1.7751734256744385,3.065239641763406e-06,,
4130,1.7908839285373688,3.0624469521535075e-06,,
4131,2.047188490629196,3.0596576984365127e-06,,
4132,1.9168771505355835,3.056871881819798e-06,,
4133,1.9192719757556915,3.0540895035092416e-06,,
4134,1.8924760520458221,3.0513105647092424e-06,,
4135,1.8825469315052032,3.048535066622706e-06,,
4136,1.6768291592597961,3.045763010451051e-06,,
4137,1.980415552854538,3.042994397394201e-06,,
4138,1.799576461315155,3.0402292286506e-06,,
4139,1.7516774833202362,3.0374675054171886e-06,,
4140,2.020059883594513,3.0347092288894205e-06,,
4141,2.0055350065231323,3.031954400261266e-06,,
4142,1.7871447801589966,3.0292030207251857e-06,,
4143,1.7791883647441864,3.0264550914721637e-06,,
4144,1.880058914422989,3.0237106136916822e-06,,
4145,1.5266390442848206,3.0209695885717305e-06,,
4146,1.7124134600162506,3.0182320172988008e-06,,
4147,1.7702029645442963,3.0154979010579007e-06,,
4148,1.8086384534835815,3.0127672410325276e-06,,
4149,1.8132207989692688,3.0100400384046934e-06,,
4150,1.8342134356498718,3.007316294354912e-06,,
4151,1.8595511317253113,3.0045960100621914e-06,,
4152,1.8690758347511292,3.001879186704055e-06,,
4153,1.8999549448490143,2.999165825456521e-06,,
4154,1.5567770898342133,2.996455927494109e-06,,
4155,1.8127590417861938,2.9937494939898364e-06,,
4156,1.9287621676921844,2.991046526115234e-06,,
4157,1.8205340206623077,2.988347025040314e-06,,
4158,1.9537187218666077,2.985650991933604e-06,,
4159,1.8217487931251526,2.9829584279621207e-06,,
4160,1.737516850233078,2.980269334291382e-06,,
4161,1.787641316652298,2.9775837120854054e-06,,
4162,1.8864679634571075,2.9749015625067028e-06,,
4163,1.8309024572372437,2.9722228867162844e-06,,
4164,1.5800004452466965,2.9695476858736562e-06,,
4165,1.9256233274936676,2.966875961136821e-06,,
4166,1.9932185113430023,2.9642077136622746e-06,,
4167,1.8703816533088684,2.9615429446050147e-06,,
4168,1.6157176196575165,2.95888165511852e-06,,
4169,1.8369274139404297,2.9562238463547773e-06,,
4170,1.8073608875274658,2.953569519464258e-06,,
4171,1.9085538983345032,2.9509186755959284e-06,,
4172,1.8603391349315643,2.948271315897247e-06,,
4173,2.035377472639084,2.9456274415141657e-06,,
4174,1.9858926832675934,2.9429870535911256e-06,,
4175,1.8779388070106506,2.940350153271058e-06,,
4176,1.9548154473304749,2.937716741695392e-06,,
4177,1.838115245103836,2.935086820004032e-06,,
4178,1.798455685377121,2.9324603893353883e-06,,
4179,2.0023707151412964,2.929837450826347e-06,,
4180,1.8642789423465729,2.927218005612291e-06,,
4181,1.8409403860569,2.9246020548270853e-06,,
4182,1.8772675693035126,2.9219895996030864e-06,,
4183,1.6501744389533997,2.919380641071135e-06,,
4184,1.7807952761650085,2.916775180360558e-06,,
4185,2.010779768228531,2.914173218599175e-06,,
4186,1.5825093984603882,2.911574756913277e-06,,
4187,1.8579277992248535,2.9089797964276555e-06,,
4188,1.8865607380867004,2.9063883382655767e-06,,
4189,2.018565356731415,2.9038003835487933e-06,,
4190,1.9178604185581207,2.901215933397543e-06,,
4191,1.9338984489440918,2.8986349889305423e-06,,
4192,1.8719756603240967,2.896057551264996e-06,,
4193,1.7331374883651733,2.8934836215165856e-06,,
4194,1.9717378616333008,2.8909132007994807e-06,,
4195,1.7243549525737762,2.8883462902263204e-06,,
4196,1.9672649502754211,2.8857828909082382e-06,,
4197,1.8128332197666168,2.8832230039548394e-06,,
4198,1.7397863864898682,2.8806666304742106e-06,,
4199,1.8401163518428802,2.878113771572917e-06,,
4200,2.100621849298477,2.8755644283560035e-06,,
4201,1.8720703721046448,2.8730186019269936e-06,,
4202,1.8158440589904785,2.870476293387886e-06,,
4203,1.9133005440235138,2.8679375038391613e-06,,
4204,1.9545612633228302,2.86540223437977e-06,,
4205,1.8308075070381165,2.862870486107149e-06,,
4206,1.9496584236621857,2.8603422601171963e-06,,
4207,1.8091762363910675,2.8578175575042997e-06,,
4208,1.957497626543045,2.8552963793613147e-06,,
4209,1.7976610660552979,2.852778726779572e-06,,
4210,2.101280450820923,2.8502646008488765e-06,,
4211,1.914824366569519,2.8477540026575067e-06,,
4212,1.7639795243740082,2.845246933292214e-06,,
4213,1.9663622379302979,2.842743393838221e-06,,
4214,1.890249103307724,2.840243385379227e-06,,
4215,1.7722410559654236,2.8377469089973947e-06,,
4216,1.9839797019958496,2.835253965773366e-06,,
4217,1.8734229505062103,2.832764556786249e-06,,
4218,2.0079066157341003,2.8302786831136236e-06,,
4219,1.984975814819336,2.8277963458315374e-06,,
4220,1.6374867260456085,2.8253175460145103e-06,,
4221,1.853472888469696,2.822842284735528e-06,,
4222,2.022878408432007,2.820370563066044e-06,,
4223,1.7225362956523895,2.817902382075988e-06,,
4224,1.971655935049057,2.8154377428337414e-06,,
4225,1.9043763279914856,2.8129766464061677e-06,,
4226,1.8442957699298859,2.8105190938585883e-06,,
4227,1.6356815099716187,2.8080650862547943e-06,,
4228,2.106921285390854,2.80561462465704e-06,,
4229,1.7699957489967346,2.8031677101260454e-06,,
4230,1.7102820575237274,2.8007243437209966e-06,,
4231,1.8868512511253357,2.798284526499539e-06,,
4232,1.776593655347824,2.7958482595177923e-06,,
4233,1.944508820772171,2.7934155438303248e-06,,
4234,1.9227511286735535,2.7909863804901803e-06,,
4235,2.092950612306595,2.7885607705488588e-06,,
4236,1.9699146747589111,2.786138715056322e-06,,
4237,1.8759389221668243,2.7837202150609943e-06,,
4238,1.9792563617229462,2.781305271609762e-06,,
4239,1.9722090363502502,2.7788938857479703e-06,,
4240,1.7324268221855164,2.776486058519423e-06,,
4241,1.728753924369812,2.7740817909663905e-06,,
4242,1.7054747343063354,2.7716810841295906e-06,,
4243,1.8511010706424713,2.769283939048214e-06,,
4244,2.158703088760376,2.7668903567598935e-06,,
4245,1.8219026029109955,2.7645003383007358e-06,,
4246,2.0224173069000244,2.762113884705294e-06,,
4247,1.914272278547287,2.7597309970065824e-06,,
4248,1.7792786955833435,2.7573516762360703e-06,,
4249,1.7713015973567963,2.7549759234236832e-06,,
4250,1.855673909187317,2.7526037395978035e-06,,
4250,,,2.097962975502014,8.14955215553636
4251,1.788612812757492,2.750235125785267e-06,,
4252,1.833066076040268,2.747870083011367e-06,,
4253,1.6100902259349823,2.745508612299845e-06,,
4254,2.0955300331115723,2.7431507146729033e-06,,
4255,1.6707549542188644,2.740796391151194e-06,,
4256,1.827526181936264,2.7384456427538226e-06,,
4257,2.0320268273353577,2.736098470498347e-06,,
4258,1.8986397981643677,2.7337548754007748e-06,,
4259,1.9723564684391022,2.731414858475571e-06,,
4260,1.818391501903534,2.729078420735644e-06,,
4261,2.0733571648597717,2.7267455631923636e-06,,
4262,1.7837096750736237,2.7244162868555356e-06,,
4263,1.900564283132553,2.7220905927334284e-06,,
4264,1.9764065444469452,2.719768481832755e-06,,
4265,1.9847071468830109,2.7174499551586743e-06,,
4266,1.7364791631698608,2.715135013714797e-06,,
4267,2.1452707946300507,2.7128236585031847e-06,,
4268,1.8505649864673615,2.710515890524341e-06,,
4269,1.7878722250461578,2.708211710777215e-06,,
4270,1.8434326648712158,2.7059111202592157e-06,,
4271,1.7167047262191772,2.7036141199661795e-06,,
4272,1.7416392266750336,2.7013207108924058e-06,,
4273,1.8108352720737457,2.6990308940306295e-06,,
4274,1.7435856759548187,2.6967446703720342e-06,,
4275,1.9137263894081116,2.6944620409062454e-06,,
4276,1.927469551563263,2.6921830066213383e-06,,
4277,1.9385804533958435,2.689907568503823e-06,,
4278,1.7679219245910645,2.6876357275386626e-06,,
4279,1.8574591279029846,2.6853674847092587e-06,,
4280,2.070482462644577,2.6831028409974507e-06,,
4281,1.8405801057815552,2.6808417973835307e-06,,
4282,1.6593601703643799,2.6785843548462205e-06,,
4283,1.7178881764411926,2.676330514362695e-06,,
4284,1.8075010776519775,2.6740802769085597e-06,,
4285,1.8866353631019592,2.671833643457867e-06,,
4286,1.8846146762371063,2.6695906149831053e-06,,
4287,1.7183173298835754,2.667351192455208e-06,,
4288,2.154334634542465,2.665115376843538e-06,,
4289,1.8605697751045227,2.662883169115907e-06,,
4290,2.0043663680553436,2.660654570238562e-06,,
4291,2.154690682888031,2.65842958117618e-06,,
4292,1.9406243860721588,2.6562082028918892e-06,,
4293,1.9173851311206818,2.6539904363472432e-06,,
4294,1.938901126384735,2.6517762825022396e-06,,
4295,1.9343318343162537,2.649565742315305e-06,,
4296,1.7085053622722626,2.647358816743313e-06,,
4297,1.8461821377277374,2.6451555067415564e-06,,
4298,2.1220386624336243,2.6429558132637797e-06,,
4299,2.038658022880554,2.6407597372621518e-06,,
4300,1.6258135735988617,2.6385672796872775e-06,,
4301,1.8978720903396606,2.6363784414881967e-06,,
4302,1.791997104883194,2.634193223612381e-06,,
4303,1.9699146151542664,2.6320116270057377e-06,,
4304,1.9017041325569153,2.6298336526126016e-06,,
4305,2.006511241197586,2.627659301375749e-06,,
4306,1.9000492990016937,2.625488574236373e-06,,
4307,1.7434403002262115,2.623321472134113e-06,,
4308,1.7367629706859589,2.62115799600703e-06,,
4309,1.8903844058513641,2.6189981467916197e-06,,
4310,1.6880232095718384,2.6168419254228046e-06,,
4311,1.7948257327079773,2.61468933283394e-06,,
4312,1.7217864096164703,2.6125403699568073e-06,,
4313,1.84333136677742,2.610395037721618e-06,,
4314,1.785731941461563,2.6082533370570177e-06,,
4315,1.8771371245384216,2.606115268890067e-06,,
4316,1.8657152652740479,2.603980834146268e-06,,
4317,1.8200364112854004,2.601850033749541e-06,,
4318,1.6970402300357819,2.5997228686222366e-06,,
4319,1.8140287697315216,2.5975993396851312e-06,,
4320,1.685251533985138,2.5954794478574274e-06,,
4321,1.9841074645519257,2.5933631940567526e-06,,
4322,1.8439895510673523,2.591250579199161e-06,,
4323,1.9193129539489746,2.58914160419913e-06,,
4324,2.0034455358982086,2.58703626996956e-06,,
4325,1.802169144153595,2.5849345774217847e-06,,
4326,1.6925442516803741,2.5828365274655455e-06,,
4327,1.7936905026435852,2.580742121009022e-06,,
4328,1.9414722323417664,2.5786513589588073e-06,,
4329,1.8163111507892609,2.5765642422199216e-06,,
4330,1.909481167793274,2.5744807716958057e-06,,
4331,1.8713535070419312,2.5724009482883217e-06,,
4332,1.9900219142436981,2.570324772897753e-06,,
4333,1.8011387288570404,2.5682522464228044e-06,,
4334,1.8534439206123352,2.5661833697606036e-06,,
4335,2.0282213985919952,2.5641181438066913e-06,,
4336,1.848717451095581,2.562056569455037e-06,,
4337,1.556605875492096,2.559998647598022e-06,,
4338,2.0081824362277985,2.5579443791264525e-06,,
4339,1.882425308227539,2.5558937649295477e-06,,
4340,1.8534677028656006,2.55384680589495e-06,,
4341,1.6535693109035492,2.5518035029087157e-06,,
4342,1.8964237868785858,2.5497638568553194e-06,,
4343,1.980124831199646,2.5477278686176573e-06,,
4344,1.8533275425434113,2.545695539077034e-06,,
4345,1.7666358351707458,2.543666869113178e-06,,
4346,1.8663305342197418,2.54164185960423e-06,,
4347,1.953859806060791,2.539620511426746e-06,,
4348,1.7658436298370361,2.537602825455697e-06,,
4349,1.7903056144714355,2.5355888025644727e-06,,
4350,1.8561106622219086,2.5335784436248706e-06,,
4351,1.8598197400569916,2.531571749507107e-06,,
4352,1.8192663192749023,2.529568721079813e-06,,
4353,1.93714839220047,2.527569359210027e-06,,
4354,1.7872786223888397,2.5255736647632057e-06,,
4355,2.0335692763328552,2.5235816386032157e-06,,
4356,1.7168045043945312,2.5215932815923367e-06,,
4357,2.0101996660232544,2.5196085945912604e-06,,
4358,1.9857816696166992,2.5176275784590878e-06,,
4359,1.9441543221473694,2.5156502340533343e-06,,
4360,1.6331386864185333,2.513676562229922e-06,,
4361,1.7165218591690063,2.5117065638431876e-06,,
4362,1.8694320321083069,2.5097402397458733e-06,,
4363,1.768288403749466,2.5077775907891355e-06,,
4364,2.071673661470413,2.5058186178225337e-06,,
4365,1.7843176126480103,2.5038633216940432e-06,,
4366,1.6819671094417572,2.5019117032500428e-06,,
4367,1.8019112050533295,2.4999637633353214e-06,,
4368,2.0302116572856903,2.4980195027930734e-06,,
4369,1.930241197347641,2.4960789224649035e-06,,
4370,1.675373911857605,2.4941420231908218e-06,,
4371,1.74854975938797,2.4922088058092427e-06,,
4372,1.9839278161525726,2.4902792711569954e-06,,
4373,1.8596036732196808,2.4883534200693023e-06,,
4374,1.6533637642860413,2.486431253379802e-06,,
4375,1.8991355895996094,2.484512771920533e-06,,
4376,1.94388946890831,2.482597976521939e-06,,
4377,1.8750892579555511,2.48068686801287e-06,,
4378,1.8203028440475464,2.478779447220578e-06,,
4379,1.9616888165473938,2.4768757149707202e-06,,
4380,1.8254160583019257,2.474975672087356e-06,,
4381,1.8521082699298859,2.473079319392951e-06,,
4382,1.8197581470012665,2.471186657708366e-06,,
4383,1.8474624454975128,2.4692976878528732e-06,,
4384,1.700897067785263,2.4674124106441417e-06,,
4385,1.9732684791088104,2.465530826898241e-06,,
4386,1.8264080584049225,2.463652937429646e-06,,
4387,1.9255798161029816,2.4617787430512294e-06,,
4388,1.8285029232501984,2.4599082445742657e-06,,
4389,1.9281775951385498,2.4580414428084267e-06,,
4390,2.1150943636894226,2.456178338561792e-06,,
4391,1.7111837267875671,2.4543189326408274e-06,,
4392,1.7909035086631775,2.452463225850413e-06,,
4393,1.9387167096138,2.4506112189938163e-06,,
4394,1.7784560024738312,2.448762912872708e-06,,
4395,1.9581797420978546,2.446918308287156e-06,,
4396,1.8529809415340424,2.4450774060356267e-06,,
4397,1.8304041028022766,2.443240206914982e-06,,
4398,1.835734099149704,2.441406711720483e-06,,
4399,1.8680972754955292,2.4395769212457864e-06,,
4400,1.9401316940784454,2.437750836282943e-06,,
4401,1.861265867948532,2.4359284576224075e-06,,
4402,1.8412961065769196,2.434109786053018e-06,,
4403,1.8570986092090607,2.43229482236202e-06,,
4404,1.6196008026599884,2.4304835673350456e-06,,
4405,1.9108752012252808,2.428676021756127e-06,,
4406,1.9354830384254456,2.4268721864076855e-06,,
4407,1.8761041760444641,2.425072062070542e-06,,
4408,1.9396296739578247,2.423275649523908e-06,,
4409,1.9107068181037903,2.421482949545384e-06,,
4410,1.8537867069244385,2.419693962910975e-06,,
4411,1.9381347298622131,2.4179086903950656e-06,,
4412,2.116205334663391,2.4161271327704423e-06,,
4413,2.18440380692482,2.4143492908082793e-06,,
4414,2.031686931848526,2.412575165278142e-06,,
4415,1.753637284040451,2.410804756947988e-06,,
4416,1.951958954334259,2.4090380665841685e-06,,
4417,1.8143964409828186,2.407275094951419e-06,,
4418,1.9142241179943085,2.4055158428128723e-06,,
4419,1.9639708399772644,2.403760310930048e-06,,
4420,2.049767404794693,2.402008500062851e-06,,
4421,1.8197536766529083,2.4002604109695845e-06,,
4422,1.920020192861557,2.3985160444069347e-06,,
4423,1.8928843438625336,2.3967754011299777e-06,,
4424,2.0165533125400543,2.3950384818921757e-06,,
4425,1.7891499400138855,2.393305287445385e-06,,
4426,1.9970340132713318,2.3915758185398423e-06,,
4427,1.7781071960926056,2.389850075924177e-06,,
4428,2.0296732783317566,2.3881280603454037e-06,,
4429,1.8824178576469421,2.3864097725489223e-06,,
4430,1.847990244626999,2.384695213278521e-06,,
4431,1.9554585814476013,2.382984383276373e-06,,
4432,1.8781498074531555,2.381277283283037e-06,,
4433,1.9165714979171753,2.379573914037459e-06,,
4434,2.0500879287719727,2.37787427627697e-06,,
4435,1.590497225522995,2.3761783707372807e-06,,
4436,1.7985646426677704,2.3744861981524935e-06,,
4437,1.7841041088104248,2.3727977592550886e-06,,
4438,1.6382898688316345,2.371113054775936e-06,,
4439,1.8757221102714539,2.3694320854442844e-06,,
4440,1.8505715727806091,2.3677548519877686e-06,,
4441,1.868483543395996,2.3660813551324034e-06,,
4442,2.205061674118042,2.364411595602589e-06,,
4443,1.9513727128505707,2.3627455741211077e-06,,
4444,2.006710410118103,2.3610832914091197e-06,,
4445,1.6568779647350311,2.359424748186174e-06,,
4446,1.6370132267475128,2.3577699451701908e-06,,
4447,1.7185995876789093,2.3561188830774834e-06,,
4448,1.7978734076023102,2.354471562622737e-06,,
4449,1.909371793270111,2.352827984519019e-06,,
4450,1.9611866474151611,2.35118814947778e-06,,
4451,1.9070297181606293,2.349552058208845e-06,,
4452,1.8252153098583221,2.347919711420425e-06,,
4453,2.0128676295280457,2.3462911098191017e-06,,
4454,1.7977497279644012,2.3446662541098466e-06,,
4455,1.8825176358222961,2.3430451449959982e-06,,
4456,1.8016211688518524,2.3414277831792824e-06,,
4457,1.8287064135074615,2.3398141693597985e-06,,
4458,1.877654105424881,2.338204304236023e-06,,
4459,1.83324334025383,2.336598188504812e-06,,
4460,2.0311827957630157,2.3349958228613973e-06,,
4461,1.9712230861186981,2.333397207999388e-06,,
4462,1.8090735971927643,2.331802344610768e-06,,
4463,1.9348095953464508,2.3302112333859024e-06,,
4464,2.017364650964737,2.3286238750135224e-06,,
4465,1.9346241652965546,2.3270402701807468e-06,,
4466,1.9208958148956299,2.325460419573059e-06,,
4467,1.7986351549625397,2.323884323874325e-06,,
4468,1.9983507990837097,2.32231198376678e-06,,
4469,1.8861904740333557,2.3207433999310375e-06,,
4470,2.220100164413452,2.3191785730460814e-06,,
4471,1.684435874223709,2.3176175037892714e-06,,
4472,1.8523318767547607,2.316060192836344e-06,,
4473,1.9603269696235657,2.3145066408614007e-06,,
4474,1.8929183781147003,2.312956848536925e-06,,
4475,1.9380692839622498,2.3114108165337644e-06,,
4476,1.7226041555404663,2.309868545521144e-06,,
4477,1.7601383328437805,2.3083300361666623e-06,,
4478,1.736153393983841,2.3067952891362845e-06,,
4479,1.9461030066013336,2.3052643050943503e-06,,
4480,1.7111732959747314,2.303737084703569e-06,,
4481,1.937297761440277,2.3022136286250227e-06,,
4482,1.781457781791687,2.300693937518162e-06,,
4483,1.9872313439846039,2.299178012040811e-06,,
4484,1.701981246471405,2.297665852849159e-06,,
4485,1.867306500673294,2.296157460597768e-06,,
4486,1.9149032533168793,2.294652835939571e-06,,
4487,1.987178921699524,2.293151979525865e-06,,
4488,1.8510219156742096,2.291654892006322e-06,,
4489,1.6895642280578613,2.2901615740289773e-06,,
4490,1.698115587234497,2.288672026240238e-06,,
4491,2.0142450034618378,2.2871862492848765e-06,,
4492,1.9482791423797607,2.285704243806037e-06,,
4493,2.09208881855011,2.284226010445225e-06,,
4494,1.950594186782837,2.2827515498423204e-06,,
4495,1.6094111204147339,2.281280862635563e-06,,
4496,1.8020137548446655,2.2798139494615663e-06,,
4497,1.67924365401268,2.278350810955303e-06,,
4498,1.785974770784378,2.276891447750116e-06,,
4499,1.6465336680412292,2.275435860477715e-06,,
4500,1.8784653842449188,2.273984049768171e-06,,
4500,,,2.097331294417381,8.144405863170373
4501,1.7706026434898376,2.272536016249926e-06,,
4502,1.79868945479393,2.27109176054978e-06,,
4503,1.9039233326911926,2.269651283292905e-06,,
4504,2.094782292842865,2.268214585102832e-06,,
4505,1.926412671804428,2.266781666601458e-06,,
4506,1.8496684730052948,2.265352528409045e-06,,
4507,1.9789208769798279,2.263927171144216e-06,,
4508,1.8309044539928436,2.2625055954239603e-06,,
4509,1.8489072620868683,2.261087801863629e-06,,
4510,1.8245539665222168,2.2596737910769356e-06,,
4511,1.7411759495735168,2.2582635636759565e-06,,
4512,1.909218281507492,2.2568571202711317e-06,,
4513,1.6819575130939484,2.255454461471259e-06,,
4514,1.9584259390830994,2.2540555878835046e-06,,
4515,1.8324925005435944,2.2526605001133914e-06,,
4516,1.687210351228714,2.2512691987648032e-06,,
4517,1.8866089880466461,2.2498816844399886e-06,,
4518,1.812060922384262,2.2484979577395536e-06,,
4519,1.7578098773956299,2.2471180192624653e-06,,
4520,1.7761901915073395,2.245741869606051e-06,,
4521,1.587234377861023,2.2443695093660016e-06,,
4522,1.5723463892936707,2.243000939136361e-06,,
4523,1.6812671720981598,2.2416361595095376e-06,,
4524,1.8486015498638153,2.2402751710762976e-06,,
4525,1.9370666444301605,2.238917974425765e-06,,
4526,1.7482085227966309,2.2375645701454245e-06,,
4527,2.0208187997341156,2.2362149588211173e-06,,
4528,1.5834355056285858,2.234869141037044e-06,,
4529,1.7883656919002533,2.233527117375762e-06,,
4530,1.9778923690319061,2.2321888884181886e-06,,
4531,1.705207347869873,2.2308544547435957e-06,,
4532,1.84517303109169,2.229523816929613e-06,,
4533,1.746311902999878,2.228196975552229e-06,,
4534,2.0086521804332733,2.226873931185787e-06,,
4535,1.862549364566803,2.2255546844029872e-06,,
4536,1.8460183441638947,2.224239235774888e-06,,
4537,1.8717618584632874,2.222927585870899e-06,,
4538,1.7893781661987305,2.221619735258788e-06,,
4539,1.8495380878448486,2.220315684504681e-06,,
4540,1.7858219742774963,2.2190154341730545e-06,,
4541,1.7109728455543518,2.217718984826743e-06,,
4542,1.9070004224777222,2.216426337026934e-06,,
4543,1.9234577119350433,2.215137491333171e-06,,
4544,1.6489321887493134,2.213852448303349e-06,,
4545,1.8675028383731842,2.2125712084937228e-06,,
4546,1.9374442994594574,2.2112937724588913e-06,,
4547,1.8062236309051514,2.210020140751817e-06,,
4548,1.72153702378273,2.2087503139238106e-06,,
4549,1.893450766801834,2.2074842925245343e-06,,
4550,1.8446218967437744,2.2062220771020066e-06,,
4551,1.8207337856292725,2.2049636682025954e-06,,
4552,1.757450133562088,2.2037090663710244e-06,,
4553,1.9104123413562775,2.202458272150366e-06,,
4554,1.8783474266529083,2.201211286082048e-06,,
4555,1.704506516456604,2.199968108705845e-06,,
4556,1.771473377943039,2.198728740559888e-06,,
4557,1.7648433446884155,2.1974931821806537e-06,,
4558,1.8338055312633514,2.196261434102976e-06,,
4559,1.6406689286231995,2.195033496860035e-06,,
4560,1.8285785019397736,2.1938093709833607e-06,,
4561,1.894096314907074,2.192589057002837e-06,,
4562,1.7911924719810486,2.191372555446695e-06,,
4563,1.8851203918457031,2.1901598668415163e-06,,
4564,1.8134297132492065,2.1889509917122322e-06,,
4565,1.7980628907680511,2.187745930582123e-06,,
4566,1.8837134838104248,2.1865446839728175e-06,,
4567,2.044363409280777,2.1853472524042943e-06,,
4568,1.8128585815429688,2.1841536363948806e-06,,
4569,2.1316640377044678,2.182963836461252e-06,,
4570,1.862102597951889,2.18177785311843e-06,,
4571,1.9886983036994934,2.180595686879788e-06,,
4572,1.8556890487670898,2.1794173382570434e-06,,
4573,2.132148563861847,2.1782428077602617e-06,,
4574,1.8715980648994446,2.1770720958978613e-06,,
4575,1.7023617625236511,2.1759052031765968e-06,,
4576,1.7564947009086609,2.1747421301015807e-06,,
4577,1.7681533694267273,2.1735828771762653e-06,,
4578,1.8745779991149902,2.1724274449024507e-06,,
4579,1.8384496867656708,2.171275833780285e-06,,
4580,1.8489026725292206,2.1701280443082597e-06,,
4581,2.0263898968696594,2.168984076983214e-06,,
4582,1.8383115231990814,2.1678439323003307e-06,,
4583,1.8318772614002228,2.1667076107531417e-06,,
4584,2.00595822930336,2.165575112833518e-06,,
4585,1.7949078679084778,2.164446439031682e-06,,
4586,1.916776865720749,2.1633215898361955e-06,,
4587,1.8256299495697021,2.162200565733968e-06,,
4588,2.0601732432842255,2.1610833672102525e-06,,
4589,1.8850086629390717,2.1599699947486444e-06,,
4590,2.011717289686203,2.158860448831085e-06,,
4591,2.0190204083919525,2.1577547299378585e-06,,
4592,1.9239657521247864,2.156652838547592e-06,,
4593,1.7586629986763,2.1555547751372563e-06,,
4594,2.059998393058777,2.1544605401821666e-06,,
4595,1.8233155608177185,2.1533701341559776e-06,,
4596,1.813578575849533,2.1522835575306895e-06,,
4597,1.9592707455158234,2.1512008107766433e-06,,
4598,1.8593968749046326,2.150121894362523e-06,,
4599,1.9489342272281647,2.149046808755355e-06,,
4600,2.033654421567917,2.1479755544205045e-06,,
4601,1.6984990537166595,2.146908131821683e-06,,
4602,1.7629289031028748,2.1458445414209393e-06,,
4603,1.8462638854980469,2.1447847836786675e-06,,
4604,1.8828062415122986,2.143728859053596e-06,,
4605,1.8055645525455475,2.1426767680028027e-06,,
4606,2.0053374767303467,2.141628510981698e-06,,
4607,1.9261711835861206,2.1405840884440377e-06,,
4608,1.794774979352951,2.1395435008419163e-06,,
4609,1.7980511486530304,2.1385067486257683e-06,,
4610,1.7479110062122345,2.137473832244367e-06,,
4611,1.8706282079219818,2.136444752144827e-06,,
4612,2.007835865020752,2.135419508772603e-06,,
4613,1.8203528821468353,2.1343981025714846e-06,,
4614,1.7046925723552704,2.1333805339836058e-06,,
4615,1.8243941962718964,2.1323668034494358e-06,,
4616,1.7755551636219025,2.1313569114077842e-06,,
4617,1.650442659854889,2.130350858295797e-06,,
4618,1.773442804813385,2.1293486445489616e-06,,
4619,1.6626399755477905,2.128350270601101e-06,,
4620,1.8002355098724365,2.1273557368843754e-06,,
4621,1.9366992712020874,2.1263650438292876e-06,,
4622,1.7964471876621246,2.1253781918646705e-06,,
4623,1.745726227760315,2.124395181417702e-06,,
4624,1.9790221750736237,2.123416012913891e-06,,
4625,1.7856129109859467,2.122440686777086e-06,,
4626,1.6290120780467987,2.121469203429473e-06,,
4627,1.8237473368644714,2.120501563291573e-06,,
4628,1.9427882730960846,2.119537766782244e-06,,
4629,1.8915212750434875,2.1185778143186806e-06,,
4630,1.7898547053337097,2.117621706316412e-06,,
4631,2.1335239708423615,2.116669443189306e-06,,
4632,2.0262656807899475,2.115721025349564e-06,,
4633,1.8955641984939575,2.1147764532077226e-06,,
4634,1.9620094001293182,2.1138357271726542e-06,,
4635,1.726565182209015,2.1128988476515685e-06,,
4636,2.008413851261139,2.1119658150500076e-06,,
4637,1.7809052169322968,2.111036629771848e-06,,
4638,1.7829297482967377,2.1101112922193034e-06,,
4639,1.9292014241218567,2.109189802792919e-06,,
4640,1.792511761188507,2.1082721618915766e-06,,
4641,1.782141625881195,2.1073583699124917e-06,,
4642,1.7551869750022888,2.1064484272512125e-06,,
4643,1.8349250555038452,2.105542334301623e-06,,
4644,1.8640863299369812,2.1046400914559388e-06,,
4645,1.7293027341365814,2.103741699104709e-06,,
4646,1.867542177438736,2.1028471576368183e-06,,
4647,1.690652072429657,2.1019564674394815e-06,,
4648,1.6029177904129028,2.1010696288982484e-06,,
4649,1.7140527963638306,2.100186642396999e-06,,
4650,1.9357222020626068,2.0993075083179513e-06,,
4651,1.7671813368797302,2.0984322270416484e-06,,
4652,1.6960782408714294,2.0975607989469713e-06,,
4653,1.787818729877472,2.096693224411131e-06,,
4654,1.7751457393169403,2.0958295038096715e-06,,
4655,1.6990303099155426,2.0949696375164653e-06,,
4656,1.8470658361911774,2.0941136259037204e-06,,
4657,1.883783370256424,2.0932614693419745e-06,,
4658,1.8625920414924622,2.0924131682000963e-06,,
4659,1.7883586883544922,2.0915687228452875e-06,,
4660,1.9680942296981812,2.0907281336430776e-06,,
4661,1.8625400960445404,2.0898914009573296e-06,,
4662,1.6599963903427124,2.0890585251502364e-06,,
4663,1.7442093193531036,2.0882295065823206e-06,,
4664,1.7326020300388336,2.087404345612436e-06,,
4665,1.712182492017746,2.086583042597766e-06,,
4666,1.7103220224380493,2.0857655978938256e-06,,
4667,1.9137326776981354,2.084952011854457e-06,,
4668,1.9776519238948822,2.0841422848318344e-06,,
4669,1.832402914762497,2.0833364171764593e-06,,
4670,1.9416755735874176,2.0825344092371664e-06,,
4671,1.7097481191158295,2.0817362613611143e-06,,
4672,1.8830600678920746,2.080941973893796e-06,,
4673,1.8236067593097687,2.080151547179031e-06,,
4674,1.869467556476593,2.0793649815589666e-06,,
4675,1.7059395015239716,2.0785822773740805e-06,,
4676,1.994674563407898,2.0778034349631787e-06,,
4677,1.9191410541534424,2.0770284546633952e-06,,
4678,1.750210016965866,2.0762573368101914e-06,,
4679,1.9796745479106903,2.075490081737359e-06,,
4680,1.8474484980106354,2.0747266897770133e-06,,
4681,1.8231036067008972,2.0739671612596043e-06,,
4682,1.8102797269821167,2.0732114965139026e-06,,
4683,1.9428068399429321,2.072459695867011e-06,,
4684,1.9723514020442963,2.0717117596443583e-06,,
4685,1.9643728733062744,2.0709676881697e-06,,
4686,2.0770879983901978,2.070227481765118e-06,,
4687,1.9128538966178894,2.069491140751022e-06,,
4688,1.801012545824051,2.068758665446151e-06,,
4689,1.843589335680008,2.0680300561675657e-06,,
4690,1.7136645019054413,2.0673053132306566e-06,,
4691,1.956341177225113,2.0665844369491404e-06,,
4692,1.842930257320404,2.0658674276350597e-06,,
4693,1.8944635391235352,2.065154285598783e-06,,
4694,1.881994903087616,2.064445011149005e-06,,
4695,1.8784405887126923,2.0637396045927447e-06,,
4696,2.1172609329223633,2.06303806623535e-06,,
4697,1.7686314284801483,2.062340396380492e-06,,
4698,1.7317134737968445,2.061646595330168e-06,,
4699,1.6281486749649048,2.0609566633847015e-06,,
4700,1.7802082896232605,2.0602706008427377e-06,,
4701,1.8047784566879272,2.059588408001252e-06,,
4702,1.6501378118991852,2.0589100851555398e-06,,
4703,1.9707527160644531,2.058235632599227e-06,,
4704,1.8659128248691559,2.057565050624257e-06,,
4705,1.6690205037593842,2.0568983395209047e-06,,
4706,1.8414486050605774,2.0562354995777637e-06,,
4707,1.8080047965049744,2.055576531081757e-06,,
4708,1.9144177436828613,2.0549214343181283e-06,,
4709,1.6607608795166016,2.0542702095704456e-06,,
4710,2.0057456493377686,2.0536228571206026e-06,,
4711,1.6778354346752167,2.0529793772488156e-06,,
4712,1.9454421401023865,2.052339770233625e-06,,
4713,1.7542639672756195,2.0517040363518948e-06,,
4714,1.7847232222557068,2.051072175878812e-06,,
4715,1.8387464880943298,2.050444189087886e-06,,
4716,1.9611094295978546,2.049820076250952e-06,,
4717,1.7311290502548218,2.0491998376381677e-06,,
4718,1.865847259759903,2.0485834735180105e-06,,
4719,1.9010795056819916,2.047970984157286e-06,,
4720,2.0439623594284058,2.047362369821118e-06,,
4721,1.8510760068893433,2.046757630772955e-06,,
4722,1.9871144890785217,2.046156767274566e-06,,
4723,2.000995695590973,2.0455597795860484e-06,,
4724,1.6106734573841095,2.044966667965813e-06,,
4725,1.7279976606369019,2.0443774326706e-06,,
4726,1.916620135307312,2.0437920739554686e-06,,
4727,1.9957987368106842,2.0432105920738004e-06,,
4728,1.6526557803153992,2.042632987277298e-06,,
4729,1.8708771765232086,2.0420592598159867e-06,,
4730,1.710670530796051,2.0414894099382146e-06,,
4731,1.8421820104122162,2.0409234378906484e-06,,
4732,1.7263619303703308,2.040361343918279e-06,,
4733,1.678258240222931,2.0398031282644173e-06,,
4734,1.7602319717407227,2.0392487911706957e-06,,
4735,1.7929747104644775,2.038698332877067e-06,,
4736,1.854414165019989,2.038151753621807e-06,,
4737,1.9313641786575317,2.0376090536415088e-06,,
4738,1.9026199579238892,2.0370702331710903e-06,,
4739,1.828495055437088,2.0365352924437877e-06,,
4740,2.119091182947159,2.0360042316911584e-06,,
4741,1.80777308344841,2.035477051143081e-06,,
4742,1.8208469450473785,2.0349537510277514e-06,,
4743,1.755748450756073,2.034434331571691e-06,,
4744,1.676545113325119,2.0339187929997374e-06,,
4745,2.058594763278961,2.0334071355350487e-06,,
4746,1.8284989595413208,2.0328993593991054e-06,,
4747,1.697907030582428,2.0323954648117056e-06,,
4748,1.8646754324436188,2.031895451990967e-06,,
4749,1.999744325876236,2.0313993211533288e-06,,
4750,1.7047329246997833,2.030907072513548e-06,,
4750,,,2.097485014796257,8.14565792055628
4751,1.7244772911071777,2.0304187062847034e-06,,
4752,1.8279070556163788,2.0299342226781914e-06,,
4753,1.7855720520019531,2.029453621903728e-06,,
4754,1.977734237909317,2.028976904169349e-06,,
4755,1.9457193613052368,2.0285040696814088e-06,,
4756,1.9425398707389832,2.028035118644581e-06,,
4757,1.7916030585765839,2.0275700512618583e-06,,
4758,1.9290063083171844,2.027108867734552e-06,,
4759,1.9448910057544708,2.026651568262295e-06,,
4760,1.9024023711681366,2.0261981530430324e-06,,
4761,1.883127599954605,2.0257486222730363e-06,,
4762,1.8248163759708405,2.0253029761468888e-06,,
4763,1.7613932490348816,2.0248612148574985e-06,,
4764,1.7805958092212677,2.0244233385960865e-06,,
4765,1.7240394949913025,2.0239893475521944e-06,,
4766,1.8020004630088806,2.023559241913683e-06,,
4767,1.8537260591983795,2.0231330218667294e-06,,
4768,1.9086780548095703,2.0227106875958293e-06,,
4769,1.8436487019062042,2.0222922392837975e-06,,
4770,1.925632268190384,2.0218776771117646e-06,,
4771,1.7964897155761719,2.021467001259182e-06,,
4772,1.7093432545661926,2.0210602119038153e-06,,
4773,1.8755946457386017,2.020657309221751e-06,,
4774,1.7137562334537506,2.0202582933873915e-06,,
4775,1.7172805964946747,2.0198631645734563e-06,,
4776,1.9428876340389252,2.019471922950984e-06,,
4777,1.6952258944511414,2.0190845686893288e-06,,
4778,1.5828278362751007,2.018701101956163e-06,,
4779,1.6124973595142365,2.018321522917477e-06,,
4780,1.896199345588684,2.0179458317375752e-06,,
4781,1.9092930853366852,2.0175740285790853e-06,,
4782,1.8174917101860046,2.0172061136029434e-06,,
4783,1.758841872215271,2.0168420869684114e-06,,
4784,1.7674652934074402,2.016481948833062e-06,,
4785,1.8825685381889343,2.016125699352785e-06,,
4786,1.7065798044204712,2.0157733386817915e-06,,
4787,1.8176600337028503,2.0154248669726047e-06,,
4788,1.862751066684723,2.0150802843760653e-06,,
4789,1.8547621071338654,2.0147395910413328e-06,,
4790,1.9639573991298676,2.0144027871158815e-06,,
4791,1.6447443664073944,2.0140698727455003e-06,,
4792,1.7232806980609894,2.0137408480742986e-06,,
4793,1.8230750858783722,2.013415713244699e-06,,
4794,1.8999203145503998,2.01309446839744e-06,,
4795,1.7757130861282349,2.0127771136715793e-06,,
4796,1.747060775756836,2.012463649204488e-06,,
4797,1.8940321505069733,2.0121540751318537e-06,,
4798,1.7081899344921112,2.01184839158768e-06,,
4799,1.790344387292862,2.0115465987042884e-06,,
4800,1.6781708300113678,2.011248696612313e-06,,
4801,1.7238680124282837,2.0109546854407063e-06,,
4802,1.9117369949817657,2.0106645653167354e-06,,
4803,1.7164667546749115,2.0103783363659822e-06,,
4804,1.7776389718055725,2.010095998712347e-06,,
4805,1.93216872215271,2.009817552478044e-06,,
4806,1.719002902507782,2.0095429977836016e-06,,
4807,1.9011507332324982,2.009272334747866e-06,,
4808,1.998490571975708,2.0090055634879974e-06,,
4809,1.6568663418293,2.008742684119472e-06,,
4810,2.0080662667751312,2.0084836967560816e-06,,
4811,1.7694240808486938,2.008228601509932e-06,,
4812,1.7806233763694763,2.0079773984914464e-06,,
4813,2.0551535189151764,2.0077300878093614e-06,,
4814,1.95998153090477,2.0074866695707288e-06,,
4815,1.8220072388648987,2.007247143880916e-06,,
4816,1.6023115813732147,2.007011510843607e-06,,
4817,1.8550099432468414,2.006779770560797e-06,,
4818,1.7491525411605835,2.006551923132799e-06,,
4819,1.7478973269462585,2.0063279686582416e-06,,
4820,1.8085461556911469,2.0061079072340646e-06,,
4821,2.0005854964256287,2.0058917389555273e-06,,
4822,1.7480937242507935,2.0056794639162007e-06,,
4823,1.6730436384677887,2.00547108220797e-06,,
4824,1.824645847082138,2.0052665939210386e-06,,
4825,1.9613900482654572,2.0050659991439216e-06,,
4826,1.7579335272312164,2.004869297963449e-06,,
4827,1.8721197247505188,2.0046764904647662e-06,,
4828,1.682191789150238,2.0044875767313336e-06,,
4829,1.8472796380519867,2.004302556844925e-06,,
4830,1.8432798087596893,2.004121430885629e-06,,
4831,1.677632063627243,2.003944198931849e-06,,
4832,1.8661408424377441,2.003770861060302e-06,,
4833,1.9607169330120087,2.00360141734602e-06,,
4834,1.7043401002883911,2.0034358678623506e-06,,
4835,2.07858607172966,2.0032742126809535e-06,,
4836,1.7697245478630066,2.003116451871803e-06,,
4837,1.868300437927246,2.00296258550319e-06,,
4838,1.674742579460144,2.0028126136417173e-06,,
4839,1.770671784877777,2.002666536352302e-06,,
4840,1.565896824002266,2.0025243536981754e-06,,
4841,1.8850094676017761,2.002386065740885e-06,,
4842,1.897999107837677,2.00225167254029e-06,,
4843,1.9006560742855072,2.0021211741545643e-06,,
4844,1.9701623022556305,2.0019945706401973e-06,,
4845,1.7661277949810028,2.0018718620519897e-06,,
4846,1.7273581326007843,2.001753048443059e-06,,
4847,1.6218070089817047,2.001638129864836e-06,,
4848,1.7052819728851318,2.0015271063670635e-06,,
4849,1.6976233422756195,2.001419977997801e-06,,
4850,1.9607043862342834,2.001316744803419e-06,,
4851,1.870151549577713,2.0012174068286064e-06,,
4852,1.84939444065094,2.0011219641163597e-06,,
4853,1.8054885864257812,2.0010304167079957e-06,,
4854,1.8706572949886322,2.0009427646431406e-06,,
4855,1.6905364692211151,2.0008590079597364e-06,,
4856,1.8176045417785645,2.000779146694038e-06,,
4857,1.5479272902011871,2.0007031808806155e-06,,
4858,1.7349270582199097,2.000631110552351e-06,,
4859,1.9952288269996643,2.0005629357404413e-06,,
4860,1.7083651423454285,2.0004986564743985e-06,,
4861,1.9194437265396118,2.000438272782044e-06,,
4862,1.8333047032356262,2.0003817846895186e-06,,
4863,2.0127825140953064,2.0003291922212723e-06,,
4864,1.820069432258606,2.0002804954000717e-06,,
4865,1.8013442754745483,2.0002356942469953e-06,,
4866,2.0087959468364716,2.0001947887814354e-06,,
4867,1.8740128874778748,2.0001577790211e-06,,
4868,1.8108081221580505,2.0001246649820083e-06,,
4869,1.7990389168262482,2.000095446678495e-06,,
4870,1.886789083480835,2.000070124123206e-06,,
4871,1.8262815475463867,2.0000486973271045e-06,,
4872,1.7281926572322845,2.000031166299465e-06,,
4873,1.7192198634147644,2.0000175310478765e-06,,
4874,1.9967244267463684,2.0000077915782384e-06,,
4875,1.7898443639278412,2.0000019478947703e-06,,
4875,,,2.1008189141750337,8.172860043812562
