Data: 50,868 train / 1,038 val examples (68 dropped as longer than 512 tokens)
Model: medium (123,587,328 parameters), initialized from checkpoints/medium/step_20000.pt (step 20000)
step      1 | train_loss 2.5404 | lr 2.00e-07
step      2 | train_loss 2.7312 | lr 4.00e-07
step      3 | train_loss 2.5741 | lr 6.00e-07
step      4 | train_loss 2.8788 | lr 8.00e-07
step      5 | train_loss 2.5939 | lr 1.00e-06
step      6 | train_loss 2.6045 | lr 1.20e-06
step      7 | train_loss 2.8177 | lr 1.40e-06
step      8 | train_loss 2.5459 | lr 1.60e-06
step      9 | train_loss 2.7213 | lr 1.80e-06
step     10 | train_loss 2.7737 | lr 2.00e-06
step     11 | train_loss 2.8567 | lr 2.20e-06
step     12 | train_loss 2.5553 | lr 2.40e-06
step     13 | train_loss 2.7258 | lr 2.60e-06
step     14 | train_loss 2.7909 | lr 2.80e-06
step     15 | train_loss 2.7996 | lr 3.00e-06
step     16 | train_loss 2.5001 | lr 3.20e-06
step     17 | train_loss 2.8166 | lr 3.40e-06
step     18 | train_loss 2.4481 | lr 3.60e-06
step     19 | train_loss 2.4736 | lr 3.80e-06
step     20 | train_loss 2.5872 | lr 4.00e-06
step     21 | train_loss 2.3410 | lr 4.20e-06
step     22 | train_loss 2.3961 | lr 4.40e-06
step     23 | train_loss 2.4843 | lr 4.60e-06
step     24 | train_loss 2.5282 | lr 4.80e-06
step     25 | train_loss 2.4817 | lr 5.00e-06
step     26 | train_loss 2.4109 | lr 5.20e-06
step     27 | train_loss 2.4184 | lr 5.40e-06
step     28 | train_loss 2.6255 | lr 5.60e-06
step     29 | train_loss 2.3157 | lr 5.80e-06
step     30 | train_loss 2.3194 | lr 6.00e-06
step     31 | train_loss 2.5376 | lr 6.20e-06
step     32 | train_loss 2.4008 | lr 6.40e-06
step     33 | train_loss 2.4482 | lr 6.60e-06
step     34 | train_loss 2.4445 | lr 6.80e-06
step     35 | train_loss 2.4075 | lr 7.00e-06
step     36 | train_loss 2.5341 | lr 7.20e-06
step     37 | train_loss 2.2842 | lr 7.40e-06
step     38 | train_loss 2.3346 | lr 7.60e-06
step     39 | train_loss 2.5364 | lr 7.80e-06
step     40 | train_loss 2.2110 | lr 8.00e-06
step     41 | train_loss 2.3688 | lr 8.20e-06
step     42 | train_loss 2.1886 | lr 8.40e-06
step     43 | train_loss 2.4773 | lr 8.60e-06
step     44 | train_loss 2.2599 | lr 8.80e-06
step     45 | train_loss 2.5290 | lr 9.00e-06
step     46 | train_loss 2.3219 | lr 9.20e-06
step     47 | train_loss 2.3242 | lr 9.40e-06
step     48 | train_loss 2.2494 | lr 9.60e-06
step     49 | train_loss 2.1681 | lr 9.80e-06
step     50 | train_loss 2.3665 | lr 1.00e-05
step     51 | train_loss 2.3092 | lr 1.02e-05
step     52 | train_loss 2.2995 | lr 1.04e-05
step     53 | train_loss 2.2006 | lr 1.06e-05
step     54 | train_loss 2.3003 | lr 1.08e-05
step     55 | train_loss 2.3216 | lr 1.10e-05
step     56 | train_loss 2.3027 | lr 1.12e-05
step     57 | train_loss 2.4678 | lr 1.14e-05
step     58 | train_loss 2.4617 | lr 1.16e-05
step     59 | train_loss 2.3203 | lr 1.18e-05
step     60 | train_loss 2.4789 | lr 1.20e-05
step     61 | train_loss 2.2909 | lr 1.22e-05
step     62 | train_loss 2.1972 | lr 1.24e-05
step     63 | train_loss 2.3419 | lr 1.26e-05
step     64 | train_loss 2.3526 | lr 1.28e-05
step     65 | train_loss 2.2398 | lr 1.30e-05
step     66 | train_loss 2.2787 | lr 1.32e-05
step     67 | train_loss 2.1854 | lr 1.34e-05
step     68 | train_loss 2.2631 | lr 1.36e-05
step     69 | train_loss 2.2506 | lr 1.38e-05
step     70 | train_loss 2.0114 | lr 1.40e-05
step     71 | train_loss 2.1876 | lr 1.42e-05
step     72 | train_loss 2.3380 | lr 1.44e-05
step     73 | train_loss 2.1568 | lr 1.46e-05
step     74 | train_loss 2.2592 | lr 1.48e-05
step     75 | train_loss 2.2411 | lr 1.50e-05
step     76 | train_loss 2.4965 | lr 1.52e-05
step     77 | train_loss 2.1729 | lr 1.54e-05
step     78 | train_loss 2.1560 | lr 1.56e-05
step     79 | train_loss 2.2546 | lr 1.58e-05
step     80 | train_loss 2.1989 | lr 1.60e-05
step     81 | train_loss 2.4072 | lr 1.62e-05
step     82 | train_loss 2.3378 | lr 1.64e-05
step     83 | train_loss 2.1654 | lr 1.66e-05
step     84 | train_loss 2.2968 | lr 1.68e-05
step     85 | train_loss 2.3814 | lr 1.70e-05
step     86 | train_loss 2.3381 | lr 1.72e-05
step     87 | train_loss 2.3070 | lr 1.74e-05
step     88 | train_loss 2.2400 | lr 1.76e-05
step     89 | train_loss 2.0963 | lr 1.78e-05
step     90 | train_loss 2.1039 | lr 1.80e-05
step     91 | train_loss 2.2804 | lr 1.82e-05
step     92 | train_loss 2.2748 | lr 1.84e-05
step     93 | train_loss 2.0557 | lr 1.86e-05
step     94 | train_loss 2.2102 | lr 1.88e-05
step     95 | train_loss 2.0433 | lr 1.90e-05
step     96 | train_loss 2.1799 | lr 1.92e-05
step     97 | train_loss 2.4484 | lr 1.94e-05
step     98 | train_loss 2.3074 | lr 1.96e-05
step     99 | train_loss 2.2743 | lr 1.98e-05
step    100 | train_loss 2.2278 | lr 2.00e-05
step    101 | train_loss 2.3744 | lr 2.00e-05
step    102 | train_loss 2.4100 | lr 2.00e-05
step    103 | train_loss 2.4263 | lr 2.00e-05
step    104 | train_loss 2.3442 | lr 2.00e-05
step    105 | train_loss 2.2057 | lr 2.00e-05
step    106 | train_loss 2.1867 | lr 2.00e-05
step    107 | train_loss 2.3029 | lr 2.00e-05
step    108 | train_loss 2.5213 | lr 2.00e-05
step    109 | train_loss 2.0951 | lr 2.00e-05
step    110 | train_loss 2.2650 | lr 2.00e-05
step    111 | train_loss 2.1355 | lr 2.00e-05
step    112 | train_loss 2.4603 | lr 2.00e-05
step    113 | train_loss 2.5372 | lr 2.00e-05
step    114 | train_loss 2.1933 | lr 2.00e-05
step    115 | train_loss 2.0661 | lr 2.00e-05
step    116 | train_loss 2.4250 | lr 2.00e-05
step    117 | train_loss 2.1918 | lr 2.00e-05
step    118 | train_loss 2.2238 | lr 2.00e-05
step    119 | train_loss 2.2897 | lr 2.00e-05
step    120 | train_loss 2.2681 | lr 2.00e-05
step    121 | train_loss 2.2469 | lr 2.00e-05
step    122 | train_loss 2.5204 | lr 2.00e-05
step    123 | train_loss 2.1500 | lr 2.00e-05
step    124 | train_loss 2.1855 | lr 2.00e-05
step    125 | train_loss 2.2320 | lr 2.00e-05
step    126 | train_loss 2.3321 | lr 2.00e-05
step    127 | train_loss 2.2517 | lr 2.00e-05
step    128 | train_loss 2.2714 | lr 2.00e-05
step    129 | train_loss 2.1276 | lr 2.00e-05
step    130 | train_loss 2.0973 | lr 2.00e-05
step    131 | train_loss 2.3728 | lr 2.00e-05
step    132 | train_loss 2.0809 | lr 2.00e-05
step    133 | train_loss 2.1928 | lr 2.00e-05
step    134 | train_loss 2.1008 | lr 2.00e-05
step    135 | train_loss 2.3065 | lr 2.00e-05
step    136 | train_loss 2.0702 | lr 2.00e-05
step    137 | train_loss 2.0548 | lr 2.00e-05
step    138 | train_loss 2.2906 | lr 2.00e-05
step    139 | train_loss 2.3369 | lr 2.00e-05
step    140 | train_loss 2.2580 | lr 2.00e-05
step    141 | train_loss 2.1642 | lr 2.00e-05
step    142 | train_loss 2.4213 | lr 2.00e-05
step    143 | train_loss 2.1501 | lr 2.00e-05
step    144 | train_loss 2.2342 | lr 2.00e-05
step    145 | train_loss 2.2802 | lr 2.00e-05
step    146 | train_loss 1.9180 | lr 2.00e-05
step    147 | train_loss 2.2951 | lr 2.00e-05
step    148 | train_loss 2.0925 | lr 2.00e-05
step    149 | train_loss 2.2022 | lr 2.00e-05
step    150 | train_loss 2.3461 | lr 2.00e-05
step    151 | train_loss 2.3366 | lr 2.00e-05
step    152 | train_loss 2.1104 | lr 2.00e-05
step    153 | train_loss 2.5001 | lr 2.00e-05
step    154 | train_loss 2.1922 | lr 2.00e-05
step    155 | train_loss 2.2587 | lr 2.00e-05
step    156 | train_loss 2.2132 | lr 2.00e-05
step    157 | train_loss 2.2362 | lr 2.00e-05
step    158 | train_loss 2.1142 | lr 2.00e-05
step    159 | train_loss 2.1612 | lr 2.00e-05
step    160 | train_loss 2.1794 | lr 2.00e-05
step    161 | train_loss 2.3078 | lr 2.00e-05
step    162 | train_loss 2.0030 | lr 2.00e-05
step    163 | train_loss 2.2148 | lr 2.00e-05
step    164 | train_loss 2.3709 | lr 2.00e-05
step    165 | train_loss 2.3300 | lr 2.00e-05
step    166 | train_loss 2.0532 | lr 2.00e-05
step    167 | train_loss 2.3670 | lr 2.00e-05
step    168 | train_loss 2.1804 | lr 2.00e-05
step    169 | train_loss 2.1976 | lr 2.00e-05
step    170 | train_loss 2.2264 | lr 2.00e-05
step    171 | train_loss 2.0768 | lr 2.00e-05
step    172 | train_loss 2.1775 | lr 2.00e-05
step    173 | train_loss 2.1571 | lr 2.00e-05
step    174 | train_loss 2.2328 | lr 2.00e-05
step    175 | train_loss 2.1212 | lr 2.00e-05
step    176 | train_loss 2.3204 | lr 2.00e-05
step    177 | train_loss 2.1456 | lr 2.00e-05
step    178 | train_loss 2.2794 | lr 2.00e-05
step    179 | train_loss 2.2501 | lr 2.00e-05
step    180 | train_loss 2.4041 | lr 2.00e-05
step    181 | train_loss 2.1787 | lr 2.00e-05
step    182 | train_loss 2.5002 | lr 2.00e-05
step    183 | train_loss 2.2193 | lr 2.00e-05
step    184 | train_loss 2.2478 | lr 2.00e-05
step    185 | train_loss 2.0822 | lr 2.00e-05
step    186 | train_loss 2.0588 | lr 2.00e-05
step    187 | train_loss 2.2897 | lr 2.00e-05
step    188 | train_loss 2.1090 | lr 2.00e-05
step    189 | train_loss 2.2595 | lr 2.00e-05
step    190 | train_loss 2.3089 | lr 2.00e-05
step    191 | train_loss 2.1809 | lr 2.00e-05
step    192 | train_loss 2.4946 | lr 2.00e-05
step    193 | train_loss 2.0808 | lr 2.00e-05
step    194 | train_loss 2.2823 | lr 2.00e-05
step    195 | train_loss 2.2454 | lr 2.00e-05
step    196 | train_loss 2.0388 | lr 2.00e-05
step    197 | train_loss 2.1300 | lr 2.00e-05
step    198 | train_loss 2.0621 | lr 2.00e-05
step    199 | train_loss 2.2716 | lr 2.00e-05
step    200 | train_loss 2.2139 | lr 2.00e-05
step    201 | train_loss 2.3128 | lr 2.00e-05
step    202 | train_loss 1.9273 | lr 2.00e-05
step    203 | train_loss 2.1797 | lr 2.00e-05
step    204 | train_loss 2.4681 | lr 2.00e-05
step    205 | train_loss 2.2240 | lr 2.00e-05
step    206 | train_loss 2.4783 | lr 2.00e-05
step    207 | train_loss 2.0877 | lr 2.00e-05
step    208 | train_loss 2.0549 | lr 2.00e-05
step    209 | train_loss 2.0669 | lr 2.00e-05
step    210 | train_loss 2.0642 | lr 2.00e-05
step    211 | train_loss 2.0007 | lr 2.00e-05
step    212 | train_loss 2.0959 | lr 2.00e-05
step    213 | train_loss 2.1325 | lr 2.00e-05
step    214 | train_loss 2.1646 | lr 2.00e-05
step    215 | train_loss 2.2365 | lr 2.00e-05
step    216 | train_loss 2.3054 | lr 2.00e-05
step    217 | train_loss 2.3246 | lr 2.00e-05
step    218 | train_loss 2.1315 | lr 2.00e-05
step    219 | train_loss 2.2000 | lr 2.00e-05
step    220 | train_loss 2.1732 | lr 2.00e-05
step    221 | train_loss 2.0670 | lr 2.00e-05
step    222 | train_loss 2.1774 | lr 2.00e-05
step    223 | train_loss 2.0809 | lr 2.00e-05
step    224 | train_loss 2.1497 | lr 2.00e-05
step    225 | train_loss 2.0614 | lr 2.00e-05
step    226 | train_loss 2.3153 | lr 2.00e-05
step    227 | train_loss 2.2932 | lr 2.00e-05
step    228 | train_loss 2.1790 | lr 2.00e-05
step    229 | train_loss 2.2169 | lr 2.00e-05
step    230 | train_loss 2.1834 | lr 2.00e-05
step    231 | train_loss 2.3710 | lr 2.00e-05
step    232 | train_loss 2.1166 | lr 2.00e-05
step    233 | train_loss 2.0054 | lr 2.00e-05
step    234 | train_loss 2.2673 | lr 2.00e-05
step    235 | train_loss 2.1766 | lr 2.00e-05
step    236 | train_loss 2.0655 | lr 2.00e-05
step    237 | train_loss 2.4680 | lr 2.00e-05
step    238 | train_loss 1.9738 | lr 2.00e-05
step    239 | train_loss 2.2229 | lr 2.00e-05
step    240 | train_loss 2.2638 | lr 2.00e-05
step    241 | train_loss 2.0919 | lr 2.00e-05
step    242 | train_loss 2.0893 | lr 2.00e-05
step    243 | train_loss 2.4867 | lr 2.00e-05
step    244 | train_loss 2.1166 | lr 2.00e-05
step    245 | train_loss 2.1540 | lr 2.00e-05
step    246 | train_loss 2.2370 | lr 2.00e-05
step    247 | train_loss 2.1412 | lr 2.00e-05
step    248 | train_loss 2.3954 | lr 2.00e-05
step    249 | train_loss 2.0312 | lr 2.00e-05
step    250 | train_loss 2.1198 | lr 2.00e-05
step    250 | val_loss 2.1624 | val_ppl 8.69
step    251 | train_loss 2.2452 | lr 2.00e-05
step    252 | train_loss 2.1056 | lr 2.00e-05
step    253 | train_loss 2.0906 | lr 2.00e-05
step    254 | train_loss 2.0002 | lr 2.00e-05
step    255 | train_loss 2.3234 | lr 2.00e-05
step    256 | train_loss 2.1779 | lr 2.00e-05
step    257 | train_loss 2.2629 | lr 2.00e-05
step    258 | train_loss 2.4725 | lr 2.00e-05
step    259 | train_loss 2.1091 | lr 2.00e-05
step    260 | train_loss 2.1486 | lr 2.00e-05
step    261 | train_loss 2.1331 | lr 2.00e-05
step    262 | train_loss 2.2121 | lr 1.99e-05
step    263 | train_loss 2.1571 | lr 1.99e-05
step    264 | train_loss 2.4298 | lr 1.99e-05
step    265 | train_loss 2.1189 | lr 1.99e-05
step    266 | train_loss 2.2837 | lr 1.99e-05
step    267 | train_loss 2.0056 | lr 1.99e-05
step    268 | train_loss 2.2539 | lr 1.99e-05
step    269 | train_loss 2.1011 | lr 1.99e-05
step    270 | train_loss 2.1546 | lr 1.99e-05
step    271 | train_loss 2.2994 | lr 1.99e-05
step    272 | train_loss 2.2472 | lr 1.99e-05
step    273 | train_loss 2.1446 | lr 1.99e-05
step    274 | train_loss 2.2538 | lr 1.99e-05
step    275 | train_loss 2.0732 | lr 1.99e-05
step    276 | train_loss 2.1089 | lr 1.99e-05
step    277 | train_loss 2.0066 | lr 1.99e-05
step    278 | train_loss 2.1953 | lr 1.99e-05
step    279 | train_loss 2.0288 | lr 1.99e-05
step    280 | train_loss 2.1843 | lr 1.99e-05
step    281 | train_loss 2.1186 | lr 1.99e-05
step    282 | train_loss 2.3144 | lr 1.99e-05
step    283 | train_loss 2.4047 | lr 1.99e-05
step    284 | train_loss 1.9888 | lr 1.99e-05
step    285 | train_loss 2.0672 | lr 1.99e-05
step    286 | train_loss 2.2586 | lr 1.99e-05
step    287 | train_loss 2.3368 | lr 1.99e-05
step    288 | train_loss 2.1750 | lr 1.99e-05
step    289 | train_loss 1.9480 | lr 1.99e-05
step    290 | train_loss 2.0657 | lr 1.99e-05
step    291 | train_loss 2.2539 | lr 1.99e-05
step    292 | train_loss 2.2494 | lr 1.99e-05
step    293 | train_loss 2.1537 | lr 1.99e-05
step    294 | train_loss 2.3075 | lr 1.99e-05
step    295 | train_loss 2.3077 | lr 1.99e-05
step    296 | train_loss 2.0657 | lr 1.99e-05
step    297 | train_loss 2.1030 | lr 1.99e-05
step    298 | train_loss 1.9869 | lr 1.99e-05
step    299 | train_loss 1.9380 | lr 1.99e-05
step    300 | train_loss 2.1511 | lr 1.99e-05
step    301 | train_loss 2.2988 | lr 1.99e-05
step    302 | train_loss 2.0063 | lr 1.99e-05
step    303 | train_loss 2.0179 | lr 1.99e-05
step    304 | train_loss 2.0309 | lr 1.99e-05
step    305 | train_loss 2.2339 | lr 1.99e-05
step    306 | train_loss 2.1405 | lr 1.99e-05
step    307 | train_loss 2.1445 | lr 1.99e-05
step    308 | train_loss 2.1344 | lr 1.99e-05
step    309 | train_loss 2.2713 | lr 1.99e-05
step    310 | train_loss 2.2306 | lr 1.99e-05
step    311 | train_loss 2.2299 | lr 1.99e-05
step    312 | train_loss 1.8997 | lr 1.99e-05
step    313 | train_loss 2.2548 | lr 1.99e-05
step    314 | train_loss 1.9493 | lr 1.99e-05
step    315 | train_loss 2.1519 | lr 1.99e-05
step    316 | train_loss 2.1904 | lr 1.99e-05
step    317 | train_loss 2.2672 | lr 1.99e-05
step    318 | train_loss 2.1721 | lr 1.99e-05
step    319 | train_loss 2.0631 | lr 1.99e-05
step    320 | train_loss 2.1511 | lr 1.99e-05
step    321 | train_loss 2.2004 | lr 1.99e-05
step    322 | train_loss 2.2142 | lr 1.99e-05
step    323 | train_loss 2.1279 | lr 1.99e-05
step    324 | train_loss 2.0282 | lr 1.99e-05
step    325 | train_loss 2.1568 | lr 1.99e-05
step    326 | train_loss 2.1335 | lr 1.99e-05
step    327 | train_loss 2.0950 | lr 1.99e-05
step    328 | train_loss 2.0446 | lr 1.99e-05
step    329 | train_loss 2.1507 | lr 1.99e-05
step    330 | train_loss 2.5190 | lr 1.99e-05
step    331 | train_loss 2.0190 | lr 1.99e-05
step    332 | train_loss 2.0222 | lr 1.99e-05
step    333 | train_loss 2.1126 | lr 1.99e-05
step    334 | train_loss 2.2102 | lr 1.99e-05
step    335 | train_loss 2.2422 | lr 1.99e-05
step    336 | train_loss 2.1383 | lr 1.99e-05
step    337 | train_loss 2.1899 | lr 1.99e-05
step    338 | train_loss 2.1180 | lr 1.99e-05
step    339 | train_loss 2.2728 | lr 1.99e-05
step    340 | train_loss 1.9900 | lr 1.99e-05
step    341 | train_loss 2.3156 | lr 1.99e-05
step    342 | train_loss 1.9988 | lr 1.99e-05
step    343 | train_loss 2.2762 | lr 1.99e-05
step    344 | train_loss 2.3715 | lr 1.99e-05
step    345 | train_loss 1.9438 | lr 1.99e-05
step    346 | train_loss 2.1728 | lr 1.99e-05
step    347 | train_loss 2.0390 | lr 1.99e-05
step    348 | train_loss 2.1330 | lr 1.99e-05
step    349 | train_loss 2.2519 | lr 1.99e-05
step    350 | train_loss 2.2079 | lr 1.99e-05
step    351 | train_loss 2.1702 | lr 1.99e-05
step    352 | train_loss 2.0790 | lr 1.99e-05
step    353 | train_loss 2.2137 | lr 1.99e-05
step    354 | train_loss 2.1253 | lr 1.99e-05
step    355 | train_loss 2.4952 | lr 1.99e-05
step    356 | train_loss 2.2210 | lr 1.99e-05
step    357 | train_loss 2.0653 | lr 1.99e-05
step    358 | train_loss 2.1064 | lr 1.99e-05
step    359 | train_loss 2.2160 | lr 1.99e-05
step    360 | train_loss 2.1507 | lr 1.99e-05
step    361 | train_loss 2.0581 | lr 1.99e-05
step    362 | train_loss 2.0516 | lr 1.99e-05
step    363 | train_loss 2.2581 | lr 1.99e-05
step    364 | train_loss 2.2175 | lr 1.99e-05
step    365 | train_loss 2.1851 | lr 1.99e-05
step    366 | train_loss 2.0795 | lr 1.99e-05
step    367 | train_loss 2.1497 | lr 1.99e-05
step    368 | train_loss 1.9891 | lr 1.99e-05
step    369 | train_loss 2.2836 | lr 1.99e-05
step    370 | train_loss 2.0196 | lr 1.99e-05
step    371 | train_loss 2.1602 | lr 1.99e-05
step    372 | train_loss 2.1458 | lr 1.99e-05
step    373 | train_loss 2.4336 | lr 1.99e-05
step    374 | train_loss 2.1273 | lr 1.99e-05
step    375 | train_loss 2.1452 | lr 1.99e-05
step    376 | train_loss 1.9730 | lr 1.99e-05
step    377 | train_loss 2.1563 | lr 1.99e-05
step    378 | train_loss 2.1703 | lr 1.99e-05
step    379 | train_loss 2.5035 | lr 1.98e-05
step    380 | train_loss 2.1186 | lr 1.98e-05
step    381 | train_loss 1.9097 | lr 1.98e-05
step    382 | train_loss 2.1138 | lr 1.98e-05
step    383 | train_loss 2.2822 | lr 1.98e-05
step    384 | train_loss 2.0573 | lr 1.98e-05
step    385 | train_loss 2.2664 | lr 1.98e-05
step    386 | train_loss 2.0131 | lr 1.98e-05
step    387 | train_loss 2.3403 | lr 1.98e-05
step    388 | train_loss 2.0629 | lr 1.98e-05
step    389 | train_loss 2.0693 | lr 1.98e-05
step    390 | train_loss 2.2105 | lr 1.98e-05
step    391 | train_loss 1.9685 | lr 1.98e-05
step    392 | train_loss 2.2454 | lr 1.98e-05
step    393 | train_loss 2.2493 | lr 1.98e-05
step    394 | train_loss 2.0394 | lr 1.98e-05
step    395 | train_loss 2.2347 | lr 1.98e-05
step    396 | train_loss 2.1322 | lr 1.98e-05
step    397 | train_loss 2.2069 | lr 1.98e-05
step    398 | train_loss 2.2324 | lr 1.98e-05
step    399 | train_loss 1.9676 | lr 1.98e-05
step    400 | train_loss 2.0938 | lr 1.98e-05
step    401 | train_loss 2.1697 | lr 1.98e-05
step    402 | train_loss 2.1417 | lr 1.98e-05
step    403 | train_loss 2.1138 | lr 1.98e-05
step    404 | train_loss 2.0213 | lr 1.98e-05
step    405 | train_loss 2.1758 | lr 1.98e-05
step    406 | train_loss 2.2437 | lr 1.98e-05
step    407 | train_loss 2.0650 | lr 1.98e-05
step    408 | train_loss 2.0070 | lr 1.98e-05
step    409 | train_loss 2.0726 | lr 1.98e-05
step    410 | train_loss 2.1623 | lr 1.98e-05
step    411 | train_loss 2.2102 | lr 1.98e-05
step    412 | train_loss 2.2505 | lr 1.98e-05
step    413 | train_loss 2.0002 | lr 1.98e-05
step    414 | train_loss 2.0970 | lr 1.98e-05
step    415 | train_loss 2.0314 | lr 1.98e-05
step    416 | train_loss 2.2256 | lr 1.98e-05
step    417 | train_loss 2.2711 | lr 1.98e-05
step    418 | train_loss 2.1046 | lr 1.98e-05
step    419 | train_loss 2.0193 | lr 1.98e-05
step    420 | train_loss 2.0987 | lr 1.98e-05
step    421 | train_loss 2.2155 | lr 1.98e-05
step    422 | train_loss 2.1947 | lr 1.98e-05
step    423 | train_loss 2.1381 | lr 1.98e-05
step    424 | train_loss 2.1853 | lr 1.98e-05
step    425 | train_loss 2.1960 | lr 1.98e-05
step    426 | train_loss 2.1326 | lr 1.98e-05
step    427 | train_loss 2.0686 | lr 1.98e-05
step    428 | train_loss 2.0781 | lr 1.98e-05
step    429 | train_loss 1.8152 | lr 1.98e-05
step    430 | train_loss 2.1315 | lr 1.98e-05
step    431 | train_loss 2.2041 | lr 1.98e-05
step    432 | train_loss 2.0648 | lr 1.98e-05
step    433 | train_loss 2.0524 | lr 1.98e-05
step    434 | train_loss 2.1118 | lr 1.98e-05
step    435 | train_loss 2.2978 | lr 1.98e-05
step    436 | train_loss 2.2293 | lr 1.98e-05
step    437 | train_loss 2.1006 | lr 1.98e-05
step    438 | train_loss 2.2368 | lr 1.98e-05
step    439 | train_loss 2.2594 | lr 1.98e-05
step    440 | train_loss 2.0743 | lr 1.98e-05
step    441 | train_loss 2.1764 | lr 1.98e-05
step    442 | train_loss 2.1145 | lr 1.98e-05
step    443 | train_loss 2.0452 | lr 1.98e-05
step    444 | train_loss 1.8741 | lr 1.98e-05
step    445 | train_loss 2.0944 | lr 1.98e-05
step    446 | train_loss 2.1381 | lr 1.98e-05
step    447 | train_loss 2.1846 | lr 1.98e-05
step    448 | train_loss 2.2691 | lr 1.98e-05
step    449 | train_loss 2.2149 | lr 1.98e-05
step    450 | train_loss 2.3291 | lr 1.98e-05
step    451 | train_loss 2.0431 | lr 1.98e-05
step    452 | train_loss 2.0463 | lr 1.98e-05
step    453 | train_loss 2.3224 | lr 1.98e-05
step    454 | train_loss 2.1704 | lr 1.98e-05
step    455 | train_loss 1.9099 | lr 1.98e-05
step    456 | train_loss 2.1794 | lr 1.98e-05
step    457 | train_loss 2.0589 | lr 1.98e-05
step    458 | train_loss 2.2309 | lr 1.98e-05
step    459 | train_loss 1.9148 | lr 1.98e-05
step    460 | train_loss 2.0145 | lr 1.98e-05
step    461 | train_loss 2.0797 | lr 1.97e-05
step    462 | train_loss 2.2050 | lr 1.97e-05
step    463 | train_loss 2.2995 | lr 1.97e-05
step    464 | train_loss 2.1417 | lr 1.97e-05
step    465 | train_loss 2.1203 | lr 1.97e-05
step    466 | train_loss 1.9076 | lr 1.97e-05
step    467 | train_loss 2.1222 | lr 1.97e-05
step    468 | train_loss 2.4473 | lr 1.97e-05
step    469 | train_loss 2.1910 | lr 1.97e-05
step    470 | train_loss 2.3287 | lr 1.97e-05
step    471 | train_loss 2.1924 | lr 1.97e-05
step    472 | train_loss 1.8551 | lr 1.97e-05
step    473 | train_loss 1.9942 | lr 1.97e-05
step    474 | train_loss 2.0131 | lr 1.97e-05
step    475 | train_loss 2.1710 | lr 1.97e-05
step    476 | train_loss 2.0085 | lr 1.97e-05
step    477 | train_loss 2.2327 | lr 1.97e-05
step    478 | train_loss 2.2251 | lr 1.97e-05
step    479 | train_loss 2.1278 | lr 1.97e-05
step    480 | train_loss 2.1764 | lr 1.97e-05
step    481 | train_loss 2.1203 | lr 1.97e-05
step    482 | train_loss 2.3063 | lr 1.97e-05
step    483 | train_loss 2.0046 | lr 1.97e-05
step    484 | train_loss 1.9726 | lr 1.97e-05
step    485 | train_loss 2.0427 | lr 1.97e-05
step    486 | train_loss 2.3390 | lr 1.97e-05
step    487 | train_loss 2.2159 | lr 1.97e-05
step    488 | train_loss 2.2564 | lr 1.97e-05
step    489 | train_loss 2.0755 | lr 1.97e-05
step    490 | train_loss 2.3095 | lr 1.97e-05
step    491 | train_loss 2.1606 | lr 1.97e-05
step    492 | train_loss 2.1319 | lr 1.97e-05
step    493 | train_loss 2.2107 | lr 1.97e-05
step    494 | train_loss 2.0285 | lr 1.97e-05
step    495 | train_loss 2.2526 | lr 1.97e-05
step    496 | train_loss 2.0672 | lr 1.97e-05
step    497 | train_loss 2.0326 | lr 1.97e-05
step    498 | train_loss 2.2326 | lr 1.97e-05
step    499 | train_loss 1.9914 | lr 1.97e-05
step    500 | train_loss 2.0615 | lr 1.97e-05
step    500 | val_loss 2.1223 | val_ppl 8.35
Saved checkpoint to checkpoints/sft_alpaca/step_500.pt
step    501 | train_loss 2.2734 | lr 1.97e-05
step    502 | train_loss 2.0928 | lr 1.97e-05
step    503 | train_loss 2.0011 | lr 1.97e-05
step    504 | train_loss 2.0024 | lr 1.97e-05
step    505 | train_loss 2.0253 | lr 1.97e-05
step    506 | train_loss 2.0181 | lr 1.97e-05
step    507 | train_loss 2.1316 | lr 1.97e-05
step    508 | train_loss 2.2256 | lr 1.97e-05
step    509 | train_loss 2.0939 | lr 1.97e-05
step    510 | train_loss 2.1781 | lr 1.97e-05
step    511 | train_loss 2.0822 | lr 1.97e-05
step    512 | train_loss 2.0253 | lr 1.97e-05
step    513 | train_loss 2.2616 | lr 1.97e-05
step    514 | train_loss 1.9219 | lr 1.97e-05
step    515 | train_loss 2.2258 | lr 1.97e-05
step    516 | train_loss 2.1414 | lr 1.97e-05
step    517 | train_loss 2.2023 | lr 1.97e-05
step    518 | train_loss 2.2659 | lr 1.97e-05
step    519 | train_loss 2.0414 | lr 1.97e-05
step    520 | train_loss 2.1676 | lr 1.97e-05
step    521 | train_loss 2.2056 | lr 1.97e-05
step    522 | train_loss 1.8717 | lr 1.97e-05
step    523 | train_loss 1.9533 | lr 1.97e-05
step    524 | train_loss 2.2484 | lr 1.97e-05
step    525 | train_loss 2.1264 | lr 1.97e-05
step    526 | train_loss 2.0746 | lr 1.97e-05
step    527 | train_loss 2.1105 | lr 1.96e-05
step    528 | train_loss 2.2253 | lr 1.96e-05
step    529 | train_loss 2.0822 | lr 1.96e-05
step    530 | train_loss 2.0222 | lr 1.96e-05
step    531 | train_loss 2.1170 | lr 1.96e-05
step    532 | train_loss 2.0231 | lr 1.96e-05
step    533 | train_loss 2.3067 | lr 1.96e-05
step    534 | train_loss 2.1081 | lr 1.96e-05
step    535 | train_loss 2.1732 | lr 1.96e-05
step    536 | train_loss 2.2470 | lr 1.96e-05
step    537 | train_loss 2.1590 | lr 1.96e-05
step    538 | train_loss 2.1264 | lr 1.96e-05
step    539 | train_loss 1.9794 | lr 1.96e-05
step    540 | train_loss 2.1107 | lr 1.96e-05
step    541 | train_loss 2.2188 | lr 1.96e-05
step    542 | train_loss 2.3581 | lr 1.96e-05
step    543 | train_loss 2.2714 | lr 1.96e-05
step    544 | train_loss 2.1246 | lr 1.96e-05
step    545 | train_loss 2.2376 | lr 1.96e-05
step    546 | train_loss 2.0867 | lr 1.96e-05
step    547 | train_loss 2.1708 | lr 1.96e-05
step    548 | train_loss 2.1205 | lr 1.96e-05
step    549 | train_loss 2.0820 | lr 1.96e-05
step    550 | train_loss 2.2055 | lr 1.96e-05
step    551 | train_loss 2.0062 | lr 1.96e-05
step    552 | train_loss 2.2750 | lr 1.96e-05
step    553 | train_loss 2.0494 | lr 1.96e-05
step    554 | train_loss 2.0470 | lr 1.96e-05
step    555 | train_loss 2.0678 | lr 1.96e-05
step    556 | train_loss 2.0908 | lr 1.96e-05
step    557 | train_loss 2.1109 | lr 1.96e-05
step    558 | train_loss 2.0942 | lr 1.96e-05
step    559 | train_loss 2.0550 | lr 1.96e-05
step    560 | train_loss 2.0723 | lr 1.96e-05
step    561 | train_loss 2.1644 | lr 1.96e-05
step    562 | train_loss 1.9707 | lr 1.96e-05
step    563 | train_loss 2.1797 | lr 1.96e-05
step    564 | train_loss 2.0856 | lr 1.96e-05
step    565 | train_loss 2.1267 | lr 1.96e-05
step    566 | train_loss 2.2830 | lr 1.96e-05
step    567 | train_loss 2.3465 | lr 1.96e-05
step    568 | train_loss 2.1250 | lr 1.96e-05
step    569 | train_loss 2.0036 | lr 1.96e-05
step    570 | train_loss 1.9857 | lr 1.96e-05
step    571 | train_loss 2.2014 | lr 1.96e-05
step    572 | train_loss 2.1014 | lr 1.96e-05
step    573 | train_loss 2.0166 | lr 1.96e-05
step    574 | train_loss 2.2852 | lr 1.96e-05
step    575 | train_loss 2.1443 | lr 1.96e-05
step    576 | train_loss 2.4491 | lr 1.96e-05
step    577 | train_loss 2.0473 | lr 1.96e-05
step    578 | train_loss 2.0795 | lr 1.96e-05
step    579 | train_loss 2.2219 | lr 1.96e-05
step    580 | train_loss 2.1860 | lr 1.96e-05
step    581 | train_loss 2.1196 | lr 1.96e-05
step    582 | train_loss 2.1367 | lr 1.96e-05
step    583 | train_loss 2.1835 | lr 1.96e-05
step    584 | train_loss 2.1224 | lr 1.95e-05
step    585 | train_loss 2.1388 | lr 1.95e-05
step    586 | train_loss 1.9961 | lr 1.95e-05
step    587 | train_loss 2.1411 | lr 1.95e-05
step    588 | train_loss 2.0494 | lr 1.95e-05
step    589 | train_loss 1.9699 | lr 1.95e-05
step    590 | train_loss 2.0229 | lr 1.95e-05
step    591 | train_loss 2.0288 | lr 1.95e-05
step    592 | train_loss 2.3590 | lr 1.95e-05
step    593 | train_loss 2.2439 | lr 1.95e-05
step    594 | train_loss 2.1175 | lr 1.95e-05
step    595 | train_loss 2.0947 | lr 1.95e-05
step    596 | train_loss 2.2312 | lr 1.95e-05
step    597 | train_loss 2.4045 | lr 1.95e-05
step    598 | train_loss 1.7632 | lr 1.95e-05
step    599 | train_loss 2.1391 | lr 1.95e-05
step    600 | train_loss 2.0348 | lr 1.95e-05
step    601 | train_loss 1.9610 | lr 1.95e-05
step    602 | train_loss 2.2218 | lr 1.95e-05
step    603 | train_loss 2.0536 | lr 1.95e-05
step    604 | train_loss 2.2077 | lr 1.95e-05
step    605 | train_loss 2.2050 | lr 1.95e-05
step    606 | train_loss 2.0862 | lr 1.95e-05
step    607 | train_loss 2.0144 | lr 1.95e-05
step    608 | train_loss 2.3029 | lr 1.95e-05
step    609 | train_loss 2.2356 | lr 1.95e-05
step    610 | train_loss 2.1816 | lr 1.95e-05
step    611 | train_loss 1.9514 | lr 1.95e-05
step    612 | train_loss 2.1667 | lr 1.95e-05
step    613 | train_loss 2.1795 | lr 1.95e-05
step    614 | train_loss 2.0200 | lr 1.95e-05
step    615 | train_loss 2.1637 | lr 1.95e-05
step    616 | train_loss 2.1048 | lr 1.95e-05
step    617 | train_loss 2.2594 | lr 1.95e-05
step    618 | train_loss 2.0485 | lr 1.95e-05
step    619 | train_loss 2.2296 | lr 1.95e-05
step    620 | train_loss 2.2241 | lr 1.95e-05
step    621 | train_loss 2.2844 | lr 1.95e-05
step    622 | train_loss 1.8515 | lr 1.95e-05
step    623 | train_loss 2.1057 | lr 1.95e-05
step    624 | train_loss 2.1352 | lr 1.95e-05
step    625 | train_loss 2.2384 | lr 1.95e-05
step    626 | train_loss 2.3978 | lr 1.95e-05
step    627 | train_loss 2.1109 | lr 1.95e-05
step    628 | train_loss 2.1667 | lr 1.95e-05
step    629 | train_loss 2.1145 | lr 1.95e-05
step    630 | train_loss 2.0352 | lr 1.95e-05
step    631 | train_loss 2.1294 | lr 1.95e-05
step    632 | train_loss 2.1479 | lr 1.95e-05
step    633 | train_loss 2.1149 | lr 1.95e-05
step    634 | train_loss 2.1724 | lr 1.95e-05
step    635 | train_loss 2.0147 | lr 1.95e-05
step    636 | train_loss 1.9372 | lr 1.94e-05
step    637 | train_loss 2.1979 | lr 1.94e-05
step    638 | train_loss 2.0455 | lr 1.94e-05
step    639 | train_loss 2.0479 | lr 1.94e-05
step    640 | train_loss 2.2134 | lr 1.94e-05
step    641 | train_loss 2.0824 | lr 1.94e-05
step    642 | train_loss 2.1386 | lr 1.94e-05
step    643 | train_loss 2.0374 | lr 1.94e-05
step    644 | train_loss 2.3719 | lr 1.94e-05
step    645 | train_loss 2.0432 | lr 1.94e-05
step    646 | train_loss 2.1054 | lr 1.94e-05
step    647 | train_loss 2.5143 | lr 1.94e-05
step    648 | train_loss 1.9958 | lr 1.94e-05
step    649 | train_loss 2.1628 | lr 1.94e-05
step    650 | train_loss 2.2105 | lr 1.94e-05
step    651 | train_loss 2.1645 | lr 1.94e-05
step    652 | train_loss 2.0717 | lr 1.94e-05
step    653 | train_loss 2.1752 | lr 1.94e-05
step    654 | train_loss 2.2609 | lr 1.94e-05
step    655 | train_loss 2.1265 | lr 1.94e-05
step    656 | train_loss 2.0509 | lr 1.94e-05
step    657 | train_loss 2.1447 | lr 1.94e-05
step    658 | train_loss 2.0150 | lr 1.94e-05
step    659 | train_loss 2.1536 | lr 1.94e-05
step    660 | train_loss 2.1399 | lr 1.94e-05
step    661 | train_loss 2.1477 | lr 1.94e-05
step    662 | train_loss 1.8817 | lr 1.94e-05
step    663 | train_loss 2.1558 | lr 1.94e-05
step    664 | train_loss 1.9438 | lr 1.94e-05
step    665 | train_loss 2.2711 | lr 1.94e-05
step    666 | train_loss 2.0486 | lr 1.94e-05
step    667 | train_loss 2.1390 | lr 1.94e-05
step    668 | train_loss 2.2747 | lr 1.94e-05
step    669 | train_loss 2.1532 | lr 1.94e-05
step    670 | train_loss 2.2059 | lr 1.94e-05
step    671 | train_loss 1.9768 | lr 1.94e-05
step    672 | train_loss 2.1765 | lr 1.94e-05
step    673 | train_loss 2.3071 | lr 1.94e-05
step    674 | train_loss 2.1484 | lr 1.94e-05
step    675 | train_loss 2.1187 | lr 1.94e-05
step    676 | train_loss 2.0982 | lr 1.94e-05
step    677 | train_loss 2.1006 | lr 1.94e-05
step    678 | train_loss 2.2591 | lr 1.94e-05
step    679 | train_loss 2.3837 | lr 1.94e-05
step    680 | train_loss 1.8636 | lr 1.94e-05
step    681 | train_loss 2.2273 | lr 1.94e-05
step    682 | train_loss 1.9871 | lr 1.94e-05
step    683 | train_loss 2.2097 | lr 1.93e-05
step    684 | train_loss 1.9961 | lr 1.93e-05
step    685 | train_loss 2.1636 | lr 1.93e-05
step    686 | train_loss 2.0957 | lr 1.93e-05
step    687 | train_loss 1.9795 | lr 1.93e-05
step    688 | train_loss 2.1523 | lr 1.93e-05
step    689 | train_loss 2.2807 | lr 1.93e-05
step    690 | train_loss 2.1179 | lr 1.93e-05
step    691 | train_loss 2.1985 | lr 1.93e-05
step    692 | train_loss 2.1390 | lr 1.93e-05
step    693 | train_loss 2.0316 | lr 1.93e-05
step    694 | train_loss 2.2587 | lr 1.93e-05
step    695 | train_loss 2.0880 | lr 1.93e-05
step    696 | train_loss 1.9881 | lr 1.93e-05
step    697 | train_loss 2.0075 | lr 1.93e-05
step    698 | train_loss 1.9436 | lr 1.93e-05
step    699 | train_loss 2.1410 | lr 1.93e-05
step    700 | train_loss 2.0968 | lr 1.93e-05
step    701 | train_loss 2.1119 | lr 1.93e-05
step    702 | train_loss 1.9752 | lr 1.93e-05
step    703 | train_loss 1.9777 | lr 1.93e-05
step    704 | train_loss 1.9084 | lr 1.93e-05
step    705 | train_loss 2.0903 | lr 1.93e-05
step    706 | train_loss 2.1774 | lr 1.93e-05
step    707 | train_loss 1.7120 | lr 1.93e-05
step    708 | train_loss 2.0443 | lr 1.93e-05
step    709 | train_loss 1.9719 | lr 1.93e-05
step    710 | train_loss 2.0832 | lr 1.93e-05
step    711 | train_loss 1.8882 | lr 1.93e-05
step    712 | train_loss 2.0424 | lr 1.93e-05
step    713 | train_loss 2.1828 | lr 1.93e-05
step    714 | train_loss 2.0511 | lr 1.93e-05
step    715 | train_loss 2.3878 | lr 1.93e-05
step    716 | train_loss 1.8408 | lr 1.93e-05
step    717 | train_loss 2.2983 | lr 1.93e-05
step    718 | train_loss 2.0615 | lr 1.93e-05
step    719 | train_loss 2.2724 | lr 1.93e-05
step    720 | train_loss 2.0787 | lr 1.93e-05
step    721 | train_loss 2.2545 | lr 1.93e-05
step    722 | train_loss 1.9619 | lr 1.93e-05
step    723 | train_loss 2.1556 | lr 1.93e-05
step    724 | train_loss 2.2921 | lr 1.93e-05
step    725 | train_loss 2.0162 | lr 1.93e-05
step    726 | train_loss 1.8799 | lr 1.92e-05
step    727 | train_loss 1.9663 | lr 1.92e-05
step    728 | train_loss 2.2706 | lr 1.92e-05
step    729 | train_loss 2.1532 | lr 1.92e-05
step    730 | train_loss 2.1634 | lr 1.92e-05
step    731 | train_loss 1.9562 | lr 1.92e-05
step    732 | train_loss 2.2746 | lr 1.92e-05
step    733 | train_loss 2.0455 | lr 1.92e-05
step    734 | train_loss 2.3770 | lr 1.92e-05
step    735 | train_loss 1.9519 | lr 1.92e-05
step    736 | train_loss 2.3294 | lr 1.92e-05
step    737 | train_loss 2.2136 | lr 1.92e-05
step    738 | train_loss 2.2032 | lr 1.92e-05
step    739 | train_loss 2.3349 | lr 1.92e-05
step    740 | train_loss 2.1239 | lr 1.92e-05
step    741 | train_loss 2.3047 | lr 1.92e-05
step    742 | train_loss 2.2772 | lr 1.92e-05
step    743 | train_loss 2.2041 | lr 1.92e-05
step    744 | train_loss 2.1113 | lr 1.92e-05
step    745 | train_loss 2.1761 | lr 1.92e-05
step    746 | train_loss 2.0527 | lr 1.92e-05
step    747 | train_loss 2.2164 | lr 1.92e-05
step    748 | train_loss 2.2057 | lr 1.92e-05
step    749 | train_loss 2.2321 | lr 1.92e-05
step    750 | train_loss 2.0452 | lr 1.92e-05
step    750 | val_loss 2.1009 | val_ppl 8.17
step    751 | train_loss 2.1065 | lr 1.92e-05
step    752 | train_loss 2.0242 | lr 1.92e-05
step    753 | train_loss 2.0923 | lr 1.92e-05
step    754 | train_loss 1.9256 | lr 1.92e-05
step    755 | train_loss 1.9282 | lr 1.92e-05
step    756 | train_loss 2.1564 | lr 1.92e-05
step    757 | train_loss 1.9147 | lr 1.92e-05
step    758 | train_loss 2.0776 | lr 1.92e-05
step    759 | train_loss 2.1858 | lr 1.92e-05
step    760 | train_loss 2.1536 | lr 1.92e-05
step    761 | train_loss 2.1568 | lr 1.92e-05
step    762 | train_loss 1.9922 | lr 1.92e-05
step    763 | train_loss 2.0164 | lr 1.92e-05
step    764 | train_loss 2.0973 | lr 1.92e-05
step    765 | train_loss 2.2477 | lr 1.92e-05
step    766 | train_loss 2.0345 | lr 1.92e-05
step    767 | train_loss 2.0085 | lr 1.91e-05
step    768 | train_loss 2.3256 | lr 1.91e-05
step    769 | train_loss 2.1915 | lr 1.91e-05
step    770 | train_loss 2.0875 | lr 1.91e-05
step    771 | train_loss 2.0914 | lr 1.91e-05
step    772 | train_loss 2.3657 | lr 1.91e-05
step    773 | train_loss 2.2459 | lr 1.91e-05
step    774 | train_loss 2.1396 | lr 1.91e-05
step    775 | train_loss 2.2586 | lr 1.91e-05
step    776 | train_loss 2.1487 | lr 1.91e-05
step    777 | train_loss 2.1411 | lr 1.91e-05
step    778 | train_loss 2.1401 | lr 1.91e-05
step    779 | train_loss 2.0557 | lr 1.91e-05
step    780 | train_loss 2.1724 | lr 1.91e-05
step    781 | train_loss 2.3259 | lr 1.91e-05
step    782 | train_loss 2.2909 | lr 1.91e-05
step    783 | train_loss 2.1758 | lr 1.91e-05
step    784 | train_loss 2.0819 | lr 1.91e-05
step    785 | train_loss 2.1563 | lr 1.91e-05
step    786 | train_loss 2.0165 | lr 1.91e-05
step    787 | train_loss 2.1192 | lr 1.91e-05
step    788 | train_loss 1.9301 | lr 1.91e-05
step    789 | train_loss 2.0352 | lr 1.91e-05
step    790 | train_loss 2.4586 | lr 1.91e-05
step    791 | train_loss 2.2158 | lr 1.91e-05
step    792 | train_loss 2.1400 | lr 1.91e-05
step    793 | train_loss 1.9263 | lr 1.91e-05
step    794 | train_loss 2.0485 | lr 1.91e-05
step    795 | train_loss 2.2078 | lr 1.91e-05
step    796 | train_loss 2.1488 | lr 1.91e-05
step    797 | train_loss 2.1983 | lr 1.91e-05
step    798 | train_loss 2.1935 | lr 1.91e-05
step    799 | train_loss 2.0034 | lr 1.91e-05
step    800 | train_loss 2.0143 | lr 1.91e-05
step    801 | train_loss 2.3062 | lr 1.91e-05
step    802 | train_loss 2.0284 | lr 1.91e-05
step    803 | train_loss 2.2347 | lr 1.91e-05
step    804 | train_loss 2.2661 | lr 1.91e-05
step    805 | train_loss 1.9744 | lr 1.91e-05
step    806 | train_loss 2.3333 | lr 1.90e-05
step    807 | train_loss 1.9015 | lr 1.90e-05
step    808 | train_loss 2.0908 | lr 1.90e-05
step    809 | train_loss 2.0884 | lr 1.90e-05
step    810 | train_loss 2.1072 | lr 1.90e-05
step    811 | train_loss 2.2534 | lr 1.90e-05
step    812 | train_loss 2.0304 | lr 1.90e-05
step    813 | train_loss 2.0793 | lr 1.90e-05
step    814 | train_loss 2.1838 | lr 1.90e-05
step    815 | train_loss 1.9953 | lr 1.90e-05
step    816 | train_loss 2.0893 | lr 1.90e-05
step    817 | train_loss 2.0335 | lr 1.90e-05
step    818 | train_loss 1.9246 | lr 1.90e-05
step    819 | train_loss 2.0733 | lr 1.90e-05
step    820 | train_loss 2.0171 | lr 1.90e-05
step    821 | train_loss 2.0205 | lr 1.90e-05
step    822 | train_loss 2.2101 | lr 1.90e-05
step    823 | train_loss 2.0982 | lr 1.90e-05
step    824 | train_loss 1.9832 | lr 1.90e-05
step    825 | train_loss 1.9680 | lr 1.90e-05
step    826 | train_loss 2.0223 | lr 1.90e-05
step    827 | train_loss 2.1976 | lr 1.90e-05
step    828 | train_loss 2.1515 | lr 1.90e-05
step    829 | train_loss 2.1066 | lr 1.90e-05
step    830 | train_loss 2.1138 | lr 1.90e-05
step    831 | train_loss 2.3289 | lr 1.90e-05
step    832 | train_loss 2.2809 | lr 1.90e-05
step    833 | train_loss 1.9098 | lr 1.90e-05
step    834 | train_loss 2.2564 | lr 1.90e-05
step    835 | train_loss 2.4081 | lr 1.90e-05
step    836 | train_loss 2.4194 | lr 1.90e-05
step    837 | train_loss 2.1958 | lr 1.90e-05
step    838 | train_loss 2.4139 | lr 1.90e-05
step    839 | train_loss 2.0939 | lr 1.90e-05
step    840 | train_loss 1.9967 | lr 1.90e-05
step    841 | train_loss 2.1987 | lr 1.90e-05
step    842 | train_loss 1.9496 | lr 1.90e-05
step    843 | train_loss 1.9313 | lr 1.89e-05
step    844 | train_loss 2.0777 | lr 1.89e-05
step    845 | train_loss 2.0810 | lr 1.89e-05
step    846 | train_loss 2.0545 | lr 1.89e-05
step    847 | train_loss 2.1409 | lr 1.89e-05
step    848 | train_loss 2.1514 | lr 1.89e-05
step    849 | train_loss 2.2658 | lr 1.89e-05
step    850 | train_loss 2.0382 | lr 1.89e-05
step    851 | train_loss 2.2270 | lr 1.89e-05
step    852 | train_loss 1.9800 | lr 1.89e-05
step    853 | train_loss 2.1254 | lr 1.89e-05
step    854 | train_loss 2.3477 | lr 1.89e-05
step    855 | train_loss 2.1143 | lr 1.89e-05
step    856 | train_loss 2.3393 | lr 1.89e-05
step    857 | train_loss 2.3413 | lr 1.89e-05
step    858 | train_loss 2.3299 | lr 1.89e-05
step    859 | train_loss 2.1286 | lr 1.89e-05
step    860 | train_loss 2.0310 | lr 1.89e-05
step    861 | train_loss 2.1964 | lr 1.89e-05
step    862 | train_loss 2.2009 | lr 1.89e-05
step    863 | train_loss 2.2429 | lr 1.89e-05
step    864 | train_loss 2.0448 | lr 1.89e-05
step    865 | train_loss 2.2282 | lr 1.89e-05
step    866 | train_loss 1.9822 | lr 1.89e-05
step    867 | train_loss 2.0130 | lr 1.89e-05
step    868 | train_loss 2.0836 | lr 1.89e-05
step    869 | train_loss 2.2987 | lr 1.89e-05
step    870 | train_loss 1.8798 | lr 1.89e-05
step    871 | train_loss 1.9868 | lr 1.89e-05
step    872 | train_loss 2.1163 | lr 1.89e-05
step    873 | train_loss 2.1082 | lr 1.89e-05
step    874 | train_loss 2.0892 | lr 1.89e-05
step    875 | train_loss 2.1110 | lr 1.89e-05
step    876 | train_loss 2.0519 | lr 1.89e-05
step    877 | train_loss 2.1469 | lr 1.89e-05
step    878 | train_loss 2.0950 | lr 1.88e-05
step    879 | train_loss 2.2810 | lr 1.88e-05
step    880 | train_loss 2.0514 | lr 1.88e-05
step    881 | train_loss 1.8124 | lr 1.88e-05
step    882 | train_loss 2.1832 | lr 1.88e-05
step    883 | train_loss 1.8992 | lr 1.88e-05
step    884 | train_loss 1.9330 | lr 1.88e-05
step    885 | train_loss 2.2029 | lr 1.88e-05
step    886 | train_loss 2.0110 | lr 1.88e-05
step    887 | train_loss 1.9971 | lr 1.88e-05
step    888 | train_loss 2.0814 | lr 1.88e-05
step    889 | train_loss 2.0623 | lr 1.88e-05
step    890 | train_loss 2.1594 | lr 1.88e-05
step    891 | train_loss 1.9857 | lr 1.88e-05
step    892 | train_loss 2.1707 | lr 1.88e-05
step    893 | train_loss 2.1891 | lr 1.88e-05
step    894 | train_loss 1.9628 | lr 1.88e-05
step    895 | train_loss 2.0839 | lr 1.88e-05
step    896 | train_loss 2.1195 | lr 1.88e-05
step    897 | train_loss 2.3546 | lr 1.88e-05
step    898 | train_loss 2.2304 | lr 1.88e-05
step    899 | train_loss 2.0700 | lr 1.88e-05
step    900 | train_loss 2.3546 | lr 1.88e-05
step    901 | train_loss 2.0836 | lr 1.88e-05
step    902 | train_loss 1.7503 | lr 1.88e-05
step    903 | train_loss 2.1030 | lr 1.88e-05
step    904 | train_loss 2.1960 | lr 1.88e-05
step    905 | train_loss 2.2005 | lr 1.88e-05
step    906 | train_loss 2.0725 | lr 1.88e-05
step    907 | train_loss 2.0148 | lr 1.88e-05
step    908 | train_loss 2.0505 | lr 1.88e-05
step    909 | train_loss 2.0990 | lr 1.88e-05
step    910 | train_loss 1.8389 | lr 1.88e-05
step    911 | train_loss 2.0914 | lr 1.88e-05
step    912 | train_loss 2.3413 | lr 1.87e-05
step    913 | train_loss 2.0819 | lr 1.87e-05
step    914 | train_loss 2.3889 | lr 1.87e-05
step    915 | train_loss 2.1002 | lr 1.87e-05
step    916 | train_loss 2.0660 | lr 1.87e-05
step    917 | train_loss 2.1010 | lr 1.87e-05
step    918 | train_loss 1.9270 | lr 1.87e-05
step    919 | train_loss 2.2765 | lr 1.87e-05
step    920 | train_loss 2.0479 | lr 1.87e-05
step    921 | train_loss 2.0920 | lr 1.87e-05
step    922 | train_loss 2.2175 | lr 1.87e-05
step    923 | train_loss 1.9358 | lr 1.87e-05
step    924 | train_loss 2.3593 | lr 1.87e-05
step    925 | train_loss 2.0424 | lr 1.87e-05
step    926 | train_loss 1.9871 | lr 1.87e-05
step    927 | train_loss 2.2996 | lr 1.87e-05
step    928 | train_loss 2.1285 | lr 1.87e-05
step    929 | train_loss 2.1915 | lr 1.87e-05
step    930 | train_loss 2.2029 | lr 1.87e-05
step    931 | train_loss 1.9504 | lr 1.87e-05
step    932 | train_loss 2.0385 | lr 1.87e-05
step    933 | train_loss 1.9570 | lr 1.87e-05
step    934 | train_loss 1.9639 | lr 1.87e-05
step    935 | train_loss 2.1867 | lr 1.87e-05
step    936 | train_loss 2.0371 | lr 1.87e-05
step    937 | train_loss 2.0833 | lr 1.87e-05
step    938 | train_loss 2.0786 | lr 1.87e-05
step    939 | train_loss 1.8391 | lr 1.87e-05
step    940 | train_loss 1.8794 | lr 1.87e-05
step    941 | train_loss 2.0356 | lr 1.87e-05
step    942 | train_loss 2.0133 | lr 1.87e-05
step    943 | train_loss 2.0792 | lr 1.87e-05
step    944 | train_loss 2.1405 | lr 1.87e-05
step    945 | train_loss 2.2333 | lr 1.86e-05
step    946 | train_loss 1.9410 | lr 1.86e-05
step    947 | train_loss 2.0747 | lr 1.86e-05
step    948 | train_loss 2.2384 | lr 1.86e-05
step    949 | train_loss 2.2166 | lr 1.86e-05
step    950 | train_loss 2.2742 | lr 1.86e-05
step    951 | train_loss 1.9224 | lr 1.86e-05
step    952 | train_loss 2.0160 | lr 1.86e-05
step    953 | train_loss 2.1618 | lr 1.86e-05
step    954 | train_loss 2.1233 | lr 1.86e-05
step    955 | train_loss 2.1129 | lr 1.86e-05
step    956 | train_loss 2.2367 | lr 1.86e-05
step    957 | train_loss 2.1401 | lr 1.86e-05
step    958 | train_loss 2.0650 | lr 1.86e-05
step    959 | train_loss 2.0150 | lr 1.86e-05
step    960 | train_loss 2.3773 | lr 1.86e-05
step    961 | train_loss 2.2347 | lr 1.86e-05
step    962 | train_loss 2.0937 | lr 1.86e-05
step    963 | train_loss 2.0921 | lr 1.86e-05
step    964 | train_loss 2.3366 | lr 1.86e-05
step    965 | train_loss 2.2330 | lr 1.86e-05
step    966 | train_loss 1.9654 | lr 1.86e-05
step    967 | train_loss 2.0462 | lr 1.86e-05
step    968 | train_loss 2.1596 | lr 1.86e-05
step    969 | train_loss 2.3005 | lr 1.86e-05
step    970 | train_loss 2.0605 | lr 1.86e-05
step    971 | train_loss 1.9958 | lr 1.86e-05
step    972 | train_loss 1.8984 | lr 1.86e-05
step    973 | train_loss 2.0565 | lr 1.86e-05
step    974 | train_loss 1.9767 | lr 1.86e-05
step    975 | train_loss 2.0864 | lr 1.86e-05
step    976 | train_loss 2.0482 | lr 1.85e-05
step    977 | train_loss 2.2342 | lr 1.85e-05
step    978 | train_loss 2.1792 | lr 1.85e-05
step    979 | train_loss 2.1218 | lr 1.85e-05
step    980 | train_loss 2.2205 | lr 1.85e-05
step    981 | train_loss 2.2729 | lr 1.85e-05
step    982 | train_loss 2.0423 | lr 1.85e-05
step    983 | train_loss 2.1629 | lr 1.85e-05
step    984 | train_loss 2.0853 | lr 1.85e-05
step    985 | train_loss 1.9707 | lr 1.85e-05
step    986 | train_loss 2.0277 | lr 1.85e-05
step    987 | train_loss 2.1529 | lr 1.85e-05
step    988 | train_loss 2.1701 | lr 1.85e-05
step    989 | train_loss 2.1273 | lr 1.85e-05
step    990 | train_loss 2.1517 | lr 1.85e-05
step    991 | train_loss 2.3144 | lr 1.85e-05
step    992 | train_loss 1.9517 | lr 1.85e-05
step    993 | train_loss 2.0138 | lr 1.85e-05
step    994 | train_loss 2.1562 | lr 1.85e-05
step    995 | train_loss 2.1354 | lr 1.85e-05
step    996 | train_loss 2.1596 | lr 1.85e-05
step    997 | train_loss 2.1623 | lr 1.85e-05
step    998 | train_loss 2.2336 | lr 1.85e-05
step    999 | train_loss 1.9894 | lr 1.85e-05
step   1000 | train_loss 1.8352 | lr 1.85e-05
step   1000 | val_loss 2.0879 | val_ppl 8.07
Saved checkpoint to checkpoints/sft_alpaca/step_1000.pt
step   1001 | train_loss 1.9820 | lr 1.85e-05
step   1002 | train_loss 2.0905 | lr 1.85e-05
step   1003 | train_loss 1.9689 | lr 1.85e-05
step   1004 | train_loss 2.0223 | lr 1.85e-05
step   1005 | train_loss 2.0484 | lr 1.85e-05
step   1006 | train_loss 2.1084 | lr 1.85e-05
step   1007 | train_loss 2.0859 | lr 1.84e-05
step   1008 | train_loss 2.3945 | lr 1.84e-05
step   1009 | train_loss 2.1541 | lr 1.84e-05
step   1010 | train_loss 2.1744 | lr 1.84e-05
step   1011 | train_loss 2.2219 | lr 1.84e-05
step   1012 | train_loss 2.2545 | lr 1.84e-05
step   1013 | train_loss 1.8571 | lr 1.84e-05
step   1014 | train_loss 2.0862 | lr 1.84e-05
step   1015 | train_loss 2.0283 | lr 1.84e-05
step   1016 | train_loss 2.1316 | lr 1.84e-05
step   1017 | train_loss 2.0931 | lr 1.84e-05
step   1018 | train_loss 2.3647 | lr 1.84e-05
step   1019 | train_loss 2.1807 | lr 1.84e-05
step   1020 | train_loss 2.0833 | lr 1.84e-05
step   1021 | train_loss 2.0102 | lr 1.84e-05
step   1022 | train_loss 1.9496 | lr 1.84e-05
step   1023 | train_loss 2.0224 | lr 1.84e-05
step   1024 | train_loss 2.0726 | lr 1.84e-05
step   1025 | train_loss 2.0085 | lr 1.84e-05
step   1026 | train_loss 2.1553 | lr 1.84e-05
step   1027 | train_loss 2.0265 | lr 1.84e-05
step   1028 | train_loss 1.9388 | lr 1.84e-05
step   1029 | train_loss 2.1942 | lr 1.84e-05
step   1030 | train_loss 2.2400 | lr 1.84e-05
step   1031 | train_loss 2.3224 | lr 1.84e-05
step   1032 | train_loss 1.9876 | lr 1.84e-05
step   1033 | train_loss 2.2207 | lr 1.84e-05
step   1034 | train_loss 2.1553 | lr 1.84e-05
step   1035 | train_loss 2.0924 | lr 1.84e-05
step   1036 | train_loss 2.2752 | lr 1.84e-05
step   1037 | train_loss 2.2959 | lr 1.83e-05
step   1038 | train_loss 2.2880 | lr 1.83e-05
step   1039 | train_loss 2.0499 | lr 1.83e-05
step   1040 | train_loss 2.2623 | lr 1.83e-05
step   1041 | train_loss 2.2656 | lr 1.83e-05
step   1042 | train_loss 1.8530 | lr 1.83e-05
step   1043 | train_loss 2.0544 | lr 1.83e-05
step   1044 | train_loss 2.1581 | lr 1.83e-05
step   1045 | train_loss 1.8188 | lr 1.83e-05
step   1046 | train_loss 2.0383 | lr 1.83e-05
step   1047 | train_loss 2.0585 | lr 1.83e-05
step   1048 | train_loss 2.0593 | lr 1.83e-05
step   1049 | train_loss 2.0276 | lr 1.83e-05
step   1050 | train_loss 2.1301 | lr 1.83e-05
step   1051 | train_loss 2.1632 | lr 1.83e-05
step   1052 | train_loss 2.0218 | lr 1.83e-05
step   1053 | train_loss 2.0659 | lr 1.83e-05
step   1054 | train_loss 1.9983 | lr 1.83e-05
step   1055 | train_loss 2.1995 | lr 1.83e-05
step   1056 | train_loss 2.0388 | lr 1.83e-05
step   1057 | train_loss 2.1126 | lr 1.83e-05
step   1058 | train_loss 2.0684 | lr 1.83e-05
step   1059 | train_loss 2.0160 | lr 1.83e-05
step   1060 | train_loss 2.2961 | lr 1.83e-05
step   1061 | train_loss 2.1731 | lr 1.83e-05
step   1062 | train_loss 2.2598 | lr 1.83e-05
step   1063 | train_loss 2.1423 | lr 1.83e-05
step   1064 | train_loss 2.1556 | lr 1.83e-05
step   1065 | train_loss 2.0758 | lr 1.82e-05
step   1066 | train_loss 2.0546 | lr 1.82e-05
step   1067 | train_loss 2.1168 | lr 1.82e-05
step   1068 | train_loss 2.0381 | lr 1.82e-05
step   1069 | train_loss 1.8778 | lr 1.82e-05
step   1070 | train_loss 2.1416 | lr 1.82e-05
step   1071 | train_loss 2.1790 | lr 1.82e-05
step   1072 | train_loss 2.4233 | lr 1.82e-05
step   1073 | train_loss 2.0455 | lr 1.82e-05
step   1074 | train_loss 2.2254 | lr 1.82e-05
step   1075 | train_loss 2.0405 | lr 1.82e-05
step   1076 | train_loss 2.0701 | lr 1.82e-05
step   1077 | train_loss 2.1576 | lr 1.82e-05
step   1078 | train_loss 2.0860 | lr 1.82e-05
step   1079 | train_loss 2.0214 | lr 1.82e-05
step   1080 | train_loss 1.9552 | lr 1.82e-05
step   1081 | train_loss 2.1062 | lr 1.82e-05
step   1082 | train_loss 1.9958 | lr 1.82e-05
step   1083 | train_loss 2.1557 | lr 1.82e-05
step   1084 | train_loss 2.2090 | lr 1.82e-05
step   1085 | train_loss 2.0023 | lr 1.82e-05
step   1086 | train_loss 1.8832 | lr 1.82e-05
step   1087 | train_loss 2.0260 | lr 1.82e-05
step   1088 | train_loss 1.9920 | lr 1.82e-05
step   1089 | train_loss 1.7346 | lr 1.82e-05
step   1090 | train_loss 2.0626 | lr 1.82e-05
step   1091 | train_loss 2.0688 | lr 1.82e-05
step   1092 | train_loss 2.1430 | lr 1.82e-05
step   1093 | train_loss 2.0639 | lr 1.82e-05
step   1094 | train_loss 2.0671 | lr 1.81e-05
step   1095 | train_loss 2.0319 | lr 1.81e-05
step   1096 | train_loss 1.7950 | lr 1.81e-05
step   1097 | train_loss 2.0230 | lr 1.81e-05
step   1098 | train_loss 1.9923 | lr 1.81e-05
step   1099 | train_loss 2.0720 | lr 1.81e-05
step   1100 | train_loss 1.9064 | lr 1.81e-05
step   1101 | train_loss 2.1150 | lr 1.81e-05
step   1102 | train_loss 2.2656 | lr 1.81e-05
step   1103 | train_loss 2.0348 | lr 1.81e-05
step   1104 | train_loss 2.0524 | lr 1.81e-05
step   1105 | train_loss 2.0090 | lr 1.81e-05
step   1106 | train_loss 2.1771 | lr 1.81e-05
step   1107 | train_loss 2.0870 | lr 1.81e-05
step   1108 | train_loss 2.0344 | lr 1.81e-05
step   1109 | train_loss 2.0751 | lr 1.81e-05
step   1110 | train_loss 2.1344 | lr 1.81e-05
step   1111 | train_loss 2.1702 | lr 1.81e-05
step   1112 | train_loss 2.3339 | lr 1.81e-05
step   1113 | train_loss 2.1164 | lr 1.81e-05
step   1114 | train_loss 1.9806 | lr 1.81e-05
step   1115 | train_loss 2.1894 | lr 1.81e-05
step   1116 | train_loss 2.0328 | lr 1.81e-05
step   1117 | train_loss 2.1173 | lr 1.81e-05
step   1118 | train_loss 1.9992 | lr 1.81e-05
step   1119 | train_loss 2.0942 | lr 1.81e-05
step   1120 | train_loss 2.0545 | lr 1.81e-05
step   1121 | train_loss 2.1583 | lr 1.80e-05
step   1122 | train_loss 2.1664 | lr 1.80e-05
step   1123 | train_loss 2.2018 | lr 1.80e-05
step   1124 | train_loss 2.0832 | lr 1.80e-05
step   1125 | train_loss 2.1148 | lr 1.80e-05
step   1126 | train_loss 1.9711 | lr 1.80e-05
step   1127 | train_loss 2.2026 | lr 1.80e-05
step   1128 | train_loss 2.1974 | lr 1.80e-05
step   1129 | train_loss 1.8175 | lr 1.80e-05
step   1130 | train_loss 2.0526 | lr 1.80e-05
step   1131 | train_loss 2.0091 | lr 1.80e-05
step   1132 | train_loss 2.4199 | lr 1.80e-05
step   1133 | train_loss 2.2146 | lr 1.80e-05
step   1134 | train_loss 1.9763 | lr 1.80e-05
step   1135 | train_loss 2.2542 | lr 1.80e-05
step   1136 | train_loss 2.1351 | lr 1.80e-05
step   1137 | train_loss 1.8301 | lr 1.80e-05
step   1138 | train_loss 1.9993 | lr 1.80e-05
step   1139 | train_loss 1.8684 | lr 1.80e-05
step   1140 | train_loss 2.0248 | lr 1.80e-05
step   1141 | train_loss 1.9855 | lr 1.80e-05
step   1142 | train_loss 1.9693 | lr 1.80e-05
step   1143 | train_loss 2.0069 | lr 1.80e-05
step   1144 | train_loss 2.0040 | lr 1.80e-05
step   1145 | train_loss 2.2221 | lr 1.80e-05
step   1146 | train_loss 2.2725 | lr 1.80e-05
step   1147 | train_loss 1.9547 | lr 1.80e-05
step   1148 | train_loss 1.8985 | lr 1.79e-05
step   1149 | train_loss 1.7305 | lr 1.79e-05
step   1150 | train_loss 2.1957 | lr 1.79e-05
step   1151 | train_loss 2.0914 | lr 1.79e-05
step   1152 | train_loss 2.0851 | lr 1.79e-05
step   1153 | train_loss 2.1711 | lr 1.79e-05
step   1154 | train_loss 2.1158 | lr 1.79e-05
step   1155 | train_loss 2.0350 | lr 1.79e-05
step   1156 | train_loss 1.8729 | lr 1.79e-05
step   1157 | train_loss 1.9731 | lr 1.79e-05
step   1158 | train_loss 2.2119 | lr 1.79e-05
step   1159 | train_loss 2.3919 | lr 1.79e-05
step   1160 | train_loss 2.2122 | lr 1.79e-05
step   1161 | train_loss 1.9940 | lr 1.79e-05
step   1162 | train_loss 2.0081 | lr 1.79e-05
step   1163 | train_loss 2.0528 | lr 1.79e-05
step   1164 | train_loss 2.0344 | lr 1.79e-05
step   1165 | train_loss 2.4137 | lr 1.79e-05
step   1166 | train_loss 2.1079 | lr 1.79e-05
step   1167 | train_loss 1.7279 | lr 1.79e-05
step   1168 | train_loss 2.1468 | lr 1.79e-05
step   1169 | train_loss 2.0040 | lr 1.79e-05
step   1170 | train_loss 2.1864 | lr 1.79e-05
step   1171 | train_loss 2.1703 | lr 1.79e-05
step   1172 | train_loss 2.0348 | lr 1.79e-05
step   1173 | train_loss 1.8204 | lr 1.79e-05
step   1174 | train_loss 1.8847 | lr 1.78e-05
step   1175 | train_loss 2.1556 | lr 1.78e-05
step   1176 | train_loss 2.0215 | lr 1.78e-05
step   1177 | train_loss 2.0503 | lr 1.78e-05
step   1178 | train_loss 2.2961 | lr 1.78e-05
step   1179 | train_loss 2.1764 | lr 1.78e-05
step   1180 | train_loss 1.7948 | lr 1.78e-05
step   1181 | train_loss 2.0494 | lr 1.78e-05
step   1182 | train_loss 2.1330 | lr 1.78e-05
step   1183 | train_loss 1.9725 | lr 1.78e-05
step   1184 | train_loss 2.0626 | lr 1.78e-05
step   1185 | train_loss 2.2897 | lr 1.78e-05
step   1186 | train_loss 2.2283 | lr 1.78e-05
step   1187 | train_loss 1.8612 | lr 1.78e-05
step   1188 | train_loss 1.9624 | lr 1.78e-05
step   1189 | train_loss 2.0033 | lr 1.78e-05
step   1190 | train_loss 2.1948 | lr 1.78e-05
step   1191 | train_loss 2.2699 | lr 1.78e-05
step   1192 | train_loss 2.1949 | lr 1.78e-05
step   1193 | train_loss 2.3952 | lr 1.78e-05
step   1194 | train_loss 2.1466 | lr 1.78e-05
step   1195 | train_loss 1.9197 | lr 1.78e-05
step   1196 | train_loss 2.2686 | lr 1.78e-05
step   1197 | train_loss 2.1217 | lr 1.78e-05
step   1198 | train_loss 2.0382 | lr 1.78e-05
step   1199 | train_loss 1.9876 | lr 1.78e-05
step   1200 | train_loss 2.2223 | lr 1.77e-05
step   1201 | train_loss 2.4019 | lr 1.77e-05
step   1202 | train_loss 2.2155 | lr 1.77e-05
step   1203 | train_loss 2.0818 | lr 1.77e-05
step   1204 | train_loss 2.2648 | lr 1.77e-05
step   1205 | train_loss 2.1135 | lr 1.77e-05
step   1206 | train_loss 2.2993 | lr 1.77e-05
step   1207 | train_loss 2.2380 | lr 1.77e-05
step   1208 | train_loss 2.0869 | lr 1.77e-05
step   1209 | train_loss 2.0460 | lr 1.77e-05
step   1210 | train_loss 1.9478 | lr 1.77e-05
step   1211 | train_loss 1.9519 | lr 1.77e-05
step   1212 | train_loss 2.2261 | lr 1.77e-05
step   1213 | train_loss 2.3024 | lr 1.77e-05
step   1214 | train_loss 2.1992 | lr 1.77e-05
step   1215 | train_loss 2.2206 | lr 1.77e-05
step   1216 | train_loss 2.0135 | lr 1.77e-05
step   1217 | train_loss 2.1939 | lr 1.77e-05
step   1218 | train_loss 2.0557 | lr 1.77e-05
step   1219 | train_loss 2.1439 | lr 1.77e-05
step   1220 | train_loss 2.0352 | lr 1.77e-05
step   1221 | train_loss 2.1333 | lr 1.77e-05
step   1222 | train_loss 1.9892 | lr 1.77e-05
step   1223 | train_loss 2.3006 | lr 1.77e-05
step   1224 | train_loss 2.0025 | lr 1.77e-05
step   1225 | train_loss 2.0513 | lr 1.76e-05
step   1226 | train_loss 2.1525 | lr 1.76e-05
step   1227 | train_loss 2.1233 | lr 1.76e-05
step   1228 | train_loss 2.0038 | lr 1.76e-05
step   1229 | train_loss 2.1659 | lr 1.76e-05
step   1230 | train_loss 2.0926 | lr 1.76e-05
step   1231 | train_loss 2.1986 | lr 1.76e-05
step   1232 | train_loss 2.0772 | lr 1.76e-05
step   1233 | train_loss 2.0229 | lr 1.76e-05
step   1234 | train_loss 1.9745 | lr 1.76e-05
step   1235 | train_loss 1.9956 | lr 1.76e-05
step   1236 | train_loss 2.0634 | lr 1.76e-05
step   1237 | train_loss 1.7799 | lr 1.76e-05
step   1238 | train_loss 2.2144 | lr 1.76e-05
step   1239 | train_loss 2.0793 | lr 1.76e-05
step   1240 | train_loss 1.9832 | lr 1.76e-05
step   1241 | train_loss 2.1975 | lr 1.76e-05
step   1242 | train_loss 1.7210 | lr 1.76e-05
step   1243 | train_loss 2.2042 | lr 1.76e-05
step   1244 | train_loss 2.2156 | lr 1.76e-05
step   1245 | train_loss 2.0618 | lr 1.76e-05
step   1246 | train_loss 2.0300 | lr 1.76e-05
step   1247 | train_loss 2.0938 | lr 1.76e-05
step   1248 | train_loss 1.9376 | lr 1.76e-05
step   1249 | train_loss 1.9609 | lr 1.76e-05
step   1250 | train_loss 2.2311 | lr 1.75e-05
step   1250 | val_loss 2.0807 | val_ppl 8.01
step   1251 | train_loss 2.0370 | lr 1.75e-05
step   1252 | train_loss 1.8525 | lr 1.75e-05
step   1253 | train_loss 2.0897 | lr 1.75e-05
step   1254 | train_loss 2.1535 | lr 1.75e-05
step   1255 | train_loss 2.2075 | lr 1.75e-05
step   1256 | train_loss 2.1636 | lr 1.75e-05
step   1257 | train_loss 2.3230 | lr 1.75e-05
step   1258 | train_loss 1.8376 | lr 1.75e-05
step   1259 | train_loss 2.2095 | lr 1.75e-05
step   1260 | train_loss 1.9751 | lr 1.75e-05
step   1261 | train_loss 1.8885 | lr 1.75e-05
step   1262 | train_loss 2.0022 | lr 1.75e-05
step   1263 | train_loss 2.3303 | lr 1.75e-05
step   1264 | train_loss 2.0411 | lr 1.75e-05
step   1265 | train_loss 2.0543 | lr 1.75e-05
step   1266 | train_loss 1.9019 | lr 1.75e-05
step   1267 | train_loss 2.0796 | lr 1.75e-05
step   1268 | train_loss 2.0594 | lr 1.75e-05
step   1269 | train_loss 1.9410 | lr 1.75e-05
step   1270 | train_loss 2.0361 | lr 1.75e-05
step   1271 | train_loss 2.1146 | lr 1.75e-05
step   1272 | train_loss 1.7993 | lr 1.75e-05
step   1273 | train_loss 2.2876 | lr 1.75e-05
step   1274 | train_loss 2.1009 | lr 1.75e-05
step   1275 | train_loss 2.1590 | lr 1.74e-05
step   1276 | train_loss 2.2072 | lr 1.74e-05
step   1277 | train_loss 2.1831 | lr 1.74e-05
step   1278 | train_loss 2.1071 | lr 1.74e-05
step   1279 | train_loss 1.8930 | lr 1.74e-05
step   1280 | train_loss 2.2196 | lr 1.74e-05
step   1281 | train_loss 2.0584 | lr 1.74e-05
step   1282 | train_loss 1.9857 | lr 1.74e-05
step   1283 | train_loss 1.9991 | lr 1.74e-05
step   1284 | train_loss 2.0419 | lr 1.74e-05
step   1285 | train_loss 2.1939 | lr 1.74e-05
step   1286 | train_loss 2.2499 | lr 1.74e-05
step   1287 | train_loss 2.0360 | lr 1.74e-05
step   1288 | train_loss 2.0191 | lr 1.74e-05
step   1289 | train_loss 2.1799 | lr 1.74e-05
step   1290 | train_loss 1.9316 | lr 1.74e-05
step   1291 | train_loss 2.1225 | lr 1.74e-05
step   1292 | train_loss 2.4164 | lr 1.74e-05
step   1293 | train_loss 2.0586 | lr 1.74e-05
step   1294 | train_loss 2.1975 | lr 1.74e-05
step   1295 | train_loss 1.9642 | lr 1.74e-05
step   1296 | train_loss 2.1635 | lr 1.74e-05
step   1297 | train_loss 2.0426 | lr 1.74e-05
step   1298 | train_loss 1.9455 | lr 1.74e-05
step   1299 | train_loss 2.0696 | lr 1.73e-05
step   1300 | train_loss 2.3545 | lr 1.73e-05
step   1301 | train_loss 1.9767 | lr 1.73e-05
step   1302 | train_loss 2.0340 | lr 1.73e-05
step   1303 | train_loss 2.2291 | lr 1.73e-05
step   1304 | train_loss 1.9388 | lr 1.73e-05
step   1305 | train_loss 1.9875 | lr 1.73e-05
step   1306 | train_loss 2.1857 | lr 1.73e-05
step   1307 | train_loss 2.2194 | lr 1.73e-05
step   1308 | train_loss 2.0523 | lr 1.73e-05
step   1309 | train_loss 1.9692 | lr 1.73e-05
step   1310 | train_loss 1.9808 | lr 1.73e-05
step   1311 | train_loss 2.1281 | lr 1.73e-05
step   1312 | train_loss 1.8204 | lr 1.73e-05
step   1313 | train_loss 2.2328 | lr 1.73e-05
step   1314 | train_loss 2.2007 | lr 1.73e-05
step   1315 | train_loss 2.1294 | lr 1.73e-05
step   1316 | train_loss 2.1398 | lr 1.73e-05
step   1317 | train_loss 1.8945 | lr 1.73e-05
step   1318 | train_loss 2.0709 | lr 1.73e-05
step   1319 | train_loss 2.0742 | lr 1.73e-05
step   1320 | train_loss 1.9764 | lr 1.73e-05
step   1321 | train_loss 2.2967 | lr 1.73e-05
step   1322 | train_loss 2.0213 | lr 1.72e-05
step   1323 | train_loss 2.0337 | lr 1.72e-05
step   1324 | train_loss 2.1906 | lr 1.72e-05
step   1325 | train_loss 2.1237 | lr 1.72e-05
step   1326 | train_loss 1.8201 | lr 1.72e-05
step   1327 | train_loss 2.0488 | lr 1.72e-05
step   1328 | train_loss 2.0716 | lr 1.72e-05
step   1329 | train_loss 1.8995 | lr 1.72e-05
step   1330 | train_loss 2.2969 | lr 1.72e-05
step   1331 | train_loss 1.9042 | lr 1.72e-05
step   1332 | train_loss 2.0308 | lr 1.72e-05
step   1333 | train_loss 2.2526 | lr 1.72e-05
step   1334 | train_loss 2.1159 | lr 1.72e-05
step   1335 | train_loss 2.0890 | lr 1.72e-05
step   1336 | train_loss 2.2783 | lr 1.72e-05
step   1337 | train_loss 1.9385 | lr 1.72e-05
step   1338 | train_loss 1.9628 | lr 1.72e-05
step   1339 | train_loss 2.1725 | lr 1.72e-05
step   1340 | train_loss 2.0366 | lr 1.72e-05
step   1341 | train_loss 1.9414 | lr 1.72e-05
step   1342 | train_loss 1.9881 | lr 1.72e-05
step   1343 | train_loss 2.1075 | lr 1.72e-05
step   1344 | train_loss 1.9912 | lr 1.72e-05
step   1345 | train_loss 2.0896 | lr 1.72e-05
step   1346 | train_loss 2.4665 | lr 1.71e-05
step   1347 | train_loss 2.1591 | lr 1.71e-05
step   1348 | train_loss 1.9915 | lr 1.71e-05
step   1349 | train_loss 2.2344 | lr 1.71e-05
step   1350 | train_loss 2.1284 | lr 1.71e-05
step   1351 | train_loss 1.8579 | lr 1.71e-05
step   1352 | train_loss 2.0901 | lr 1.71e-05
step   1353 | train_loss 2.2453 | lr 1.71e-05
step   1354 | train_loss 2.3034 | lr 1.71e-05
step   1355 | train_loss 2.2053 | lr 1.71e-05
step   1356 | train_loss 2.1845 | lr 1.71e-05
step   1357 | train_loss 2.1678 | lr 1.71e-05
step   1358 | train_loss 2.0512 | lr 1.71e-05
step   1359 | train_loss 1.9988 | lr 1.71e-05
step   1360 | train_loss 2.2816 | lr 1.71e-05
step   1361 | train_loss 1.9591 | lr 1.71e-05
step   1362 | train_loss 2.1688 | lr 1.71e-05
step   1363 | train_loss 2.0511 | lr 1.71e-05
step   1364 | train_loss 2.0980 | lr 1.71e-05
step   1365 | train_loss 1.9523 | lr 1.71e-05
step   1366 | train_loss 1.9134 | lr 1.71e-05
step   1367 | train_loss 2.1991 | lr 1.71e-05
step   1368 | train_loss 2.1526 | lr 1.70e-05
step   1369 | train_loss 2.0173 | lr 1.70e-05
step   1370 | train_loss 2.0204 | lr 1.70e-05
step   1371 | train_loss 2.3801 | lr 1.70e-05
step   1372 | train_loss 2.1800 | lr 1.70e-05
step   1373 | train_loss 1.9231 | lr 1.70e-05
step   1374 | train_loss 1.9954 | lr 1.70e-05
step   1375 | train_loss 2.1445 | lr 1.70e-05
step   1376 | train_loss 2.0594 | lr 1.70e-05
step   1377 | train_loss 2.1433 | lr 1.70e-05
step   1378 | train_loss 2.3041 | lr 1.70e-05
step   1379 | train_loss 2.0004 | lr 1.70e-05
step   1380 | train_loss 2.2702 | lr 1.70e-05
step   1381 | train_loss 2.0770 | lr 1.70e-05
step   1382 | train_loss 2.0701 | lr 1.70e-05
step   1383 | train_loss 2.1939 | lr 1.70e-05
step   1384 | train_loss 2.0248 | lr 1.70e-05
step   1385 | train_loss 2.3183 | lr 1.70e-05
step   1386 | train_loss 1.8703 | lr 1.70e-05
step   1387 | train_loss 2.1231 | lr 1.70e-05
step   1388 | train_loss 2.1559 | lr 1.70e-05
step   1389 | train_loss 1.9945 | lr 1.70e-05
step   1390 | train_loss 1.9385 | lr 1.70e-05
step   1391 | train_loss 2.2693 | lr 1.69e-05
step   1392 | train_loss 2.1192 | lr 1.69e-05
step   1393 | train_loss 2.2760 | lr 1.69e-05
step   1394 | train_loss 2.0716 | lr 1.69e-05
step   1395 | train_loss 2.0673 | lr 1.69e-05
step   1396 | train_loss 2.0396 | lr 1.69e-05
step   1397 | train_loss 1.9745 | lr 1.69e-05
step   1398 | train_loss 2.1529 | lr 1.69e-05
step   1399 | train_loss 2.0497 | lr 1.69e-05
step   1400 | train_loss 2.1986 | lr 1.69e-05
step   1401 | train_loss 2.0798 | lr 1.69e-05
step   1402 | train_loss 2.2975 | lr 1.69e-05
step   1403 | train_loss 1.9844 | lr 1.69e-05
step   1404 | train_loss 2.0306 | lr 1.69e-05
step   1405 | train_loss 2.2423 | lr 1.69e-05
step   1406 | train_loss 2.0304 | lr 1.69e-05
step   1407 | train_loss 2.3040 | lr 1.69e-05
step   1408 | train_loss 1.9713 | lr 1.69e-05
step   1409 | train_loss 2.0264 | lr 1.69e-05
step   1410 | train_loss 2.0047 | lr 1.69e-05
step   1411 | train_loss 2.0020 | lr 1.69e-05
step   1412 | train_loss 2.2094 | lr 1.69e-05
step   1413 | train_loss 2.2665 | lr 1.69e-05
step   1414 | train_loss 2.0496 | lr 1.68e-05
step   1415 | train_loss 2.1682 | lr 1.68e-05
step   1416 | train_loss 2.1770 | lr 1.68e-05
step   1417 | train_loss 2.1891 | lr 1.68e-05
step   1418 | train_loss 1.8238 | lr 1.68e-05
step   1419 | train_loss 2.2712 | lr 1.68e-05
step   1420 | train_loss 2.1452 | lr 1.68e-05
step   1421 | train_loss 2.2076 | lr 1.68e-05
step   1422 | train_loss 2.3724 | lr 1.68e-05
step   1423 | train_loss 1.8704 | lr 1.68e-05
step   1424 | train_loss 2.0417 | lr 1.68e-05
step   1425 | train_loss 2.1510 | lr 1.68e-05
step   1426 | train_loss 2.0832 | lr 1.68e-05
step   1427 | train_loss 2.1448 | lr 1.68e-05
step   1428 | train_loss 2.1697 | lr 1.68e-05
step   1429 | train_loss 2.0409 | lr 1.68e-05
step   1430 | train_loss 2.1294 | lr 1.68e-05
step   1431 | train_loss 2.0203 | lr 1.68e-05
step   1432 | train_loss 2.2778 | lr 1.68e-05
step   1433 | train_loss 1.9882 | lr 1.68e-05
step   1434 | train_loss 2.0795 | lr 1.68e-05
step   1435 | train_loss 2.1656 | lr 1.68e-05
step   1436 | train_loss 2.2607 | lr 1.67e-05
step   1437 | train_loss 2.0867 | lr 1.67e-05
step   1438 | train_loss 2.1313 | lr 1.67e-05
step   1439 | train_loss 2.0340 | lr 1.67e-05
step   1440 | train_loss 2.1506 | lr 1.67e-05
step   1441 | train_loss 2.3588 | lr 1.67e-05
step   1442 | train_loss 2.1042 | lr 1.67e-05
step   1443 | train_loss 2.1127 | lr 1.67e-05
step   1444 | train_loss 2.1852 | lr 1.67e-05
step   1445 | train_loss 2.1476 | lr 1.67e-05
step   1446 | train_loss 1.8561 | lr 1.67e-05
step   1447 | train_loss 2.0389 | lr 1.67e-05
step   1448 | train_loss 2.1675 | lr 1.67e-05
step   1449 | train_loss 1.9990 | lr 1.67e-05
step   1450 | train_loss 1.9941 | lr 1.67e-05
step   1451 | train_loss 2.0838 | lr 1.67e-05
step   1452 | train_loss 1.9652 | lr 1.67e-05
step   1453 | train_loss 1.9992 | lr 1.67e-05
step   1454 | train_loss 2.1164 | lr 1.67e-05
step   1455 | train_loss 2.1479 | lr 1.67e-05
step   1456 | train_loss 1.9502 | lr 1.67e-05
step   1457 | train_loss 2.2563 | lr 1.66e-05
step   1458 | train_loss 1.7921 | lr 1.66e-05
step   1459 | train_loss 2.2701 | lr 1.66e-05
step   1460 | train_loss 2.1477 | lr 1.66e-05
step   1461 | train_loss 2.0701 | lr 1.66e-05
step   1462 | train_loss 2.2387 | lr 1.66e-05
step   1463 | train_loss 2.1693 | lr 1.66e-05
step   1464 | train_loss 2.0987 | lr 1.66e-05
step   1465 | train_loss 2.0565 | lr 1.66e-05
step   1466 | train_loss 2.1759 | lr 1.66e-05
step   1467 | train_loss 2.0890 | lr 1.66e-05
step   1468 | train_loss 2.1554 | lr 1.66e-05
step   1469 | train_loss 2.0112 | lr 1.66e-05
step   1470 | train_loss 2.0443 | lr 1.66e-05
step   1471 | train_loss 1.9967 | lr 1.66e-05
step   1472 | train_loss 2.1337 | lr 1.66e-05
step   1473 | train_loss 1.9761 | lr 1.66e-05
step   1474 | train_loss 2.2111 | lr 1.66e-05
step   1475 | train_loss 2.1155 | lr 1.66e-05
step   1476 | train_loss 2.1669 | lr 1.66e-05
step   1477 | train_loss 1.9181 | lr 1.66e-05
step   1478 | train_loss 2.0794 | lr 1.66e-05
step   1479 | train_loss 2.1582 | lr 1.65e-05
step   1480 | train_loss 1.8914 | lr 1.65e-05
step   1481 | train_loss 2.3326 | lr 1.65e-05
step   1482 | train_loss 2.0158 | lr 1.65e-05
step   1483 | train_loss 2.0721 | lr 1.65e-05
step   1484 | train_loss 2.1017 | lr 1.65e-05
step   1485 | train_loss 2.0285 | lr 1.65e-05
step   1486 | train_loss 2.0956 | lr 1.65e-05
step   1487 | train_loss 2.5621 | lr 1.65e-05
step   1488 | train_loss 2.2336 | lr 1.65e-05
step   1489 | train_loss 2.0650 | lr 1.65e-05
step   1490 | train_loss 2.3194 | lr 1.65e-05
step   1491 | train_loss 2.1523 | lr 1.65e-05
step   1492 | train_loss 2.0560 | lr 1.65e-05
step   1493 | train_loss 1.8547 | lr 1.65e-05
step   1494 | train_loss 2.2303 | lr 1.65e-05
step   1495 | train_loss 1.8660 | lr 1.65e-05
step   1496 | train_loss 2.1837 | lr 1.65e-05
step   1497 | train_loss 1.9381 | lr 1.65e-05
step   1498 | train_loss 2.5181 | lr 1.65e-05
step   1499 | train_loss 2.2213 | lr 1.65e-05
step   1500 | train_loss 2.1311 | lr 1.64e-05
step   1500 | val_loss 2.0793 | val_ppl 8.00
Saved checkpoint to checkpoints/sft_alpaca/step_1500.pt
step   1501 | train_loss 1.9643 | lr 1.64e-05
step   1502 | train_loss 2.2292 | lr 1.64e-05
step   1503 | train_loss 2.0606 | lr 1.64e-05
step   1504 | train_loss 2.2103 | lr 1.64e-05
step   1505 | train_loss 2.0652 | lr 1.64e-05
step   1506 | train_loss 2.0211 | lr 1.64e-05
step   1507 | train_loss 2.0080 | lr 1.64e-05
step   1508 | train_loss 2.0060 | lr 1.64e-05
step   1509 | train_loss 2.2430 | lr 1.64e-05
step   1510 | train_loss 1.9718 | lr 1.64e-05
step   1511 | train_loss 2.2033 | lr 1.64e-05
step   1512 | train_loss 1.9743 | lr 1.64e-05
step   1513 | train_loss 2.0160 | lr 1.64e-05
step   1514 | train_loss 1.9624 | lr 1.64e-05
step   1515 | train_loss 2.1207 | lr 1.64e-05
step   1516 | train_loss 2.2844 | lr 1.64e-05
step   1517 | train_loss 2.2331 | lr 1.64e-05
step   1518 | train_loss 2.0017 | lr 1.64e-05
step   1519 | train_loss 2.0338 | lr 1.64e-05
step   1520 | train_loss 2.0540 | lr 1.64e-05
step   1521 | train_loss 1.9686 | lr 1.63e-05
step   1522 | train_loss 2.1216 | lr 1.63e-05
step   1523 | train_loss 2.1872 | lr 1.63e-05
step   1524 | train_loss 1.9766 | lr 1.63e-05
step   1525 | train_loss 1.9362 | lr 1.63e-05
step   1526 | train_loss 2.0926 | lr 1.63e-05
step   1527 | train_loss 2.2256 | lr 1.63e-05
step   1528 | train_loss 2.0395 | lr 1.63e-05
step   1529 | train_loss 2.2149 | lr 1.63e-05
step   1530 | train_loss 2.1544 | lr 1.63e-05
step   1531 | train_loss 2.1791 | lr 1.63e-05
step   1532 | train_loss 2.0770 | lr 1.63e-05
step   1533 | train_loss 1.9408 | lr 1.63e-05
step   1534 | train_loss 2.2381 | lr 1.63e-05
step   1535 | train_loss 2.2144 | lr 1.63e-05
step   1536 | train_loss 2.3929 | lr 1.63e-05
step   1537 | train_loss 2.1497 | lr 1.63e-05
step   1538 | train_loss 1.9445 | lr 1.63e-05
step   1539 | train_loss 2.1164 | lr 1.63e-05
step   1540 | train_loss 2.0099 | lr 1.63e-05
step   1541 | train_loss 2.0848 | lr 1.63e-05
step   1542 | train_loss 2.1071 | lr 1.62e-05
step   1543 | train_loss 1.8984 | lr 1.62e-05
step   1544 | train_loss 2.1313 | lr 1.62e-05
step   1545 | train_loss 2.1765 | lr 1.62e-05
step   1546 | train_loss 2.2532 | lr 1.62e-05
step   1547 | train_loss 1.8718 | lr 1.62e-05
step   1548 | train_loss 2.0089 | lr 1.62e-05
step   1549 | train_loss 2.1380 | lr 1.62e-05
step   1550 | train_loss 2.1193 | lr 1.62e-05
step   1551 | train_loss 2.0122 | lr 1.62e-05
step   1552 | train_loss 1.8905 | lr 1.62e-05
step   1553 | train_loss 2.2246 | lr 1.62e-05
step   1554 | train_loss 1.9081 | lr 1.62e-05
step   1555 | train_loss 2.0377 | lr 1.62e-05
step   1556 | train_loss 1.9530 | lr 1.62e-05
step   1557 | train_loss 2.2571 | lr 1.62e-05
step   1558 | train_loss 2.2235 | lr 1.62e-05
step   1559 | train_loss 2.1771 | lr 1.62e-05
step   1560 | train_loss 2.0057 | lr 1.62e-05
step   1561 | train_loss 1.9259 | lr 1.62e-05
step   1562 | train_loss 2.0861 | lr 1.62e-05
step   1563 | train_loss 1.9669 | lr 1.61e-05
step   1564 | train_loss 1.9640 | lr 1.61e-05
step   1565 | train_loss 1.9164 | lr 1.61e-05
step   1566 | train_loss 2.2061 | lr 1.61e-05
step   1567 | train_loss 1.8064 | lr 1.61e-05
step   1568 | train_loss 2.0245 | lr 1.61e-05
step   1569 | train_loss 2.0624 | lr 1.61e-05
step   1570 | train_loss 2.0069 | lr 1.61e-05
step   1571 | train_loss 2.0783 | lr 1.61e-05
step   1572 | train_loss 2.0570 | lr 1.61e-05
step   1573 | train_loss 2.0840 | lr 1.61e-05
step   1574 | train_loss 2.1465 | lr 1.61e-05
step   1575 | train_loss 2.1730 | lr 1.61e-05
step   1576 | train_loss 2.3382 | lr 1.61e-05
step   1577 | train_loss 1.9678 | lr 1.61e-05
step   1578 | train_loss 1.9778 | lr 1.61e-05
step   1579 | train_loss 2.2639 | lr 1.61e-05
step   1580 | train_loss 2.0256 | lr 1.61e-05
step   1581 | train_loss 2.1519 | lr 1.61e-05
step   1582 | train_loss 2.2472 | lr 1.61e-05
step   1583 | train_loss 2.0832 | lr 1.61e-05
step   1584 | train_loss 2.0601 | lr 1.60e-05
step   1585 | train_loss 2.0843 | lr 1.60e-05
step   1586 | train_loss 2.1250 | lr 1.60e-05
step   1587 | train_loss 2.0302 | lr 1.60e-05
step   1588 | train_loss 2.1883 | lr 1.60e-05
step   1589 | train_loss 2.1101 | lr 1.60e-05
step   1590 | train_loss 2.1132 | lr 1.60e-05
step   1591 | train_loss 2.0604 | lr 1.60e-05
step   1592 | train_loss 2.0984 | lr 1.60e-05
step   1593 | train_loss 1.7439 | lr 1.60e-05
step   1594 | train_loss 2.0251 | lr 1.60e-05
step   1595 | train_loss 1.9942 | lr 1.60e-05
step   1596 | train_loss 2.0200 | lr 1.60e-05
step   1597 | train_loss 1.8115 | lr 1.60e-05
step   1598 | train_loss 2.1465 | lr 1.60e-05
step   1599 | train_loss 2.0023 | lr 1.60e-05
step   1600 | train_loss 2.0635 | lr 1.60e-05
step   1601 | train_loss 1.9130 | lr 1.60e-05
step   1602 | train_loss 1.8776 | lr 1.60e-05
step   1603 | train_loss 1.7873 | lr 1.60e-05
step   1604 | train_loss 2.2192 | lr 1.59e-05
step   1605 | train_loss 1.6267 | lr 1.59e-05
step   1606 | train_loss 2.0911 | lr 1.59e-05
step   1607 | train_loss 1.8632 | lr 1.59e-05
step   1608 | train_loss 2.0731 | lr 1.59e-05
step   1609 | train_loss 1.7462 | lr 1.59e-05
step   1610 | train_loss 1.7579 | lr 1.59e-05
step   1611 | train_loss 1.9109 | lr 1.59e-05
step   1612 | train_loss 1.9982 | lr 1.59e-05
step   1613 | train_loss 2.0211 | lr 1.59e-05
step   1614 | train_loss 2.0191 | lr 1.59e-05
step   1615 | train_loss 2.0079 | lr 1.59e-05
step   1616 | train_loss 2.0664 | lr 1.59e-05
step   1617 | train_loss 1.8910 | lr 1.59e-05
step   1618 | train_loss 2.0970 | lr 1.59e-05
step   1619 | train_loss 2.0349 | lr 1.59e-05
step   1620 | train_loss 1.9461 | lr 1.59e-05
step   1621 | train_loss 1.8049 | lr 1.59e-05
step   1622 | train_loss 1.9627 | lr 1.59e-05
step   1623 | train_loss 2.0781 | lr 1.59e-05
step   1624 | train_loss 1.8241 | lr 1.58e-05
step   1625 | train_loss 1.8040 | lr 1.58e-05
step   1626 | train_loss 1.9390 | lr 1.58e-05
step   1627 | train_loss 1.9923 | lr 1.58e-05
step   1628 | train_loss 1.6091 | lr 1.58e-05
step   1629 | train_loss 1.8227 | lr 1.58e-05
step   1630 | train_loss 1.9003 | lr 1.58e-05
step   1631 | train_loss 1.7358 | lr 1.58e-05
step   1632 | train_loss 1.8146 | lr 1.58e-05
step   1633 | train_loss 1.8777 | lr 1.58e-05
step   1634 | train_loss 2.1414 | lr 1.58e-05
step   1635 | train_loss 1.8580 | lr 1.58e-05
step   1636 | train_loss 2.0141 | lr 1.58e-05
step   1637 | train_loss 1.8693 | lr 1.58e-05
step   1638 | train_loss 1.7513 | lr 1.58e-05
step   1639 | train_loss 1.8692 | lr 1.58e-05
step   1640 | train_loss 1.8019 | lr 1.58e-05
step   1641 | train_loss 1.8846 | lr 1.58e-05
step   1642 | train_loss 2.1245 | lr 1.58e-05
step   1643 | train_loss 1.9523 | lr 1.58e-05
step   1644 | train_loss 2.1007 | lr 1.57e-05
step   1645 | train_loss 1.8778 | lr 1.57e-05
step   1646 | train_loss 1.8238 | lr 1.57e-05
step   1647 | train_loss 2.1648 | lr 1.57e-05
step   1648 | train_loss 1.9274 | lr 1.57e-05
step   1649 | train_loss 1.9493 | lr 1.57e-05
step   1650 | train_loss 2.0335 | lr 1.57e-05
step   1651 | train_loss 2.0179 | lr 1.57e-05
step   1652 | train_loss 1.9447 | lr 1.57e-05
step   1653 | train_loss 1.7991 | lr 1.57e-05
step   1654 | train_loss 2.1913 | lr 1.57e-05
step   1655 | train_loss 1.7984 | lr 1.57e-05
step   1656 | train_loss 1.8842 | lr 1.57e-05
step   1657 | train_loss 1.6694 | lr 1.57e-05
step   1658 | train_loss 1.8791 | lr 1.57e-05
step   1659 | train_loss 2.1686 | lr 1.57e-05
step   1660 | train_loss 2.0112 | lr 1.57e-05
step   1661 | train_loss 2.0126 | lr 1.57e-05
step   1662 | train_loss 2.0017 | lr 1.57e-05
step   1663 | train_loss 1.9407 | lr 1.57e-05
step   1664 | train_loss 1.9709 | lr 1.56e-05
step   1665 | train_loss 1.8261 | lr 1.56e-05
step   1666 | train_loss 1.7773 | lr 1.56e-05
step   1667 | train_loss 2.0233 | lr 1.56e-05
step   1668 | train_loss 1.9420 | lr 1.56e-05
step   1669 | train_loss 1.8836 | lr 1.56e-05
step   1670 | train_loss 1.9222 | lr 1.56e-05
step   1671 | train_loss 1.8051 | lr 1.56e-05
step   1672 | train_loss 1.8066 | lr 1.56e-05
step   1673 | train_loss 1.9749 | lr 1.56e-05
step   1674 | train_loss 2.1406 | lr 1.56e-05
step   1675 | train_loss 1.8797 | lr 1.56e-05
step   1676 | train_loss 1.8012 | lr 1.56e-05
step   1677 | train_loss 1.9900 | lr 1.56e-05
step   1678 | train_loss 2.2293 | lr 1.56e-05
step   1679 | train_loss 2.0041 | lr 1.56e-05
step   1680 | train_loss 1.6504 | lr 1.56e-05
step   1681 | train_loss 1.9257 | lr 1.56e-05
step   1682 | train_loss 1.9444 | lr 1.56e-05
step   1683 | train_loss 2.1254 | lr 1.55e-05
step   1684 | train_loss 2.0821 | lr 1.55e-05
step   1685 | train_loss 1.8068 | lr 1.55e-05
step   1686 | train_loss 1.9305 | lr 1.55e-05
step   1687 | train_loss 1.8468 | lr 1.55e-05
step   1688 | train_loss 2.0203 | lr 1.55e-05
step   1689 | train_loss 2.0786 | lr 1.55e-05
step   1690 | train_loss 1.9195 | lr 1.55e-05
step   1691 | train_loss 1.9573 | lr 1.55e-05
step   1692 | train_loss 2.0181 | lr 1.55e-05
step   1693 | train_loss 2.0289 | lr 1.55e-05
step   1694 | train_loss 1.8698 | lr 1.55e-05
step   1695 | train_loss 1.8521 | lr 1.55e-05
step   1696 | train_loss 1.8235 | lr 1.55e-05
step   1697 | train_loss 1.9994 | lr 1.55e-05
step   1698 | train_loss 1.9698 | lr 1.55e-05
step   1699 | train_loss 2.0322 | lr 1.55e-05
step   1700 | train_loss 1.8300 | lr 1.55e-05
step   1701 | train_loss 2.0826 | lr 1.55e-05
step   1702 | train_loss 1.8299 | lr 1.55e-05
step   1703 | train_loss 2.0152 | lr 1.54e-05
step   1704 | train_loss 1.9770 | lr 1.54e-05
step   1705 | train_loss 1.9973 | lr 1.54e-05
step   1706 | train_loss 1.7983 | lr 1.54e-05
step   1707 | train_loss 1.6954 | lr 1.54e-05
step   1708 | train_loss 1.7973 | lr 1.54e-05
step   1709 | train_loss 1.8812 | lr 1.54e-05
step   1710 | train_loss 1.8148 | lr 1.54e-05
step   1711 | train_loss 2.0631 | lr 1.54e-05
step   1712 | train_loss 1.9341 | lr 1.54e-05
step   1713 | train_loss 1.9811 | lr 1.54e-05
step   1714 | train_loss 1.7831 | lr 1.54e-05
step   1715 | train_loss 2.0680 | lr 1.54e-05
step   1716 | train_loss 1.9261 | lr 1.54e-05
step   1717 | train_loss 1.7781 | lr 1.54e-05
step   1718 | train_loss 2.1604 | lr 1.54e-05
step   1719 | train_loss 1.9229 | lr 1.54e-05
step   1720 | train_loss 1.9279 | lr 1.54e-05
step   1721 | train_loss 1.7950 | lr 1.54e-05
step   1722 | train_loss 1.8931 | lr 1.53e-05
step   1723 | train_loss 1.8957 | lr 1.53e-05
step   1724 | train_loss 1.7622 | lr 1.53e-05
step   1725 | train_loss 1.8685 | lr 1.53e-05
step   1726 | train_loss 1.9482 | lr 1.53e-05
step   1727 | train_loss 2.0169 | lr 1.53e-05
step   1728 | train_loss 1.9319 | lr 1.53e-05
step   1729 | train_loss 2.1024 | lr 1.53e-05
step   1730 | train_loss 1.8590 | lr 1.53e-05
step   1731 | train_loss 2.0139 | lr 1.53e-05
step   1732 | train_loss 1.8376 | lr 1.53e-05
step   1733 | train_loss 2.0495 | lr 1.53e-05
step   1734 | train_loss 2.1394 | lr 1.53e-05
step   1735 | train_loss 2.1446 | lr 1.53e-05
step   1736 | train_loss 1.9704 | lr 1.53e-05
step   1737 | train_loss 1.8821 | lr 1.53e-05
step   1738 | train_loss 1.6928 | lr 1.53e-05
step   1739 | train_loss 1.9847 | lr 1.53e-05
step   1740 | train_loss 1.8976 | lr 1.53e-05
step   1741 | train_loss 2.0051 | lr 1.52e-05
step   1742 | train_loss 1.8149 | lr 1.52e-05
step   1743 | train_loss 1.8371 | lr 1.52e-05
step   1744 | train_loss 1.9597 | lr 1.52e-05
step   1745 | train_loss 1.9111 | lr 1.52e-05
step   1746 | train_loss 1.9248 | lr 1.52e-05
step   1747 | train_loss 1.9013 | lr 1.52e-05
step   1748 | train_loss 1.8436 | lr 1.52e-05
step   1749 | train_loss 1.8256 | lr 1.52e-05
step   1750 | train_loss 1.9571 | lr 1.52e-05
step   1750 | val_loss 2.0805 | val_ppl 8.01
step   1751 | train_loss 1.8994 | lr 1.52e-05
step   1752 | train_loss 1.8804 | lr 1.52e-05
step   1753 | train_loss 1.8112 | lr 1.52e-05
step   1754 | train_loss 1.8924 | lr 1.52e-05
step   1755 | train_loss 1.9304 | lr 1.52e-05
step   1756 | train_loss 1.9693 | lr 1.52e-05
step   1757 | train_loss 2.0516 | lr 1.52e-05
step   1758 | train_loss 1.8509 | lr 1.52e-05
step   1759 | train_loss 1.8980 | lr 1.52e-05
step   1760 | train_loss 2.0494 | lr 1.52e-05
step   1761 | train_loss 1.8454 | lr 1.51e-05
step   1762 | train_loss 2.0631 | lr 1.51e-05
step   1763 | train_loss 2.0182 | lr 1.51e-05
step   1764 | train_loss 1.8914 | lr 1.51e-05
step   1765 | train_loss 2.0114 | lr 1.51e-05
step   1766 | train_loss 1.8598 | lr 1.51e-05
step   1767 | train_loss 2.0292 | lr 1.51e-05
step   1768 | train_loss 2.2492 | lr 1.51e-05
step   1769 | train_loss 2.0986 | lr 1.51e-05
step   1770 | train_loss 1.9841 | lr 1.51e-05
step   1771 | train_loss 2.1027 | lr 1.51e-05
step   1772 | train_loss 1.9213 | lr 1.51e-05
step   1773 | train_loss 1.8600 | lr 1.51e-05
step   1774 | train_loss 1.8536 | lr 1.51e-05
step   1775 | train_loss 1.9368 | lr 1.51e-05
step   1776 | train_loss 2.0748 | lr 1.51e-05
step   1777 | train_loss 2.0055 | lr 1.51e-05
step   1778 | train_loss 1.9502 | lr 1.51e-05
step   1779 | train_loss 2.0071 | lr 1.51e-05
step   1780 | train_loss 1.7582 | lr 1.50e-05
step   1781 | train_loss 1.9639 | lr 1.50e-05
step   1782 | train_loss 1.9638 | lr 1.50e-05
step   1783 | train_loss 1.8660 | lr 1.50e-05
step   1784 | train_loss 1.8936 | lr 1.50e-05
step   1785 | train_loss 1.9703 | lr 1.50e-05
step   1786 | train_loss 1.9287 | lr 1.50e-05
step   1787 | train_loss 2.0419 | lr 1.50e-05
step   1788 | train_loss 1.8617 | lr 1.50e-05
step   1789 | train_loss 1.8765 | lr 1.50e-05
step   1790 | train_loss 1.9003 | lr 1.50e-05
step   1791 | train_loss 1.7543 | lr 1.50e-05
step   1792 | train_loss 2.0535 | lr 1.50e-05
step   1793 | train_loss 1.8881 | lr 1.50e-05
step   1794 | train_loss 1.9616 | lr 1.50e-05
step   1795 | train_loss 1.7068 | lr 1.50e-05
step   1796 | train_loss 1.9541 | lr 1.50e-05
step   1797 | train_loss 2.0088 | lr 1.50e-05
step   1798 | train_loss 1.9637 | lr 1.49e-05
step   1799 | train_loss 2.0876 | lr 1.49e-05
step   1800 | train_loss 1.8821 | lr 1.49e-05
step   1801 | train_loss 2.0081 | lr 1.49e-05
step   1802 | train_loss 1.8493 | lr 1.49e-05
step   1803 | train_loss 2.0499 | lr 1.49e-05
step   1804 | train_loss 2.1056 | lr 1.49e-05
step   1805 | train_loss 2.0873 | lr 1.49e-05
step   1806 | train_loss 2.0139 | lr 1.49e-05
step   1807 | train_loss 2.0022 | lr 1.49e-05
step   1808 | train_loss 1.8208 | lr 1.49e-05
step   1809 | train_loss 1.8766 | lr 1.49e-05
step   1810 | train_loss 1.7107 | lr 1.49e-05
step   1811 | train_loss 1.8958 | lr 1.49e-05
step   1812 | train_loss 1.9352 | lr 1.49e-05
step   1813 | train_loss 2.2340 | lr 1.49e-05
step   1814 | train_loss 1.7754 | lr 1.49e-05
step   1815 | train_loss 1.7626 | lr 1.49e-05
step   1816 | train_loss 1.8722 | lr 1.49e-05
step   1817 | train_loss 2.1091 | lr 1.48e-05
step   1818 | train_loss 2.0397 | lr 1.48e-05
step   1819 | train_loss 1.8404 | lr 1.48e-05
step   1820 | train_loss 2.0573 | lr 1.48e-05
step   1821 | train_loss 2.1675 | lr 1.48e-05
step   1822 | train_loss 1.7102 | lr 1.48e-05
step   1823 | train_loss 1.7677 | lr 1.48e-05
step   1824 | train_loss 1.8275 | lr 1.48e-05
step   1825 | train_loss 1.9789 | lr 1.48e-05
step   1826 | train_loss 2.1061 | lr 1.48e-05
step   1827 | train_loss 1.9460 | lr 1.48e-05
step   1828 | train_loss 2.0760 | lr 1.48e-05
step   1829 | train_loss 1.7732 | lr 1.48e-05
step   1830 | train_loss 1.9287 | lr 1.48e-05
step   1831 | train_loss 2.1075 | lr 1.48e-05
step   1832 | train_loss 1.9902 | lr 1.48e-05
step   1833 | train_loss 1.8054 | lr 1.48e-05
step   1834 | train_loss 2.0630 | lr 1.48e-05
step   1835 | train_loss 2.0557 | lr 1.48e-05
step   1836 | train_loss 1.9283 | lr 1.47e-05
step   1837 | train_loss 2.1226 | lr 1.47e-05
step   1838 | train_loss 1.8947 | lr 1.47e-05
step   1839 | train_loss 2.1832 | lr 1.47e-05
step   1840 | train_loss 1.9350 | lr 1.47e-05
step   1841 | train_loss 1.9652 | lr 1.47e-05
step   1842 | train_loss 1.9275 | lr 1.47e-05
step   1843 | train_loss 2.0346 | lr 1.47e-05
step   1844 | train_loss 2.0829 | lr 1.47e-05
step   1845 | train_loss 1.9285 | lr 1.47e-05
step   1846 | train_loss 1.9235 | lr 1.47e-05
step   1847 | train_loss 2.0723 | lr 1.47e-05
step   1848 | train_loss 1.7611 | lr 1.47e-05
step   1849 | train_loss 2.0149 | lr 1.47e-05
step   1850 | train_loss 1.9567 | lr 1.47e-05
step   1851 | train_loss 2.0594 | lr 1.47e-05
step   1852 | train_loss 1.8605 | lr 1.47e-05
step   1853 | train_loss 2.0647 | lr 1.47e-05
step   1854 | train_loss 1.8580 | lr 1.46e-05
step   1855 | train_loss 2.0879 | lr 1.46e-05
step   1856 | train_loss 1.8549 | lr 1.46e-05
step   1857 | train_loss 2.0702 | lr 1.46e-05
step   1858 | train_loss 1.9327 | lr 1.46e-05
step   1859 | train_loss 2.2323 | lr 1.46e-05
step   1860 | train_loss 1.6112 | lr 1.46e-05
step   1861 | train_loss 1.8492 | lr 1.46e-05
step   1862 | train_loss 1.9455 | lr 1.46e-05
step   1863 | train_loss 1.9314 | lr 1.46e-05
step   1864 | train_loss 1.9268 | lr 1.46e-05
step   1865 | train_loss 1.8231 | lr 1.46e-05
step   1866 | train_loss 1.9023 | lr 1.46e-05
step   1867 | train_loss 1.8026 | lr 1.46e-05
step   1868 | train_loss 2.0269 | lr 1.46e-05
step   1869 | train_loss 1.8661 | lr 1.46e-05
step   1870 | train_loss 2.0761 | lr 1.46e-05
step   1871 | train_loss 1.9560 | lr 1.46e-05
step   1872 | train_loss 1.9969 | lr 1.46e-05
step   1873 | train_loss 1.7801 | lr 1.45e-05
step   1874 | train_loss 1.7044 | lr 1.45e-05
step   1875 | train_loss 1.9734 | lr 1.45e-05
step   1876 | train_loss 1.8629 | lr 1.45e-05
step   1877 | train_loss 2.0809 | lr 1.45e-05
step   1878 | train_loss 1.9539 | lr 1.45e-05
step   1879 | train_loss 2.0415 | lr 1.45e-05
step   1880 | train_loss 1.8345 | lr 1.45e-05
step   1881 | train_loss 1.9516 | lr 1.45e-05
step   1882 | train_loss 2.1399 | lr 1.45e-05
step   1883 | train_loss 2.0815 | lr 1.45e-05
step   1884 | train_loss 1.8505 | lr 1.45e-05
step   1885 | train_loss 1.8546 | lr 1.45e-05
step   1886 | train_loss 1.9315 | lr 1.45e-05
step   1887 | train_loss 1.9846 | lr 1.45e-05
step   1888 | train_loss 1.7900 | lr 1.45e-05
step   1889 | train_loss 1.9915 | lr 1.45e-05
step   1890 | train_loss 1.8726 | lr 1.45e-05
step   1891 | train_loss 1.9788 | lr 1.44e-05
step   1892 | train_loss 1.9093 | lr 1.44e-05
step   1893 | train_loss 2.1562 | lr 1.44e-05
step   1894 | train_loss 1.7373 | lr 1.44e-05
step   1895 | train_loss 2.0730 | lr 1.44e-05
step   1896 | train_loss 1.8177 | lr 1.44e-05
step   1897 | train_loss 1.9823 | lr 1.44e-05
step   1898 | train_loss 1.7135 | lr 1.44e-05
step   1899 | train_loss 2.0458 | lr 1.44e-05
step   1900 | train_loss 1.9520 | lr 1.44e-05
step   1901 | train_loss 1.8442 | lr 1.44e-05
step   1902 | train_loss 1.8629 | lr 1.44e-05
step   1903 | train_loss 1.8104 | lr 1.44e-05
step   1904 | train_loss 1.9519 | lr 1.44e-05
step   1905 | train_loss 2.1360 | lr 1.44e-05
step   1906 | train_loss 1.8739 | lr 1.44e-05
step   1907 | train_loss 2.0181 | lr 1.44e-05
step   1908 | train_loss 1.9193 | lr 1.44e-05
step   1909 | train_loss 1.7911 | lr 1.43e-05
step   1910 | train_loss 2.0433 | lr 1.43e-05
step   1911 | train_loss 2.0195 | lr 1.43e-05
step   1912 | train_loss 1.9206 | lr 1.43e-05
step   1913 | train_loss 1.9316 | lr 1.43e-05
step   1914 | train_loss 2.0344 | lr 1.43e-05
step   1915 | train_loss 2.1399 | lr 1.43e-05
step   1916 | train_loss 1.9463 | lr 1.43e-05
step   1917 | train_loss 1.9413 | lr 1.43e-05
step   1918 | train_loss 2.1242 | lr 1.43e-05
step   1919 | train_loss 2.1665 | lr 1.43e-05
step   1920 | train_loss 2.0104 | lr 1.43e-05
step   1921 | train_loss 1.9747 | lr 1.43e-05
step   1922 | train_loss 1.9138 | lr 1.43e-05
step   1923 | train_loss 2.0431 | lr 1.43e-05
step   1924 | train_loss 1.9225 | lr 1.43e-05
step   1925 | train_loss 2.0602 | lr 1.43e-05
step   1926 | train_loss 1.9005 | lr 1.43e-05
step   1927 | train_loss 1.8734 | lr 1.42e-05
step   1928 | train_loss 2.0120 | lr 1.42e-05
step   1929 | train_loss 1.6507 | lr 1.42e-05
step   1930 | train_loss 1.7361 | lr 1.42e-05
step   1931 | train_loss 1.9438 | lr 1.42e-05
step   1932 | train_loss 1.7632 | lr 1.42e-05
step   1933 | train_loss 1.8434 | lr 1.42e-05
step   1934 | train_loss 1.7602 | lr 1.42e-05
step   1935 | train_loss 1.8613 | lr 1.42e-05
step   1936 | train_loss 2.1126 | lr 1.42e-05
step   1937 | train_loss 2.1322 | lr 1.42e-05
step   1938 | train_loss 2.1173 | lr 1.42e-05
step   1939 | train_loss 1.8961 | lr 1.42e-05
step   1940 | train_loss 1.8850 | lr 1.42e-05
step   1941 | train_loss 1.9721 | lr 1.42e-05
step   1942 | train_loss 1.9663 | lr 1.42e-05
step   1943 | train_loss 1.9147 | lr 1.42e-05
step   1944 | train_loss 2.0577 | lr 1.42e-05
step   1945 | train_loss 1.9359 | lr 1.42e-05
step   1946 | train_loss 1.8698 | lr 1.41e-05
step   1947 | train_loss 1.9918 | lr 1.41e-05
step   1948 | train_loss 1.9899 | lr 1.41e-05
step   1949 | train_loss 1.9744 | lr 1.41e-05
step   1950 | train_loss 2.1015 | lr 1.41e-05
step   1951 | train_loss 1.6777 | lr 1.41e-05
step   1952 | train_loss 1.8576 | lr 1.41e-05
step   1953 | train_loss 2.3850 | lr 1.41e-05
step   1954 | train_loss 2.0521 | lr 1.41e-05
step   1955 | train_loss 1.9119 | lr 1.41e-05
step   1956 | train_loss 1.8744 | lr 1.41e-05
step   1957 | train_loss 2.0452 | lr 1.41e-05
step   1958 | train_loss 1.9700 | lr 1.41e-05
step   1959 | train_loss 1.7106 | lr 1.41e-05
step   1960 | train_loss 2.0158 | lr 1.41e-05
step   1961 | train_loss 1.7795 | lr 1.41e-05
step   1962 | train_loss 1.7719 | lr 1.41e-05
step   1963 | train_loss 2.0803 | lr 1.41e-05
step   1964 | train_loss 2.0756 | lr 1.40e-05
step   1965 | train_loss 2.0596 | lr 1.40e-05
step   1966 | train_loss 2.1184 | lr 1.40e-05
step   1967 | train_loss 1.7897 | lr 1.40e-05
step   1968 | train_loss 1.7229 | lr 1.40e-05
step   1969 | train_loss 2.1179 | lr 1.40e-05
step   1970 | train_loss 1.6876 | lr 1.40e-05
step   1971 | train_loss 1.9841 | lr 1.40e-05
step   1972 | train_loss 2.0469 | lr 1.40e-05
step   1973 | train_loss 1.9427 | lr 1.40e-05
step   1974 | train_loss 1.7956 | lr 1.40e-05
step   1975 | train_loss 1.9159 | lr 1.40e-05
step   1976 | train_loss 2.1540 | lr 1.40e-05
step   1977 | train_loss 1.7973 | lr 1.40e-05
step   1978 | train_loss 2.0623 | lr 1.40e-05
step   1979 | train_loss 2.0980 | lr 1.40e-05
step   1980 | train_loss 1.9270 | lr 1.40e-05
step   1981 | train_loss 1.9680 | lr 1.39e-05
step   1982 | train_loss 1.8973 | lr 1.39e-05
step   1983 | train_loss 1.8365 | lr 1.39e-05
step   1984 | train_loss 1.8630 | lr 1.39e-05
step   1985 | train_loss 1.8438 | lr 1.39e-05
step   1986 | train_loss 1.9325 | lr 1.39e-05
step   1987 | train_loss 2.0077 | lr 1.39e-05
step   1988 | train_loss 1.9284 | lr 1.39e-05
step   1989 | train_loss 1.7641 | lr 1.39e-05
step   1990 | train_loss 1.9818 | lr 1.39e-05
step   1991 | train_loss 1.7839 | lr 1.39e-05
step   1992 | train_loss 2.0681 | lr 1.39e-05
step   1993 | train_loss 2.0853 | lr 1.39e-05
step   1994 | train_loss 2.0165 | lr 1.39e-05
step   1995 | train_loss 1.9525 | lr 1.39e-05
step   1996 | train_loss 2.0373 | lr 1.39e-05
step   1997 | train_loss 1.9059 | lr 1.39e-05
step   1998 | train_loss 2.1521 | lr 1.39e-05
step   1999 | train_loss 1.9086 | lr 1.38e-05
step   2000 | train_loss 1.9808 | lr 1.38e-05
step   2000 | val_loss 2.0839 | val_ppl 8.04
Saved checkpoint to checkpoints/sft_alpaca/step_2000.pt
step   2001 | train_loss 1.9139 | lr 1.38e-05
step   2002 | train_loss 1.8636 | lr 1.38e-05
step   2003 | train_loss 1.8706 | lr 1.38e-05
step   2004 | train_loss 1.8512 | lr 1.38e-05
step   2005 | train_loss 2.0102 | lr 1.38e-05
step   2006 | train_loss 1.8657 | lr 1.38e-05
step   2007 | train_loss 2.3035 | lr 1.38e-05
step   2008 | train_loss 1.9738 | lr 1.38e-05
step   2009 | train_loss 2.2159 | lr 1.38e-05
step   2010 | train_loss 2.0191 | lr 1.38e-05
step   2011 | train_loss 1.7517 | lr 1.38e-05
step   2012 | train_loss 2.0361 | lr 1.38e-05
step   2013 | train_loss 2.1167 | lr 1.38e-05
step   2014 | train_loss 1.8813 | lr 1.38e-05
step   2015 | train_loss 1.6320 | lr 1.38e-05
step   2016 | train_loss 2.0057 | lr 1.38e-05
step   2017 | train_loss 1.9386 | lr 1.37e-05
step   2018 | train_loss 2.0316 | lr 1.37e-05
step   2019 | train_loss 2.1311 | lr 1.37e-05
step   2020 | train_loss 1.9334 | lr 1.37e-05
step   2021 | train_loss 1.9493 | lr 1.37e-05
step   2022 | train_loss 1.9894 | lr 1.37e-05
step   2023 | train_loss 1.7770 | lr 1.37e-05
step   2024 | train_loss 1.7953 | lr 1.37e-05
step   2025 | train_loss 2.0342 | lr 1.37e-05
step   2026 | train_loss 2.0066 | lr 1.37e-05
step   2027 | train_loss 2.1727 | lr 1.37e-05
step   2028 | train_loss 2.0043 | lr 1.37e-05
step   2029 | train_loss 1.8053 | lr 1.37e-05
step   2030 | train_loss 1.7968 | lr 1.37e-05
step   2031 | train_loss 1.9683 | lr 1.37e-05
step   2032 | train_loss 2.0669 | lr 1.37e-05
step   2033 | train_loss 1.9702 | lr 1.37e-05
step   2034 | train_loss 1.9189 | lr 1.37e-05
step   2035 | train_loss 1.8419 | lr 1.36e-05
step   2036 | train_loss 2.0848 | lr 1.36e-05
step   2037 | train_loss 2.0873 | lr 1.36e-05
step   2038 | train_loss 1.9608 | lr 1.36e-05
step   2039 | train_loss 2.0479 | lr 1.36e-05
step   2040 | train_loss 2.0204 | lr 1.36e-05
step   2041 | train_loss 1.9322 | lr 1.36e-05
step   2042 | train_loss 2.1366 | lr 1.36e-05
step   2043 | train_loss 1.8570 | lr 1.36e-05
step   2044 | train_loss 1.9600 | lr 1.36e-05
step   2045 | train_loss 1.7491 | lr 1.36e-05
step   2046 | train_loss 1.8304 | lr 1.36e-05
step   2047 | train_loss 2.1737 | lr 1.36e-05
step   2048 | train_loss 1.8189 | lr 1.36e-05
step   2049 | train_loss 1.9098 | lr 1.36e-05
step   2050 | train_loss 1.9384 | lr 1.36e-05
step   2051 | train_loss 2.0637 | lr 1.36e-05
step   2052 | train_loss 1.9546 | lr 1.35e-05
step   2053 | train_loss 1.8341 | lr 1.35e-05
step   2054 | train_loss 2.1791 | lr 1.35e-05
step   2055 | train_loss 1.9695 | lr 1.35e-05
step   2056 | train_loss 1.9835 | lr 1.35e-05
step   2057 | train_loss 1.7952 | lr 1.35e-05
step   2058 | train_loss 1.9545 | lr 1.35e-05
step   2059 | train_loss 2.0738 | lr 1.35e-05
step   2060 | train_loss 1.9776 | lr 1.35e-05
step   2061 | train_loss 1.8297 | lr 1.35e-05
step   2062 | train_loss 1.9993 | lr 1.35e-05
step   2063 | train_loss 1.8964 | lr 1.35e-05
step   2064 | train_loss 1.8088 | lr 1.35e-05
step   2065 | train_loss 1.9496 | lr 1.35e-05
step   2066 | train_loss 2.0809 | lr 1.35e-05
step   2067 | train_loss 1.9459 | lr 1.35e-05
step   2068 | train_loss 1.6846 | lr 1.35e-05
step   2069 | train_loss 2.0546 | lr 1.35e-05
step   2070 | train_loss 2.0410 | lr 1.34e-05
step   2071 | train_loss 1.7689 | lr 1.34e-05
step   2072 | train_loss 1.9213 | lr 1.34e-05
step   2073 | train_loss 1.8796 | lr 1.34e-05
step   2074 | train_loss 1.9167 | lr 1.34e-05
step   2075 | train_loss 1.8517 | lr 1.34e-05
step   2076 | train_loss 2.0610 | lr 1.34e-05
step   2077 | train_loss 1.9522 | lr 1.34e-05
step   2078 | train_loss 2.0891 | lr 1.34e-05
step   2079 | train_loss 1.7869 | lr 1.34e-05
step   2080 | train_loss 1.9423 | lr 1.34e-05
step   2081 | train_loss 2.0592 | lr 1.34e-05
step   2082 | train_loss 2.0353 | lr 1.34e-05
step   2083 | train_loss 1.8936 | lr 1.34e-05
step   2084 | train_loss 2.0385 | lr 1.34e-05
step   2085 | train_loss 1.8053 | lr 1.34e-05
step   2086 | train_loss 2.0526 | lr 1.34e-05
step   2087 | train_loss 1.8864 | lr 1.33e-05
step   2088 | train_loss 1.7983 | lr 1.33e-05
step   2089 | train_loss 1.8484 | lr 1.33e-05
step   2090 | train_loss 2.0949 | lr 1.33e-05
step   2091 | train_loss 2.0231 | lr 1.33e-05
step   2092 | train_loss 2.1513 | lr 1.33e-05
step   2093 | train_loss 1.9152 | lr 1.33e-05
step   2094 | train_loss 1.9145 | lr 1.33e-05
step   2095 | train_loss 1.9088 | lr 1.33e-05
step   2096 | train_loss 2.0385 | lr 1.33e-05
step   2097 | train_loss 1.7784 | lr 1.33e-05
step   2098 | train_loss 1.9800 | lr 1.33e-05
step   2099 | train_loss 1.9402 | lr 1.33e-05
step   2100 | train_loss 1.7256 | lr 1.33e-05
step   2101 | train_loss 1.8471 | lr 1.33e-05
step   2102 | train_loss 1.9256 | lr 1.33e-05
step   2103 | train_loss 1.8510 | lr 1.33e-05
step   2104 | train_loss 2.0324 | lr 1.33e-05
step   2105 | train_loss 1.7224 | lr 1.32e-05
step   2106 | train_loss 1.9684 | lr 1.32e-05
step   2107 | train_loss 1.7066 | lr 1.32e-05
step   2108 | train_loss 1.7304 | lr 1.32e-05
step   2109 | train_loss 1.8972 | lr 1.32e-05
step   2110 | train_loss 2.3077 | lr 1.32e-05
step   2111 | train_loss 1.9450 | lr 1.32e-05
step   2112 | train_loss 2.1579 | lr 1.32e-05
step   2113 | train_loss 2.1348 | lr 1.32e-05
step   2114 | train_loss 1.9882 | lr 1.32e-05
step   2115 | train_loss 2.1208 | lr 1.32e-05
step   2116 | train_loss 2.1608 | lr 1.32e-05
step   2117 | train_loss 2.2194 | lr 1.32e-05
step   2118 | train_loss 2.0444 | lr 1.32e-05
step   2119 | train_loss 2.1310 | lr 1.32e-05
step   2120 | train_loss 2.0248 | lr 1.32e-05
step   2121 | train_loss 1.8588 | lr 1.32e-05
step   2122 | train_loss 1.8627 | lr 1.31e-05
step   2123 | train_loss 2.0040 | lr 1.31e-05
step   2124 | train_loss 1.9806 | lr 1.31e-05
step   2125 | train_loss 1.8010 | lr 1.31e-05
step   2126 | train_loss 1.8489 | lr 1.31e-05
step   2127 | train_loss 1.8441 | lr 1.31e-05
step   2128 | train_loss 1.9908 | lr 1.31e-05
step   2129 | train_loss 2.0368 | lr 1.31e-05
step   2130 | train_loss 2.0576 | lr 1.31e-05
step   2131 | train_loss 2.0703 | lr 1.31e-05
step   2132 | train_loss 2.0085 | lr 1.31e-05
step   2133 | train_loss 2.0870 | lr 1.31e-05
step   2134 | train_loss 2.0043 | lr 1.31e-05
step   2135 | train_loss 2.0974 | lr 1.31e-05
step   2136 | train_loss 1.9990 | lr 1.31e-05
step   2137 | train_loss 1.9315 | lr 1.31e-05
step   2138 | train_loss 2.0604 | lr 1.31e-05
step   2139 | train_loss 1.9537 | lr 1.31e-05
step   2140 | train_loss 1.8692 | lr 1.30e-05
step   2141 | train_loss 1.9629 | lr 1.30e-05
step   2142 | train_loss 1.8992 | lr 1.30e-05
step   2143 | train_loss 1.9298 | lr 1.30e-05
step   2144 | train_loss 1.9858 | lr 1.30e-05
step   2145 | train_loss 1.9943 | lr 1.30e-05
step   2146 | train_loss 2.0940 | lr 1.30e-05
step   2147 | train_loss 1.8847 | lr 1.30e-05
step   2148 | train_loss 1.7869 | lr 1.30e-05
step   2149 | train_loss 2.1386 | lr 1.30e-05
step   2150 | train_loss 1.7449 | lr 1.30e-05
step   2151 | train_loss 2.0853 | lr 1.30e-05
step   2152 | train_loss 1.8120 | lr 1.30e-05
step   2153 | train_loss 1.9238 | lr 1.30e-05
step   2154 | train_loss 1.7769 | lr 1.30e-05
step   2155 | train_loss 1.8565 | lr 1.30e-05
step   2156 | train_loss 1.8857 | lr 1.30e-05
step   2157 | train_loss 2.1678 | lr 1.29e-05
step   2158 | train_loss 1.9868 | lr 1.29e-05
step   2159 | train_loss 2.0711 | lr 1.29e-05
step   2160 | train_loss 2.1465 | lr 1.29e-05
step   2161 | train_loss 1.7847 | lr 1.29e-05
step   2162 | train_loss 1.7548 | lr 1.29e-05
step   2163 | train_loss 1.8893 | lr 1.29e-05
step   2164 | train_loss 1.8733 | lr 1.29e-05
step   2165 | train_loss 1.9682 | lr 1.29e-05
step   2166 | train_loss 1.8847 | lr 1.29e-05
step   2167 | train_loss 2.0407 | lr 1.29e-05
step   2168 | train_loss 1.8484 | lr 1.29e-05
step   2169 | train_loss 1.9569 | lr 1.29e-05
step   2170 | train_loss 1.6532 | lr 1.29e-05
step   2171 | train_loss 1.9386 | lr 1.29e-05
step   2172 | train_loss 1.9737 | lr 1.29e-05
step   2173 | train_loss 2.0283 | lr 1.29e-05
step   2174 | train_loss 1.9589 | lr 1.28e-05
step   2175 | train_loss 1.8169 | lr 1.28e-05
step   2176 | train_loss 2.1949 | lr 1.28e-05
step   2177 | train_loss 2.0962 | lr 1.28e-05
step   2178 | train_loss 1.9691 | lr 1.28e-05
step   2179 | train_loss 2.2003 | lr 1.28e-05
step   2180 | train_loss 1.9932 | lr 1.28e-05
step   2181 | train_loss 2.0332 | lr 1.28e-05
step   2182 | train_loss 1.9363 | lr 1.28e-05
step   2183 | train_loss 1.9661 | lr 1.28e-05
step   2184 | train_loss 2.1030 | lr 1.28e-05
step   2185 | train_loss 2.0894 | lr 1.28e-05
step   2186 | train_loss 2.0481 | lr 1.28e-05
step   2187 | train_loss 1.8308 | lr 1.28e-05
step   2188 | train_loss 2.0346 | lr 1.28e-05
step   2189 | train_loss 1.9440 | lr 1.28e-05
step   2190 | train_loss 1.8678 | lr 1.28e-05
step   2191 | train_loss 1.9381 | lr 1.28e-05
step   2192 | train_loss 2.0523 | lr 1.27e-05
step   2193 | train_loss 1.9740 | lr 1.27e-05
step   2194 | train_loss 2.0395 | lr 1.27e-05
step   2195 | train_loss 1.9391 | lr 1.27e-05
step   2196 | train_loss 1.9351 | lr 1.27e-05
step   2197 | train_loss 2.0077 | lr 1.27e-05
step   2198 | train_loss 1.8939 | lr 1.27e-05
step   2199 | train_loss 2.0746 | lr 1.27e-05
step   2200 | train_loss 2.0684 | lr 1.27e-05
step   2201 | train_loss 1.9109 | lr 1.27e-05
step   2202 | train_loss 1.7963 | lr 1.27e-05
step   2203 | train_loss 1.8586 | lr 1.27e-05
step   2204 | train_loss 1.9978 | lr 1.27e-05
step   2205 | train_loss 1.8698 | lr 1.27e-05
step   2206 | train_loss 1.9901 | lr 1.27e-05
step   2207 | train_loss 1.9053 | lr 1.27e-05
step   2208 | train_loss 2.1634 | lr 1.27e-05
step   2209 | train_loss 2.0693 | lr 1.26e-05
step   2210 | train_loss 1.8589 | lr 1.26e-05
step   2211 | train_loss 1.8889 | lr 1.26e-05
step   2212 | train_loss 2.0018 | lr 1.26e-05
step   2213 | train_loss 1.8067 | lr 1.26e-05
step   2214 | train_loss 1.7605 | lr 1.26e-05
step   2215 | train_loss 1.9782 | lr 1.26e-05
step   2216 | train_loss 2.1553 | lr 1.26e-05
step   2217 | train_loss 1.9937 | lr 1.26e-05
step   2218 | train_loss 2.1206 | lr 1.26e-05
step   2219 | train_loss 1.9887 | lr 1.26e-05
step   2220 | train_loss 1.9169 | lr 1.26e-05
step   2221 | train_loss 2.0605 | lr 1.26e-05
step   2222 | train_loss 1.8679 | lr 1.26e-05
step   2223 | train_loss 2.0445 | lr 1.26e-05
step   2224 | train_loss 1.9614 | lr 1.26e-05
step   2225 | train_loss 2.0084 | lr 1.26e-05
step   2226 | train_loss 2.0134 | lr 1.25e-05
step   2227 | train_loss 1.8875 | lr 1.25e-05
step   2228 | train_loss 1.9793 | lr 1.25e-05
step   2229 | train_loss 1.8910 | lr 1.25e-05
step   2230 | train_loss 2.1001 | lr 1.25e-05
step   2231 | train_loss 1.6781 | lr 1.25e-05
step   2232 | train_loss 1.9549 | lr 1.25e-05
step   2233 | train_loss 1.7293 | lr 1.25e-05
step   2234 | train_loss 2.0005 | lr 1.25e-05
step   2235 | train_loss 2.1217 | lr 1.25e-05
step   2236 | train_loss 1.9905 | lr 1.25e-05
step   2237 | train_loss 1.9945 | lr 1.25e-05
step   2238 | train_loss 1.9288 | lr 1.25e-05
step   2239 | train_loss 1.9656 | lr 1.25e-05
step   2240 | train_loss 2.2193 | lr 1.25e-05
step   2241 | train_loss 1.9611 | lr 1.25e-05
step   2242 | train_loss 1.8899 | lr 1.25e-05
step   2243 | train_loss 1.9061 | lr 1.24e-05
step   2244 | train_loss 1.7999 | lr 1.24e-05
step   2245 | train_loss 1.8821 | lr 1.24e-05
step   2246 | train_loss 1.8101 | lr 1.24e-05
step   2247 | train_loss 2.0212 | lr 1.24e-05
step   2248 | train_loss 1.9596 | lr 1.24e-05
step   2249 | train_loss 1.9714 | lr 1.24e-05
step   2250 | train_loss 2.0517 | lr 1.24e-05
step   2250 | val_loss 2.0839 | val_ppl 8.04
step   2251 | train_loss 1.9874 | lr 1.24e-05
step   2252 | train_loss 1.9707 | lr 1.24e-05
step   2253 | train_loss 1.7156 | lr 1.24e-05
step   2254 | train_loss 1.8119 | lr 1.24e-05
step   2255 | train_loss 2.0161 | lr 1.24e-05
step   2256 | train_loss 2.0537 | lr 1.24e-05
step   2257 | train_loss 1.9794 | lr 1.24e-05
step   2258 | train_loss 1.8986 | lr 1.24e-05
step   2259 | train_loss 1.8629 | lr 1.24e-05
step   2260 | train_loss 1.7751 | lr 1.23e-05
step   2261 | train_loss 1.9321 | lr 1.23e-05
step   2262 | train_loss 1.9157 | lr 1.23e-05
step   2263 | train_loss 2.0083 | lr 1.23e-05
step   2264 | train_loss 1.8815 | lr 1.23e-05
step   2265 | train_loss 1.8884 | lr 1.23e-05
step   2266 | train_loss 2.0217 | lr 1.23e-05
step   2267 | train_loss 1.9622 | lr 1.23e-05
step   2268 | train_loss 2.0310 | lr 1.23e-05
step   2269 | train_loss 1.8975 | lr 1.23e-05
step   2270 | train_loss 1.9766 | lr 1.23e-05
step   2271 | train_loss 2.0813 | lr 1.23e-05
step   2272 | train_loss 1.7803 | lr 1.23e-05
step   2273 | train_loss 2.2755 | lr 1.23e-05
step   2274 | train_loss 2.2222 | lr 1.23e-05
step   2275 | train_loss 2.0330 | lr 1.23e-05
step   2276 | train_loss 1.8639 | lr 1.23e-05
step   2277 | train_loss 1.9311 | lr 1.22e-05
step   2278 | train_loss 1.9448 | lr 1.22e-05
step   2279 | train_loss 1.8025 | lr 1.22e-05
step   2280 | train_loss 1.8830 | lr 1.22e-05
step   2281 | train_loss 2.1562 | lr 1.22e-05
step   2282 | train_loss 1.9921 | lr 1.22e-05
step   2283 | train_loss 1.9535 | lr 1.22e-05
step   2284 | train_loss 2.2107 | lr 1.22e-05
step   2285 | train_loss 1.8208 | lr 1.22e-05
step   2286 | train_loss 2.0607 | lr 1.22e-05
step   2287 | train_loss 1.8849 | lr 1.22e-05
step   2288 | train_loss 1.8669 | lr 1.22e-05
step   2289 | train_loss 1.9450 | lr 1.22e-05
step   2290 | train_loss 2.0223 | lr 1.22e-05
step   2291 | train_loss 1.9892 | lr 1.22e-05
step   2292 | train_loss 1.8425 | lr 1.22e-05
step   2293 | train_loss 2.0482 | lr 1.22e-05
step   2294 | train_loss 1.8582 | lr 1.21e-05
step   2295 | train_loss 2.1048 | lr 1.21e-05
step   2296 | train_loss 2.0678 | lr 1.21e-05
step   2297 | train_loss 2.0541 | lr 1.21e-05
step   2298 | train_loss 2.0114 | lr 1.21e-05
step   2299 | train_loss 1.7994 | lr 1.21e-05
step   2300 | train_loss 1.7773 | lr 1.21e-05
step   2301 | train_loss 1.8884 | lr 1.21e-05
step   2302 | train_loss 1.9043 | lr 1.21e-05
step   2303 | train_loss 1.9367 | lr 1.21e-05
step   2304 | train_loss 1.7724 | lr 1.21e-05
step   2305 | train_loss 2.0109 | lr 1.21e-05
step   2306 | train_loss 1.8430 | lr 1.21e-05
step   2307 | train_loss 1.9037 | lr 1.21e-05
step   2308 | train_loss 1.8891 | lr 1.21e-05
step   2309 | train_loss 1.8149 | lr 1.21e-05
step   2310 | train_loss 1.9019 | lr 1.21e-05
step   2311 | train_loss 2.0022 | lr 1.20e-05
step   2312 | train_loss 2.0029 | lr 1.20e-05
step   2313 | train_loss 1.6201 | lr 1.20e-05
step   2314 | train_loss 2.0985 | lr 1.20e-05
step   2315 | train_loss 1.8760 | lr 1.20e-05
step   2316 | train_loss 2.0472 | lr 1.20e-05
step   2317 | train_loss 2.1624 | lr 1.20e-05
step   2318 | train_loss 1.9911 | lr 1.20e-05
step   2319 | train_loss 2.1081 | lr 1.20e-05
step   2320 | train_loss 2.1513 | lr 1.20e-05
step   2321 | train_loss 1.8722 | lr 1.20e-05
step   2322 | train_loss 1.9013 | lr 1.20e-05
step   2323 | train_loss 2.1741 | lr 1.20e-05
step   2324 | train_loss 2.1180 | lr 1.20e-05
step   2325 | train_loss 1.8560 | lr 1.20e-05
step   2326 | train_loss 2.0857 | lr 1.20e-05
step   2327 | train_loss 1.9618 | lr 1.20e-05
step   2328 | train_loss 2.0082 | lr 1.19e-05
step   2329 | train_loss 2.0520 | lr 1.19e-05
step   2330 | train_loss 1.8978 | lr 1.19e-05
step   2331 | train_loss 2.0147 | lr 1.19e-05
step   2332 | train_loss 1.8429 | lr 1.19e-05
step   2333 | train_loss 1.9223 | lr 1.19e-05
step   2334 | train_loss 1.9030 | lr 1.19e-05
step   2335 | train_loss 1.9385 | lr 1.19e-05
step   2336 | train_loss 2.1365 | lr 1.19e-05
step   2337 | train_loss 2.0341 | lr 1.19e-05
step   2338 | train_loss 1.8083 | lr 1.19e-05
step   2339 | train_loss 1.9009 | lr 1.19e-05
step   2340 | train_loss 1.9144 | lr 1.19e-05
step   2341 | train_loss 1.8865 | lr 1.19e-05
step   2342 | train_loss 1.7363 | lr 1.19e-05
step   2343 | train_loss 2.0785 | lr 1.19e-05
step   2344 | train_loss 1.9356 | lr 1.19e-05
step   2345 | train_loss 1.9149 | lr 1.18e-05
step   2346 | train_loss 2.0181 | lr 1.18e-05
step   2347 | train_loss 1.9241 | lr 1.18e-05
step   2348 | train_loss 1.9305 | lr 1.18e-05
step   2349 | train_loss 1.7734 | lr 1.18e-05
step   2350 | train_loss 1.7662 | lr 1.18e-05
step   2351 | train_loss 1.8964 | lr 1.18e-05
step   2352 | train_loss 1.8309 | lr 1.18e-05
step   2353 | train_loss 1.9898 | lr 1.18e-05
step   2354 | train_loss 1.9983 | lr 1.18e-05
step   2355 | train_loss 1.8212 | lr 1.18e-05
step   2356 | train_loss 1.9307 | lr 1.18e-05
step   2357 | train_loss 1.9041 | lr 1.18e-05
step   2358 | train_loss 2.0743 | lr 1.18e-05
step   2359 | train_loss 1.8125 | lr 1.18e-05
step   2360 | train_loss 1.9511 | lr 1.18e-05
step   2361 | train_loss 2.0466 | lr 1.18e-05
step   2362 | train_loss 2.1483 | lr 1.17e-05
step   2363 | train_loss 1.8174 | lr 1.17e-05
step   2364 | train_loss 1.8574 | lr 1.17e-05
step   2365 | train_loss 1.9609 | lr 1.17e-05
step   2366 | train_loss 2.1569 | lr 1.17e-05
step   2367 | train_loss 1.7085 | lr 1.17e-05
step   2368 | train_loss 1.9552 | lr 1.17e-05
step   2369 | train_loss 2.0745 | lr 1.17e-05
step   2370 | train_loss 1.8483 | lr 1.17e-05
step   2371 | train_loss 1.8498 | lr 1.17e-05
step   2372 | train_loss 1.8495 | lr 1.17e-05
step   2373 | train_loss 2.1388 | lr 1.17e-05
step   2374 | train_loss 1.9092 | lr 1.17e-05
step   2375 | train_loss 1.9618 | lr 1.17e-05
step   2376 | train_loss 2.1699 | lr 1.17e-05
step   2377 | train_loss 1.9638 | lr 1.17e-05
step   2378 | train_loss 2.1440 | lr 1.17e-05
step   2379 | train_loss 1.9707 | lr 1.16e-05
step   2380 | train_loss 1.8355 | lr 1.16e-05
step   2381 | train_loss 2.0573 | lr 1.16e-05
step   2382 | train_loss 1.9963 | lr 1.16e-05
step   2383 | train_loss 2.0666 | lr 1.16e-05
step   2384 | train_loss 1.8979 | lr 1.16e-05
step   2385 | train_loss 1.7455 | lr 1.16e-05
step   2386 | train_loss 1.8624 | lr 1.16e-05
step   2387 | train_loss 1.9764 | lr 1.16e-05
step   2388 | train_loss 2.1586 | lr 1.16e-05
step   2389 | train_loss 1.9540 | lr 1.16e-05
step   2390 | train_loss 1.8483 | lr 1.16e-05
step   2391 | train_loss 1.7576 | lr 1.16e-05
step   2392 | train_loss 1.8324 | lr 1.16e-05
step   2393 | train_loss 1.7589 | lr 1.16e-05
step   2394 | train_loss 1.8970 | lr 1.16e-05
step   2395 | train_loss 2.0971 | lr 1.16e-05
step   2396 | train_loss 2.1306 | lr 1.15e-05
step   2397 | train_loss 1.7766 | lr 1.15e-05
step   2398 | train_loss 2.0640 | lr 1.15e-05
step   2399 | train_loss 1.8567 | lr 1.15e-05
step   2400 | train_loss 2.0637 | lr 1.15e-05
step   2401 | train_loss 2.0698 | lr 1.15e-05
step   2402 | train_loss 1.8401 | lr 1.15e-05
step   2403 | train_loss 1.6820 | lr 1.15e-05
step   2404 | train_loss 2.0749 | lr 1.15e-05
step   2405 | train_loss 1.7595 | lr 1.15e-05
step   2406 | train_loss 1.8627 | lr 1.15e-05
step   2407 | train_loss 1.9359 | lr 1.15e-05
step   2408 | train_loss 2.0601 | lr 1.15e-05
step   2409 | train_loss 1.7160 | lr 1.15e-05
step   2410 | train_loss 1.9724 | lr 1.15e-05
step   2411 | train_loss 1.9039 | lr 1.15e-05
step   2412 | train_loss 2.1098 | lr 1.15e-05
step   2413 | train_loss 1.9290 | lr 1.14e-05
step   2414 | train_loss 1.9794 | lr 1.14e-05
step   2415 | train_loss 1.9423 | lr 1.14e-05
step   2416 | train_loss 1.8137 | lr 1.14e-05
step   2417 | train_loss 1.9234 | lr 1.14e-05
step   2418 | train_loss 2.0993 | lr 1.14e-05
step   2419 | train_loss 2.1951 | lr 1.14e-05
step   2420 | train_loss 2.1048 | lr 1.14e-05
step   2421 | train_loss 1.9192 | lr 1.14e-05
step   2422 | train_loss 2.0116 | lr 1.14e-05
step   2423 | train_loss 2.0328 | lr 1.14e-05
step   2424 | train_loss 1.9519 | lr 1.14e-05
step   2425 | train_loss 2.0707 | lr 1.14e-05
step   2426 | train_loss 2.1500 | lr 1.14e-05
step   2427 | train_loss 2.0067 | lr 1.14e-05
step   2428 | train_loss 1.8422 | lr 1.14e-05
step   2429 | train_loss 2.0814 | lr 1.14e-05
step   2430 | train_loss 1.9359 | lr 1.13e-05
step   2431 | train_loss 2.0857 | lr 1.13e-05
step   2432 | train_loss 1.9100 | lr 1.13e-05
step   2433 | train_loss 2.0288 | lr 1.13e-05
step   2434 | train_loss 1.8849 | lr 1.13e-05
step   2435 | train_loss 1.9131 | lr 1.13e-05
step   2436 | train_loss 1.9321 | lr 1.13e-05
step   2437 | train_loss 1.9536 | lr 1.13e-05
step   2438 | train_loss 2.2748 | lr 1.13e-05
step   2439 | train_loss 2.0846 | lr 1.13e-05
step   2440 | train_loss 1.8797 | lr 1.13e-05
step   2441 | train_loss 2.0453 | lr 1.13e-05
step   2442 | train_loss 1.9888 | lr 1.13e-05
step   2443 | train_loss 2.0053 | lr 1.13e-05
step   2444 | train_loss 1.9624 | lr 1.13e-05
step   2445 | train_loss 1.9377 | lr 1.13e-05
step   2446 | train_loss 2.0235 | lr 1.13e-05
step   2447 | train_loss 2.0322 | lr 1.12e-05
step   2448 | train_loss 2.0113 | lr 1.12e-05
step   2449 | train_loss 1.9137 | lr 1.12e-05
step   2450 | train_loss 1.7974 | lr 1.12e-05
step   2451 | train_loss 1.9792 | lr 1.12e-05
step   2452 | train_loss 1.7000 | lr 1.12e-05
step   2453 | train_loss 1.9613 | lr 1.12e-05
step   2454 | train_loss 1.8785 | lr 1.12e-05
step   2455 | train_loss 1.9183 | lr 1.12e-05
step   2456 | train_loss 1.9037 | lr 1.12e-05
step   2457 | train_loss 1.9656 | lr 1.12e-05
step   2458 | train_loss 1.8288 | lr 1.12e-05
step   2459 | train_loss 1.9092 | lr 1.12e-05
step   2460 | train_loss 1.9785 | lr 1.12e-05
step   2461 | train_loss 1.9789 | lr 1.12e-05
step   2462 | train_loss 2.2058 | lr 1.12e-05
step   2463 | train_loss 1.7435 | lr 1.12e-05
step   2464 | train_loss 1.9973 | lr 1.11e-05
step   2465 | train_loss 1.9402 | lr 1.11e-05
step   2466 | train_loss 2.1494 | lr 1.11e-05
step   2467 | train_loss 1.8885 | lr 1.11e-05
step   2468 | train_loss 2.1249 | lr 1.11e-05
step   2469 | train_loss 1.8491 | lr 1.11e-05
step   2470 | train_loss 1.7508 | lr 1.11e-05
step   2471 | train_loss 2.1106 | lr 1.11e-05
step   2472 | train_loss 2.2012 | lr 1.11e-05
step   2473 | train_loss 1.9045 | lr 1.11e-05
step   2474 | train_loss 1.8810 | lr 1.11e-05
step   2475 | train_loss 1.9787 | lr 1.11e-05
step   2476 | train_loss 1.7498 | lr 1.11e-05
step   2477 | train_loss 1.7790 | lr 1.11e-05
step   2478 | train_loss 2.1752 | lr 1.11e-05
step   2479 | train_loss 1.9472 | lr 1.11e-05
step   2480 | train_loss 2.1279 | lr 1.11e-05
step   2481 | train_loss 1.9277 | lr 1.10e-05
step   2482 | train_loss 1.8769 | lr 1.10e-05
step   2483 | train_loss 2.0666 | lr 1.10e-05
step   2484 | train_loss 1.9279 | lr 1.10e-05
step   2485 | train_loss 1.8042 | lr 1.10e-05
step   2486 | train_loss 1.8853 | lr 1.10e-05
step   2487 | train_loss 1.9792 | lr 1.10e-05
step   2488 | train_loss 1.7814 | lr 1.10e-05
step   2489 | train_loss 1.9182 | lr 1.10e-05
step   2490 | train_loss 1.9709 | lr 1.10e-05
step   2491 | train_loss 2.2206 | lr 1.10e-05
step   2492 | train_loss 2.0786 | lr 1.10e-05
step   2493 | train_loss 2.1155 | lr 1.10e-05
step   2494 | train_loss 2.0026 | lr 1.10e-05
step   2495 | train_loss 1.8488 | lr 1.10e-05
step   2496 | train_loss 2.0266 | lr 1.10e-05
step   2497 | train_loss 2.0260 | lr 1.09e-05
step   2498 | train_loss 2.0134 | lr 1.09e-05
step   2499 | train_loss 1.7609 | lr 1.09e-05
step   2500 | train_loss 1.8781 | lr 1.09e-05
step   2500 | val_loss 2.0836 | val_ppl 8.03
Saved checkpoint to checkpoints/sft_alpaca/step_2500.pt
step   2501 | train_loss 1.9000 | lr 1.09e-05
step   2502 | train_loss 1.8885 | lr 1.09e-05
step   2503 | train_loss 1.8834 | lr 1.09e-05
step   2504 | train_loss 2.1505 | lr 1.09e-05
step   2505 | train_loss 2.0258 | lr 1.09e-05
step   2506 | train_loss 1.8222 | lr 1.09e-05
step   2507 | train_loss 1.9694 | lr 1.09e-05
step   2508 | train_loss 2.2553 | lr 1.09e-05
step   2509 | train_loss 1.9740 | lr 1.09e-05
step   2510 | train_loss 1.9264 | lr 1.09e-05
step   2511 | train_loss 1.9854 | lr 1.09e-05
step   2512 | train_loss 1.9623 | lr 1.09e-05
step   2513 | train_loss 1.6726 | lr 1.09e-05
step   2514 | train_loss 1.9658 | lr 1.08e-05
step   2515 | train_loss 2.0056 | lr 1.08e-05
step   2516 | train_loss 2.1013 | lr 1.08e-05
step   2517 | train_loss 2.0353 | lr 1.08e-05
step   2518 | train_loss 1.9391 | lr 1.08e-05
step   2519 | train_loss 2.0720 | lr 1.08e-05
step   2520 | train_loss 2.1333 | lr 1.08e-05
step   2521 | train_loss 1.9873 | lr 1.08e-05
step   2522 | train_loss 2.0789 | lr 1.08e-05
step   2523 | train_loss 2.0308 | lr 1.08e-05
step   2524 | train_loss 2.1032 | lr 1.08e-05
step   2525 | train_loss 1.9580 | lr 1.08e-05
step   2526 | train_loss 1.8750 | lr 1.08e-05
step   2527 | train_loss 1.8549 | lr 1.08e-05
step   2528 | train_loss 2.2172 | lr 1.08e-05
step   2529 | train_loss 1.8027 | lr 1.08e-05
step   2530 | train_loss 1.8768 | lr 1.08e-05
step   2531 | train_loss 2.2005 | lr 1.07e-05
step   2532 | train_loss 1.8130 | lr 1.07e-05
step   2533 | train_loss 1.8960 | lr 1.07e-05
step   2534 | train_loss 2.1326 | lr 1.07e-05
step   2535 | train_loss 1.9875 | lr 1.07e-05
step   2536 | train_loss 2.2414 | lr 1.07e-05
step   2537 | train_loss 1.9443 | lr 1.07e-05
step   2538 | train_loss 2.0770 | lr 1.07e-05
step   2539 | train_loss 2.0368 | lr 1.07e-05
step   2540 | train_loss 1.9567 | lr 1.07e-05
step   2541 | train_loss 1.6989 | lr 1.07e-05
step   2542 | train_loss 2.0926 | lr 1.07e-05
step   2543 | train_loss 2.0346 | lr 1.07e-05
step   2544 | train_loss 1.9247 | lr 1.07e-05
step   2545 | train_loss 1.6681 | lr 1.07e-05
step   2546 | train_loss 1.9207 | lr 1.07e-05
step   2547 | train_loss 1.9001 | lr 1.07e-05
step   2548 | train_loss 1.6826 | lr 1.06e-05
step   2549 | train_loss 1.8249 | lr 1.06e-05
step   2550 | train_loss 1.9103 | lr 1.06e-05
step   2551 | train_loss 1.9877 | lr 1.06e-05
step   2552 | train_loss 1.8380 | lr 1.06e-05
step   2553 | train_loss 2.1355 | lr 1.06e-05
step   2554 | train_loss 1.8891 | lr 1.06e-05
step   2555 | train_loss 2.1402 | lr 1.06e-05
step   2556 | train_loss 1.9932 | lr 1.06e-05
step   2557 | train_loss 2.2378 | lr 1.06e-05
step   2558 | train_loss 2.1661 | lr 1.06e-05
step   2559 | train_loss 2.1598 | lr 1.06e-05
step   2560 | train_loss 2.0252 | lr 1.06e-05
step   2561 | train_loss 1.9814 | lr 1.06e-05
step   2562 | train_loss 1.9569 | lr 1.06e-05
step   2563 | train_loss 1.9826 | lr 1.06e-05
step   2564 | train_loss 1.8894 | lr 1.06e-05
step   2565 | train_loss 1.8547 | lr 1.05e-05
step   2566 | train_loss 1.9889 | lr 1.05e-05
step   2567 | train_loss 1.9514 | lr 1.05e-05
step   2568 | train_loss 1.8738 | lr 1.05e-05
step   2569 | train_loss 1.8874 | lr 1.05e-05
step   2570 | train_loss 2.0799 | lr 1.05e-05
step   2571 | train_loss 2.0166 | lr 1.05e-05
step   2572 | train_loss 1.8022 | lr 1.05e-05
step   2573 | train_loss 2.0644 | lr 1.05e-05
step   2574 | train_loss 1.8854 | lr 1.05e-05
step   2575 | train_loss 2.2401 | lr 1.05e-05
step   2576 | train_loss 1.9603 | lr 1.05e-05
step   2577 | train_loss 1.8629 | lr 1.05e-05
step   2578 | train_loss 1.9157 | lr 1.05e-05
step   2579 | train_loss 2.0730 | lr 1.05e-05
step   2580 | train_loss 2.0003 | lr 1.05e-05
step   2581 | train_loss 1.8935 | lr 1.05e-05
step   2582 | train_loss 2.0814 | lr 1.04e-05
step   2583 | train_loss 1.8769 | lr 1.04e-05
step   2584 | train_loss 2.2965 | lr 1.04e-05
step   2585 | train_loss 1.8305 | lr 1.04e-05
step   2586 | train_loss 2.0901 | lr 1.04e-05
step   2587 | train_loss 2.0314 | lr 1.04e-05
step   2588 | train_loss 2.0071 | lr 1.04e-05
step   2589 | train_loss 2.0187 | lr 1.04e-05
step   2590 | train_loss 2.0741 | lr 1.04e-05
step   2591 | train_loss 2.0308 | lr 1.04e-05
step   2592 | train_loss 1.8226 | lr 1.04e-05
step   2593 | train_loss 2.0570 | lr 1.04e-05
step   2594 | train_loss 1.9649 | lr 1.04e-05
step   2595 | train_loss 1.9157 | lr 1.04e-05
step   2596 | train_loss 2.0578 | lr 1.04e-05
step   2597 | train_loss 1.8068 | lr 1.04e-05
step   2598 | train_loss 1.9086 | lr 1.04e-05
step   2599 | train_loss 1.8603 | lr 1.03e-05
step   2600 | train_loss 2.0859 | lr 1.03e-05
step   2601 | train_loss 1.8890 | lr 1.03e-05
step   2602 | train_loss 1.8415 | lr 1.03e-05
step   2603 | train_loss 2.0684 | lr 1.03e-05
step   2604 | train_loss 2.0904 | lr 1.03e-05
step   2605 | train_loss 1.8168 | lr 1.03e-05
step   2606 | train_loss 2.0122 | lr 1.03e-05
step   2607 | train_loss 1.8539 | lr 1.03e-05
step   2608 | train_loss 1.9367 | lr 1.03e-05
step   2609 | train_loss 2.0718 | lr 1.03e-05
step   2610 | train_loss 1.7176 | lr 1.03e-05
step   2611 | train_loss 1.9072 | lr 1.03e-05
step   2612 | train_loss 1.9605 | lr 1.03e-05
step   2613 | train_loss 2.2852 | lr 1.03e-05
step   2614 | train_loss 1.9417 | lr 1.03e-05
step   2615 | train_loss 2.0664 | lr 1.03e-05
step   2616 | train_loss 1.8836 | lr 1.02e-05
step   2617 | train_loss 2.1066 | lr 1.02e-05
step   2618 | train_loss 2.1547 | lr 1.02e-05
step   2619 | train_loss 2.0023 | lr 1.02e-05
step   2620 | train_loss 1.9287 | lr 1.02e-05
step   2621 | train_loss 1.8090 | lr 1.02e-05
step   2622 | train_loss 2.0342 | lr 1.02e-05
step   2623 | train_loss 1.8695 | lr 1.02e-05
step   2624 | train_loss 1.9114 | lr 1.02e-05
step   2625 | train_loss 2.0698 | lr 1.02e-05
step   2626 | train_loss 1.7370 | lr 1.02e-05
step   2627 | train_loss 1.9260 | lr 1.02e-05
step   2628 | train_loss 2.0713 | lr 1.02e-05
step   2629 | train_loss 2.0134 | lr 1.02e-05
step   2630 | train_loss 1.9025 | lr 1.02e-05
step   2631 | train_loss 1.8772 | lr 1.02e-05
step   2632 | train_loss 1.8188 | lr 1.02e-05
step   2633 | train_loss 1.8802 | lr 1.01e-05
step   2634 | train_loss 1.9890 | lr 1.01e-05
step   2635 | train_loss 1.9300 | lr 1.01e-05
step   2636 | train_loss 2.1891 | lr 1.01e-05
step   2637 | train_loss 1.9768 | lr 1.01e-05
step   2638 | train_loss 2.0375 | lr 1.01e-05
step   2639 | train_loss 1.6862 | lr 1.01e-05
step   2640 | train_loss 1.7646 | lr 1.01e-05
step   2641 | train_loss 1.9027 | lr 1.01e-05
step   2642 | train_loss 1.8271 | lr 1.01e-05
step   2643 | train_loss 1.9556 | lr 1.01e-05
step   2644 | train_loss 1.9578 | lr 1.01e-05
step   2645 | train_loss 1.9082 | lr 1.01e-05
step   2646 | train_loss 1.8292 | lr 1.01e-05
step   2647 | train_loss 1.9049 | lr 1.01e-05
step   2648 | train_loss 1.9020 | lr 1.01e-05
step   2649 | train_loss 2.1079 | lr 1.01e-05
step   2650 | train_loss 2.3083 | lr 1.00e-05
step   2651 | train_loss 1.9210 | lr 1.00e-05
step   2652 | train_loss 1.8713 | lr 1.00e-05
step   2653 | train_loss 1.9027 | lr 1.00e-05
step   2654 | train_loss 1.9544 | lr 1.00e-05
step   2655 | train_loss 1.8184 | lr 1.00e-05
step   2656 | train_loss 1.8833 | lr 1.00e-05
step   2657 | train_loss 1.7973 | lr 1.00e-05
step   2658 | train_loss 2.1903 | lr 1.00e-05
step   2659 | train_loss 1.6810 | lr 9.99e-06
step   2660 | train_loss 2.0256 | lr 9.99e-06
step   2661 | train_loss 1.9946 | lr 9.98e-06
step   2662 | train_loss 2.0310 | lr 9.97e-06
step   2663 | train_loss 2.0878 | lr 9.97e-06
step   2664 | train_loss 2.1381 | lr 9.96e-06
step   2665 | train_loss 1.9583 | lr 9.96e-06
step   2666 | train_loss 1.7775 | lr 9.95e-06
step   2667 | train_loss 2.4931 | lr 9.95e-06
step   2668 | train_loss 1.9104 | lr 9.94e-06
step   2669 | train_loss 1.8425 | lr 9.93e-06
step   2670 | train_loss 1.9617 | lr 9.93e-06
step   2671 | train_loss 1.9376 | lr 9.92e-06
step   2672 | train_loss 2.0888 | lr 9.92e-06
step   2673 | train_loss 1.7572 | lr 9.91e-06
step   2674 | train_loss 1.8263 | lr 9.90e-06
step   2675 | train_loss 2.0812 | lr 9.90e-06
step   2676 | train_loss 1.9487 | lr 9.89e-06
step   2677 | train_loss 1.9839 | lr 9.89e-06
step   2678 | train_loss 2.1158 | lr 9.88e-06
step   2679 | train_loss 1.9046 | lr 9.87e-06
step   2680 | train_loss 2.0069 | lr 9.87e-06
step   2681 | train_loss 1.8928 | lr 9.86e-06
step   2682 | train_loss 2.0446 | lr 9.86e-06
step   2683 | train_loss 2.0401 | lr 9.85e-06
step   2684 | train_loss 2.0196 | lr 9.85e-06
step   2685 | train_loss 2.0347 | lr 9.84e-06
step   2686 | train_loss 1.8171 | lr 9.83e-06
step   2687 | train_loss 2.1158 | lr 9.83e-06
step   2688 | train_loss 1.8600 | lr 9.82e-06
step   2689 | train_loss 2.2164 | lr 9.82e-06
step   2690 | train_loss 2.0293 | lr 9.81e-06
step   2691 | train_loss 2.1358 | lr 9.80e-06
step   2692 | train_loss 2.1469 | lr 9.80e-06
step   2693 | train_loss 1.9187 | lr 9.79e-06
step   2694 | train_loss 2.0427 | lr 9.79e-06
step   2695 | train_loss 1.9469 | lr 9.78e-06
step   2696 | train_loss 1.8929 | lr 9.78e-06
step   2697 | train_loss 2.1500 | lr 9.77e-06
step   2698 | train_loss 2.0070 | lr 9.76e-06
step   2699 | train_loss 1.9210 | lr 9.76e-06
step   2700 | train_loss 1.7520 | lr 9.75e-06
step   2701 | train_loss 1.7716 | lr 9.75e-06
step   2702 | train_loss 1.8527 | lr 9.74e-06
step   2703 | train_loss 2.1364 | lr 9.73e-06
step   2704 | train_loss 1.8801 | lr 9.73e-06
step   2705 | train_loss 1.8570 | lr 9.72e-06
step   2706 | train_loss 1.8569 | lr 9.72e-06
step   2707 | train_loss 1.9061 | lr 9.71e-06
step   2708 | train_loss 2.0006 | lr 9.70e-06
step   2709 | train_loss 1.9130 | lr 9.70e-06
step   2710 | train_loss 1.8338 | lr 9.69e-06
step   2711 | train_loss 1.9929 | lr 9.69e-06
step   2712 | train_loss 1.9330 | lr 9.68e-06
step   2713 | train_loss 2.0401 | lr 9.68e-06
step   2714 | train_loss 1.7474 | lr 9.67e-06
step   2715 | train_loss 1.9271 | lr 9.66e-06
step   2716 | train_loss 2.0987 | lr 9.66e-06
step   2717 | train_loss 1.9221 | lr 9.65e-06
step   2718 | train_loss 1.9984 | lr 9.65e-06
step   2719 | train_loss 1.8414 | lr 9.64e-06
step   2720 | train_loss 2.0060 | lr 9.63e-06
step   2721 | train_loss 1.8111 | lr 9.63e-06
step   2722 | train_loss 1.8167 | lr 9.62e-06
step   2723 | train_loss 1.8564 | lr 9.62e-06
step   2724 | train_loss 1.8446 | lr 9.61e-06
step   2725 | train_loss 1.9817 | lr 9.61e-06
step   2726 | train_loss 1.8587 | lr 9.60e-06
step   2727 | train_loss 2.0486 | lr 9.59e-06
step   2728 | train_loss 1.8854 | lr 9.59e-06
step   2729 | train_loss 1.9961 | lr 9.58e-06
step   2730 | train_loss 2.0123 | lr 9.58e-06
step   2731 | train_loss 1.9252 | lr 9.57e-06
step   2732 | train_loss 1.9363 | lr 9.56e-06
step   2733 | train_loss 2.1060 | lr 9.56e-06
step   2734 | train_loss 2.1868 | lr 9.55e-06
step   2735 | train_loss 1.8756 | lr 9.55e-06
step   2736 | train_loss 1.7614 | lr 9.54e-06
step   2737 | train_loss 2.2299 | lr 9.54e-06
step   2738 | train_loss 2.1324 | lr 9.53e-06
step   2739 | train_loss 1.8858 | lr 9.52e-06
step   2740 | train_loss 2.1222 | lr 9.52e-06
step   2741 | train_loss 2.2198 | lr 9.51e-06
step   2742 | train_loss 1.8832 | lr 9.51e-06
step   2743 | train_loss 1.8191 | lr 9.50e-06
step   2744 | train_loss 2.1025 | lr 9.49e-06
step   2745 | train_loss 2.0088 | lr 9.49e-06
step   2746 | train_loss 2.0049 | lr 9.48e-06
step   2747 | train_loss 1.8568 | lr 9.48e-06
step   2748 | train_loss 1.9577 | lr 9.47e-06
step   2749 | train_loss 1.9234 | lr 9.47e-06
step   2750 | train_loss 1.6988 | lr 9.46e-06
step   2750 | val_loss 2.0854 | val_ppl 8.05
step   2751 | train_loss 1.9243 | lr 9.45e-06
step   2752 | train_loss 1.9115 | lr 9.45e-06
step   2753 | train_loss 1.9063 | lr 9.44e-06
step   2754 | train_loss 1.9690 | lr 9.44e-06
step   2755 | train_loss 2.0599 | lr 9.43e-06
step   2756 | train_loss 1.9066 | lr 9.42e-06
step   2757 | train_loss 2.0209 | lr 9.42e-06
step   2758 | train_loss 1.8822 | lr 9.41e-06
step   2759 | train_loss 1.9132 | lr 9.41e-06
step   2760 | train_loss 1.7503 | lr 9.40e-06
step   2761 | train_loss 1.8917 | lr 9.40e-06
step   2762 | train_loss 1.9896 | lr 9.39e-06
step   2763 | train_loss 1.8931 | lr 9.38e-06
step   2764 | train_loss 2.1318 | lr 9.38e-06
step   2765 | train_loss 1.5980 | lr 9.37e-06
step   2766 | train_loss 1.8182 | lr 9.37e-06
step   2767 | train_loss 1.9111 | lr 9.36e-06
step   2768 | train_loss 1.9771 | lr 9.35e-06
step   2769 | train_loss 1.9694 | lr 9.35e-06
step   2770 | train_loss 1.9758 | lr 9.34e-06
step   2771 | train_loss 2.0018 | lr 9.34e-06
step   2772 | train_loss 2.1332 | lr 9.33e-06
step   2773 | train_loss 1.9141 | lr 9.33e-06
step   2774 | train_loss 1.8433 | lr 9.32e-06
step   2775 | train_loss 1.8136 | lr 9.31e-06
step   2776 | train_loss 1.8450 | lr 9.31e-06
step   2777 | train_loss 1.9430 | lr 9.30e-06
step   2778 | train_loss 1.8421 | lr 9.30e-06
step   2779 | train_loss 1.7021 | lr 9.29e-06
step   2780 | train_loss 2.0417 | lr 9.28e-06
step   2781 | train_loss 2.0255 | lr 9.28e-06
step   2782 | train_loss 2.0579 | lr 9.27e-06
step   2783 | train_loss 1.6514 | lr 9.27e-06
step   2784 | train_loss 1.9785 | lr 9.26e-06
step   2785 | train_loss 2.0262 | lr 9.26e-06
step   2786 | train_loss 1.8560 | lr 9.25e-06
step   2787 | train_loss 1.8137 | lr 9.24e-06
step   2788 | train_loss 2.0654 | lr 9.24e-06
step   2789 | train_loss 2.0473 | lr 9.23e-06
step   2790 | train_loss 2.0906 | lr 9.23e-06
step   2791 | train_loss 1.8072 | lr 9.22e-06
step   2792 | train_loss 1.9556 | lr 9.21e-06
step   2793 | train_loss 1.8222 | lr 9.21e-06
step   2794 | train_loss 2.0001 | lr 9.20e-06
step   2795 | train_loss 1.9382 | lr 9.20e-06
step   2796 | train_loss 1.9056 | lr 9.19e-06
step   2797 | train_loss 1.8697 | lr 9.19e-06
step   2798 | train_loss 1.9809 | lr 9.18e-06
step   2799 | train_loss 2.0998 | lr 9.17e-06
step   2800 | train_loss 1.9544 | lr 9.17e-06
step   2801 | train_loss 1.9290 | lr 9.16e-06
step   2802 | train_loss 2.0083 | lr 9.16e-06
step   2803 | train_loss 1.9610 | lr 9.15e-06
step   2804 | train_loss 2.1147 | lr 9.15e-06
step   2805 | train_loss 2.2468 | lr 9.14e-06
step   2806 | train_loss 1.8159 | lr 9.13e-06
step   2807 | train_loss 1.9235 | lr 9.13e-06
step   2808 | train_loss 2.0691 | lr 9.12e-06
step   2809 | train_loss 1.9012 | lr 9.12e-06
step   2810 | train_loss 1.6929 | lr 9.11e-06
step   2811 | train_loss 1.7733 | lr 9.10e-06
step   2812 | train_loss 2.0072 | lr 9.10e-06
step   2813 | train_loss 1.9394 | lr 9.09e-06
step   2814 | train_loss 1.8649 | lr 9.09e-06
step   2815 | train_loss 2.0703 | lr 9.08e-06
step   2816 | train_loss 1.7845 | lr 9.08e-06
step   2817 | train_loss 2.2851 | lr 9.07e-06
step   2818 | train_loss 2.0861 | lr 9.06e-06
step   2819 | train_loss 1.9530 | lr 9.06e-06
step   2820 | train_loss 1.9669 | lr 9.05e-06
step   2821 | train_loss 2.0148 | lr 9.05e-06
step   2822 | train_loss 1.8959 | lr 9.04e-06
step   2823 | train_loss 1.8773 | lr 9.04e-06
step   2824 | train_loss 1.9763 | lr 9.03e-06
step   2825 | train_loss 1.9733 | lr 9.02e-06
step   2826 | train_loss 1.9432 | lr 9.02e-06
step   2827 | train_loss 1.8871 | lr 9.01e-06
step   2828 | train_loss 1.8608 | lr 9.01e-06
step   2829 | train_loss 1.8024 | lr 9.00e-06
step   2830 | train_loss 1.6646 | lr 8.99e-06
step   2831 | train_loss 2.1186 | lr 8.99e-06
step   2832 | train_loss 1.9227 | lr 8.98e-06
step   2833 | train_loss 2.0595 | lr 8.98e-06
step   2834 | train_loss 1.9998 | lr 8.97e-06
step   2835 | train_loss 1.9906 | lr 8.97e-06
step   2836 | train_loss 1.7397 | lr 8.96e-06
step   2837 | train_loss 1.9317 | lr 8.95e-06
step   2838 | train_loss 1.9108 | lr 8.95e-06
step   2839 | train_loss 2.1908 | lr 8.94e-06
step   2840 | train_loss 1.8814 | lr 8.94e-06
step   2841 | train_loss 1.8844 | lr 8.93e-06
step   2842 | train_loss 1.9089 | lr 8.93e-06
step   2843 | train_loss 2.2444 | lr 8.92e-06
step   2844 | train_loss 1.9105 | lr 8.91e-06
step   2845 | train_loss 1.8669 | lr 8.91e-06
step   2846 | train_loss 1.9446 | lr 8.90e-06
step   2847 | train_loss 1.8965 | lr 8.90e-06
step   2848 | train_loss 2.0874 | lr 8.89e-06
step   2849 | train_loss 1.9340 | lr 8.89e-06
step   2850 | train_loss 1.9152 | lr 8.88e-06
step   2851 | train_loss 2.0212 | lr 8.87e-06
step   2852 | train_loss 2.0740 | lr 8.87e-06
step   2853 | train_loss 1.9829 | lr 8.86e-06
step   2854 | train_loss 2.0247 | lr 8.86e-06
step   2855 | train_loss 1.9302 | lr 8.85e-06
step   2856 | train_loss 1.9847 | lr 8.85e-06
step   2857 | train_loss 1.9927 | lr 8.84e-06
step   2858 | train_loss 2.0821 | lr 8.83e-06
step   2859 | train_loss 1.8703 | lr 8.83e-06
step   2860 | train_loss 2.0052 | lr 8.82e-06
step   2861 | train_loss 1.9575 | lr 8.82e-06
step   2862 | train_loss 2.0546 | lr 8.81e-06
step   2863 | train_loss 1.9425 | lr 8.80e-06
step   2864 | train_loss 1.8839 | lr 8.80e-06
step   2865 | train_loss 2.1200 | lr 8.79e-06
step   2866 | train_loss 1.8609 | lr 8.79e-06
step   2867 | train_loss 1.8673 | lr 8.78e-06
step   2868 | train_loss 1.8333 | lr 8.78e-06
step   2869 | train_loss 2.0014 | lr 8.77e-06
step   2870 | train_loss 1.8446 | lr 8.76e-06
step   2871 | train_loss 1.9161 | lr 8.76e-06
step   2872 | train_loss 2.0500 | lr 8.75e-06
step   2873 | train_loss 1.8266 | lr 8.75e-06
step   2874 | train_loss 1.9939 | lr 8.74e-06
step   2875 | train_loss 1.8065 | lr 8.74e-06
step   2876 | train_loss 1.7998 | lr 8.73e-06
step   2877 | train_loss 1.9006 | lr 8.72e-06
step   2878 | train_loss 1.9025 | lr 8.72e-06
step   2879 | train_loss 1.8235 | lr 8.71e-06
step   2880 | train_loss 1.8799 | lr 8.71e-06
step   2881 | train_loss 1.7395 | lr 8.70e-06
step   2882 | train_loss 1.7997 | lr 8.70e-06
step   2883 | train_loss 1.9835 | lr 8.69e-06
step   2884 | train_loss 1.9498 | lr 8.68e-06
step   2885 | train_loss 1.9216 | lr 8.68e-06
step   2886 | train_loss 2.0792 | lr 8.67e-06
step   2887 | train_loss 1.9589 | lr 8.67e-06
step   2888 | train_loss 2.0731 | lr 8.66e-06
step   2889 | train_loss 1.9332 | lr 8.66e-06
step   2890 | train_loss 2.1376 | lr 8.65e-06
step   2891 | train_loss 1.9353 | lr 8.64e-06
step   2892 | train_loss 2.0456 | lr 8.64e-06
step   2893 | train_loss 2.1506 | lr 8.63e-06
step   2894 | train_loss 1.9726 | lr 8.63e-06
step   2895 | train_loss 1.8419 | lr 8.62e-06
step   2896 | train_loss 2.2041 | lr 8.62e-06
step   2897 | train_loss 1.9425 | lr 8.61e-06
step   2898 | train_loss 1.8580 | lr 8.60e-06
step   2899 | train_loss 1.9587 | lr 8.60e-06
step   2900 | train_loss 1.9014 | lr 8.59e-06
step   2901 | train_loss 1.8141 | lr 8.59e-06
step   2902 | train_loss 2.1081 | lr 8.58e-06
step   2903 | train_loss 2.1253 | lr 8.58e-06
step   2904 | train_loss 1.9655 | lr 8.57e-06
step   2905 | train_loss 1.9960 | lr 8.56e-06
step   2906 | train_loss 2.1016 | lr 8.56e-06
step   2907 | train_loss 1.9495 | lr 8.55e-06
step   2908 | train_loss 2.1135 | lr 8.55e-06
step   2909 | train_loss 1.9575 | lr 8.54e-06
step   2910 | train_loss 1.7959 | lr 8.54e-06
step   2911 | train_loss 1.8316 | lr 8.53e-06
step   2912 | train_loss 1.9619 | lr 8.52e-06
step   2913 | train_loss 1.9120 | lr 8.52e-06
step   2914 | train_loss 1.7708 | lr 8.51e-06
step   2915 | train_loss 2.0086 | lr 8.51e-06
step   2916 | train_loss 1.8311 | lr 8.50e-06
step   2917 | train_loss 1.9962 | lr 8.50e-06
step   2918 | train_loss 2.1260 | lr 8.49e-06
step   2919 | train_loss 2.1142 | lr 8.48e-06
step   2920 | train_loss 2.0824 | lr 8.48e-06
step   2921 | train_loss 2.0769 | lr 8.47e-06
step   2922 | train_loss 1.9761 | lr 8.47e-06
step   2923 | train_loss 2.1455 | lr 8.46e-06
step   2924 | train_loss 1.9177 | lr 8.46e-06
step   2925 | train_loss 1.8267 | lr 8.45e-06
step   2926 | train_loss 1.7140 | lr 8.45e-06
step   2927 | train_loss 1.8911 | lr 8.44e-06
step   2928 | train_loss 2.0396 | lr 8.43e-06
step   2929 | train_loss 1.9415 | lr 8.43e-06
step   2930 | train_loss 2.2602 | lr 8.42e-06
step   2931 | train_loss 2.0427 | lr 8.42e-06
step   2932 | train_loss 2.1426 | lr 8.41e-06
step   2933 | train_loss 1.6816 | lr 8.41e-06
step   2934 | train_loss 2.0498 | lr 8.40e-06
step   2935 | train_loss 1.6124 | lr 8.39e-06
step   2936 | train_loss 1.6949 | lr 8.39e-06
step   2937 | train_loss 1.8257 | lr 8.38e-06
step   2938 | train_loss 2.0689 | lr 8.38e-06
step   2939 | train_loss 1.7409 | lr 8.37e-06
step   2940 | train_loss 2.0778 | lr 8.37e-06
step   2941 | train_loss 2.0520 | lr 8.36e-06
step   2942 | train_loss 1.9349 | lr 8.35e-06
step   2943 | train_loss 1.9656 | lr 8.35e-06
step   2944 | train_loss 1.8010 | lr 8.34e-06
step   2945 | train_loss 1.8898 | lr 8.34e-06
step   2946 | train_loss 1.6604 | lr 8.33e-06
step   2947 | train_loss 2.1220 | lr 8.33e-06
step   2948 | train_loss 2.0193 | lr 8.32e-06
step   2949 | train_loss 2.0503 | lr 8.31e-06
step   2950 | train_loss 2.0279 | lr 8.31e-06
step   2951 | train_loss 1.9367 | lr 8.30e-06
step   2952 | train_loss 2.0303 | lr 8.30e-06
step   2953 | train_loss 1.6673 | lr 8.29e-06
step   2954 | train_loss 1.8021 | lr 8.29e-06
step   2955 | train_loss 1.9406 | lr 8.28e-06
step   2956 | train_loss 1.9631 | lr 8.28e-06
step   2957 | train_loss 1.9498 | lr 8.27e-06
step   2958 | train_loss 1.8234 | lr 8.26e-06
step   2959 | train_loss 1.9242 | lr 8.26e-06
step   2960 | train_loss 2.0046 | lr 8.25e-06
step   2961 | train_loss 2.0908 | lr 8.25e-06
step   2962 | train_loss 1.9967 | lr 8.24e-06
step   2963 | train_loss 1.8031 | lr 8.24e-06
step   2964 | train_loss 1.9993 | lr 8.23e-06
step   2965 | train_loss 2.0241 | lr 8.22e-06
step   2966 | train_loss 1.8669 | lr 8.22e-06
step   2967 | train_loss 2.0796 | lr 8.21e-06
step   2968 | train_loss 1.9318 | lr 8.21e-06
step   2969 | train_loss 1.9812 | lr 8.20e-06
step   2970 | train_loss 1.7944 | lr 8.20e-06
step   2971 | train_loss 1.9468 | lr 8.19e-06
step   2972 | train_loss 2.0196 | lr 8.19e-06
step   2973 | train_loss 1.8869 | lr 8.18e-06
step   2974 | train_loss 2.0325 | lr 8.17e-06
step   2975 | train_loss 1.9814 | lr 8.17e-06
step   2976 | train_loss 1.9193 | lr 8.16e-06
step   2977 | train_loss 1.7830 | lr 8.16e-06
step   2978 | train_loss 1.7920 | lr 8.15e-06
step   2979 | train_loss 1.8752 | lr 8.15e-06
step   2980 | train_loss 1.9245 | lr 8.14e-06
step   2981 | train_loss 1.8694 | lr 8.13e-06
step   2982 | train_loss 1.9689 | lr 8.13e-06
step   2983 | train_loss 1.9056 | lr 8.12e-06
step   2984 | train_loss 2.1058 | lr 8.12e-06
step   2985 | train_loss 1.8066 | lr 8.11e-06
step   2986 | train_loss 1.9172 | lr 8.11e-06
step   2987 | train_loss 1.8937 | lr 8.10e-06
step   2988 | train_loss 1.8540 | lr 8.10e-06
step   2989 | train_loss 1.6576 | lr 8.09e-06
step   2990 | train_loss 1.8984 | lr 8.08e-06
step   2991 | train_loss 2.0822 | lr 8.08e-06
step   2992 | train_loss 2.0500 | lr 8.07e-06
step   2993 | train_loss 1.8702 | lr 8.07e-06
step   2994 | train_loss 1.8991 | lr 8.06e-06
step   2995 | train_loss 1.9799 | lr 8.06e-06
step   2996 | train_loss 1.8122 | lr 8.05e-06
step   2997 | train_loss 2.1676 | lr 8.04e-06
step   2998 | train_loss 2.0865 | lr 8.04e-06
step   2999 | train_loss 1.9999 | lr 8.03e-06
step   3000 | train_loss 1.9478 | lr 8.03e-06
step   3000 | val_loss 2.0848 | val_ppl 8.04
Saved checkpoint to checkpoints/sft_alpaca/step_3000.pt
step   3001 | train_loss 1.9803 | lr 8.02e-06
step   3002 | train_loss 1.8549 | lr 8.02e-06
step   3003 | train_loss 2.1269 | lr 8.01e-06
step   3004 | train_loss 2.0347 | lr 8.01e-06
step   3005 | train_loss 1.8885 | lr 8.00e-06
step   3006 | train_loss 1.9674 | lr 7.99e-06
step   3007 | train_loss 1.9296 | lr 7.99e-06
step   3008 | train_loss 1.9181 | lr 7.98e-06
step   3009 | train_loss 2.2084 | lr 7.98e-06
step   3010 | train_loss 1.8281 | lr 7.97e-06
step   3011 | train_loss 2.0843 | lr 7.97e-06
step   3012 | train_loss 1.8902 | lr 7.96e-06
step   3013 | train_loss 1.9478 | lr 7.96e-06
step   3014 | train_loss 1.9195 | lr 7.95e-06
step   3015 | train_loss 1.8213 | lr 7.94e-06
step   3016 | train_loss 2.0243 | lr 7.94e-06
step   3017 | train_loss 1.9128 | lr 7.93e-06
step   3018 | train_loss 1.7326 | lr 7.93e-06
step   3019 | train_loss 1.9354 | lr 7.92e-06
step   3020 | train_loss 2.0769 | lr 7.92e-06
step   3021 | train_loss 1.9153 | lr 7.91e-06
step   3022 | train_loss 1.7362 | lr 7.91e-06
step   3023 | train_loss 2.0787 | lr 7.90e-06
step   3024 | train_loss 1.9599 | lr 7.89e-06
step   3025 | train_loss 2.1388 | lr 7.89e-06
step   3026 | train_loss 1.8781 | lr 7.88e-06
step   3027 | train_loss 1.8437 | lr 7.88e-06
step   3028 | train_loss 1.9117 | lr 7.87e-06
step   3029 | train_loss 2.0604 | lr 7.87e-06
step   3030 | train_loss 1.9803 | lr 7.86e-06
step   3031 | train_loss 1.9273 | lr 7.86e-06
step   3032 | train_loss 1.9732 | lr 7.85e-06
step   3033 | train_loss 2.1639 | lr 7.84e-06
step   3034 | train_loss 1.9950 | lr 7.84e-06
step   3035 | train_loss 2.2055 | lr 7.83e-06
step   3036 | train_loss 1.8663 | lr 7.83e-06
step   3037 | train_loss 2.0010 | lr 7.82e-06
step   3038 | train_loss 1.8681 | lr 7.82e-06
step   3039 | train_loss 1.8873 | lr 7.81e-06
step   3040 | train_loss 1.9041 | lr 7.81e-06
step   3041 | train_loss 2.0816 | lr 7.80e-06
step   3042 | train_loss 1.8953 | lr 7.79e-06
step   3043 | train_loss 1.7928 | lr 7.79e-06
step   3044 | train_loss 1.8294 | lr 7.78e-06
step   3045 | train_loss 2.1643 | lr 7.78e-06
step   3046 | train_loss 2.0977 | lr 7.77e-06
step   3047 | train_loss 2.0107 | lr 7.77e-06
step   3048 | train_loss 1.8288 | lr 7.76e-06
step   3049 | train_loss 1.9595 | lr 7.76e-06
step   3050 | train_loss 1.9908 | lr 7.75e-06
step   3051 | train_loss 2.1581 | lr 7.74e-06
step   3052 | train_loss 1.8871 | lr 7.74e-06
step   3053 | train_loss 2.0041 | lr 7.73e-06
step   3054 | train_loss 1.9962 | lr 7.73e-06
step   3055 | train_loss 2.1288 | lr 7.72e-06
step   3056 | train_loss 1.8790 | lr 7.72e-06
step   3057 | train_loss 1.9082 | lr 7.71e-06
step   3058 | train_loss 1.8654 | lr 7.71e-06
step   3059 | train_loss 1.8814 | lr 7.70e-06
step   3060 | train_loss 2.0489 | lr 7.70e-06
step   3061 | train_loss 2.0591 | lr 7.69e-06
step   3062 | train_loss 1.7108 | lr 7.68e-06
step   3063 | train_loss 2.0513 | lr 7.68e-06
step   3064 | train_loss 1.9299 | lr 7.67e-06
step   3065 | train_loss 1.7119 | lr 7.67e-06
step   3066 | train_loss 2.0371 | lr 7.66e-06
step   3067 | train_loss 1.9843 | lr 7.66e-06
step   3068 | train_loss 1.8077 | lr 7.65e-06
step   3069 | train_loss 2.0488 | lr 7.65e-06
step   3070 | train_loss 2.0236 | lr 7.64e-06
step   3071 | train_loss 1.9908 | lr 7.63e-06
step   3072 | train_loss 1.7920 | lr 7.63e-06
step   3073 | train_loss 1.8322 | lr 7.62e-06
step   3074 | train_loss 1.8971 | lr 7.62e-06
step   3075 | train_loss 1.9271 | lr 7.61e-06
step   3076 | train_loss 1.7254 | lr 7.61e-06
step   3077 | train_loss 2.0132 | lr 7.60e-06
step   3078 | train_loss 2.0177 | lr 7.60e-06
step   3079 | train_loss 1.8153 | lr 7.59e-06
step   3080 | train_loss 1.8140 | lr 7.59e-06
step   3081 | train_loss 1.9167 | lr 7.58e-06
step   3082 | train_loss 1.8363 | lr 7.57e-06
step   3083 | train_loss 2.0905 | lr 7.57e-06
step   3084 | train_loss 2.1154 | lr 7.56e-06
step   3085 | train_loss 2.1916 | lr 7.56e-06
step   3086 | train_loss 1.8969 | lr 7.55e-06
step   3087 | train_loss 1.8995 | lr 7.55e-06
step   3088 | train_loss 2.0052 | lr 7.54e-06
step   3089 | train_loss 1.9147 | lr 7.54e-06
step   3090 | train_loss 1.9230 | lr 7.53e-06
step   3091 | train_loss 1.9648 | lr 7.53e-06
step   3092 | train_loss 1.7775 | lr 7.52e-06
step   3093 | train_loss 2.1664 | lr 7.51e-06
step   3094 | train_loss 1.8392 | lr 7.51e-06
step   3095 | train_loss 1.9961 | lr 7.50e-06
step   3096 | train_loss 1.7957 | lr 7.50e-06
step   3097 | train_loss 1.8614 | lr 7.49e-06
step   3098 | train_loss 1.9126 | lr 7.49e-06
step   3099 | train_loss 1.8461 | lr 7.48e-06
step   3100 | train_loss 1.8904 | lr 7.48e-06
step   3101 | train_loss 1.9259 | lr 7.47e-06
step   3102 | train_loss 2.1805 | lr 7.47e-06
step   3103 | train_loss 1.9171 | lr 7.46e-06
step   3104 | train_loss 2.0126 | lr 7.45e-06
step   3105 | train_loss 2.0472 | lr 7.45e-06
step   3106 | train_loss 1.9135 | lr 7.44e-06
step   3107 | train_loss 2.0566 | lr 7.44e-06
step   3108 | train_loss 2.0547 | lr 7.43e-06
step   3109 | train_loss 2.0290 | lr 7.43e-06
step   3110 | train_loss 1.9021 | lr 7.42e-06
step   3111 | train_loss 2.0158 | lr 7.42e-06
step   3112 | train_loss 1.9169 | lr 7.41e-06
step   3113 | train_loss 1.8692 | lr 7.41e-06
step   3114 | train_loss 2.0979 | lr 7.40e-06
step   3115 | train_loss 1.8008 | lr 7.39e-06
step   3116 | train_loss 2.0127 | lr 7.39e-06
step   3117 | train_loss 2.0552 | lr 7.38e-06
step   3118 | train_loss 1.9046 | lr 7.38e-06
step   3119 | train_loss 1.9657 | lr 7.37e-06
step   3120 | train_loss 1.8737 | lr 7.37e-06
step   3121 | train_loss 1.9852 | lr 7.36e-06
step   3122 | train_loss 1.8696 | lr 7.36e-06
step   3123 | train_loss 1.9034 | lr 7.35e-06
step   3124 | train_loss 1.9272 | lr 7.35e-06
step   3125 | train_loss 1.8499 | lr 7.34e-06
step   3126 | train_loss 2.0602 | lr 7.33e-06
step   3127 | train_loss 2.1422 | lr 7.33e-06
step   3128 | train_loss 1.8352 | lr 7.32e-06
step   3129 | train_loss 2.1223 | lr 7.32e-06
step   3130 | train_loss 2.0088 | lr 7.31e-06
step   3131 | train_loss 1.9972 | lr 7.31e-06
step   3132 | train_loss 1.9491 | lr 7.30e-06
step   3133 | train_loss 1.6418 | lr 7.30e-06
step   3134 | train_loss 1.8943 | lr 7.29e-06
step   3135 | train_loss 1.9598 | lr 7.29e-06
step   3136 | train_loss 1.8810 | lr 7.28e-06
step   3137 | train_loss 2.1249 | lr 7.28e-06
step   3138 | train_loss 1.8764 | lr 7.27e-06
step   3139 | train_loss 2.0441 | lr 7.26e-06
step   3140 | train_loss 1.8753 | lr 7.26e-06
step   3141 | train_loss 1.8977 | lr 7.25e-06
step   3142 | train_loss 2.0832 | lr 7.25e-06
step   3143 | train_loss 2.1368 | lr 7.24e-06
step   3144 | train_loss 2.0046 | lr 7.24e-06
step   3145 | train_loss 1.8620 | lr 7.23e-06
step   3146 | train_loss 2.0874 | lr 7.23e-06
step   3147 | train_loss 1.9772 | lr 7.22e-06
step   3148 | train_loss 2.0782 | lr 7.22e-06
step   3149 | train_loss 1.9243 | lr 7.21e-06
step   3150 | train_loss 1.8614 | lr 7.21e-06
step   3151 | train_loss 1.9266 | lr 7.20e-06
step   3152 | train_loss 2.1763 | lr 7.19e-06
step   3153 | train_loss 1.8818 | lr 7.19e-06
step   3154 | train_loss 1.9498 | lr 7.18e-06
step   3155 | train_loss 1.9456 | lr 7.18e-06
step   3156 | train_loss 1.5890 | lr 7.17e-06
step   3157 | train_loss 2.2375 | lr 7.17e-06
step   3158 | train_loss 2.2503 | lr 7.16e-06
step   3159 | train_loss 1.8358 | lr 7.16e-06
step   3160 | train_loss 1.8937 | lr 7.15e-06
step   3161 | train_loss 1.8730 | lr 7.15e-06
step   3162 | train_loss 2.0535 | lr 7.14e-06
step   3163 | train_loss 1.9222 | lr 7.14e-06
step   3164 | train_loss 2.0236 | lr 7.13e-06
step   3165 | train_loss 2.0361 | lr 7.13e-06
step   3166 | train_loss 1.8894 | lr 7.12e-06
step   3167 | train_loss 1.8998 | lr 7.11e-06
step   3168 | train_loss 1.8986 | lr 7.11e-06
step   3169 | train_loss 2.1564 | lr 7.10e-06
step   3170 | train_loss 2.0100 | lr 7.10e-06
step   3171 | train_loss 1.9960 | lr 7.09e-06
step   3172 | train_loss 1.9526 | lr 7.09e-06
step   3173 | train_loss 1.9025 | lr 7.08e-06
step   3174 | train_loss 1.7899 | lr 7.08e-06
step   3175 | train_loss 1.7384 | lr 7.07e-06
step   3176 | train_loss 1.9725 | lr 7.07e-06
step   3177 | train_loss 2.1657 | lr 7.06e-06
step   3178 | train_loss 1.9540 | lr 7.06e-06
step   3179 | train_loss 1.9138 | lr 7.05e-06
step   3180 | train_loss 1.9827 | lr 7.05e-06
step   3181 | train_loss 1.9838 | lr 7.04e-06
step   3182 | train_loss 1.9496 | lr 7.03e-06
step   3183 | train_loss 1.8921 | lr 7.03e-06
step   3184 | train_loss 2.0519 | lr 7.02e-06
step   3185 | train_loss 1.9464 | lr 7.02e-06
step   3186 | train_loss 1.9985 | lr 7.01e-06
step   3187 | train_loss 1.8123 | lr 7.01e-06
step   3188 | train_loss 1.9084 | lr 7.00e-06
step   3189 | train_loss 1.9020 | lr 7.00e-06
step   3190 | train_loss 1.9068 | lr 6.99e-06
step   3191 | train_loss 1.8318 | lr 6.99e-06
step   3192 | train_loss 1.9226 | lr 6.98e-06
step   3193 | train_loss 1.9003 | lr 6.98e-06
step   3194 | train_loss 1.5588 | lr 6.97e-06
step   3195 | train_loss 2.0760 | lr 6.97e-06
step   3196 | train_loss 1.7152 | lr 6.96e-06
step   3197 | train_loss 1.8106 | lr 6.96e-06
step   3198 | train_loss 1.9042 | lr 6.95e-06
step   3199 | train_loss 1.9494 | lr 6.94e-06
step   3200 | train_loss 1.8508 | lr 6.94e-06
step   3201 | train_loss 1.7384 | lr 6.93e-06
step   3202 | train_loss 1.6726 | lr 6.93e-06
step   3203 | train_loss 1.8029 | lr 6.92e-06
step   3204 | train_loss 1.8263 | lr 6.92e-06
step   3205 | train_loss 1.7174 | lr 6.91e-06
step   3206 | train_loss 1.8407 | lr 6.91e-06
step   3207 | train_loss 1.8348 | lr 6.90e-06
step   3208 | train_loss 1.7229 | lr 6.90e-06
step   3209 | train_loss 1.7707 | lr 6.89e-06
step   3210 | train_loss 1.8849 | lr 6.89e-06
step   3211 | train_loss 1.9168 | lr 6.88e-06
step   3212 | train_loss 1.5797 | lr 6.88e-06
step   3213 | train_loss 1.6645 | lr 6.87e-06
step   3214 | train_loss 1.7749 | lr 6.87e-06
step   3215 | train_loss 1.9244 | lr 6.86e-06
step   3216 | train_loss 2.0044 | lr 6.85e-06
step   3217 | train_loss 2.0756 | lr 6.85e-06
step   3218 | train_loss 1.8671 | lr 6.84e-06
step   3219 | train_loss 1.9371 | lr 6.84e-06
step   3220 | train_loss 1.8916 | lr 6.83e-06
step   3221 | train_loss 1.8453 | lr 6.83e-06
step   3222 | train_loss 1.8306 | lr 6.82e-06
step   3223 | train_loss 1.9266 | lr 6.82e-06
step   3224 | train_loss 1.9044 | lr 6.81e-06
step   3225 | train_loss 1.9354 | lr 6.81e-06
step   3226 | train_loss 1.8437 | lr 6.80e-06
step   3227 | train_loss 1.8896 | lr 6.80e-06
step   3228 | train_loss 1.6033 | lr 6.79e-06
step   3229 | train_loss 1.8578 | lr 6.79e-06
step   3230 | train_loss 1.9013 | lr 6.78e-06
step   3231 | train_loss 1.9446 | lr 6.78e-06
step   3232 | train_loss 1.7457 | lr 6.77e-06
step   3233 | train_loss 1.6517 | lr 6.77e-06
step   3234 | train_loss 1.8209 | lr 6.76e-06
step   3235 | train_loss 1.7863 | lr 6.76e-06
step   3236 | train_loss 1.7338 | lr 6.75e-06
step   3237 | train_loss 1.8565 | lr 6.74e-06
step   3238 | train_loss 2.0162 | lr 6.74e-06
step   3239 | train_loss 1.9308 | lr 6.73e-06
step   3240 | train_loss 1.7574 | lr 6.73e-06
step   3241 | train_loss 2.0548 | lr 6.72e-06
step   3242 | train_loss 1.9195 | lr 6.72e-06
step   3243 | train_loss 1.8449 | lr 6.71e-06
step   3244 | train_loss 1.7331 | lr 6.71e-06
step   3245 | train_loss 2.0346 | lr 6.70e-06
step   3246 | train_loss 1.8786 | lr 6.70e-06
step   3247 | train_loss 1.7551 | lr 6.69e-06
step   3248 | train_loss 1.9461 | lr 6.69e-06
step   3249 | train_loss 1.6977 | lr 6.68e-06
step   3250 | train_loss 1.6980 | lr 6.68e-06
step   3250 | val_loss 2.0920 | val_ppl 8.10
step   3251 | train_loss 1.7827 | lr 6.67e-06
step   3252 | train_loss 1.4567 | lr 6.67e-06
step   3253 | train_loss 1.7859 | lr 6.66e-06
step   3254 | train_loss 1.8306 | lr 6.66e-06
step   3255 | train_loss 1.9329 | lr 6.65e-06
step   3256 | train_loss 1.7382 | lr 6.65e-06
step   3257 | train_loss 1.8898 | lr 6.64e-06
step   3258 | train_loss 1.7418 | lr 6.64e-06
step   3259 | train_loss 1.7889 | lr 6.63e-06
step   3260 | train_loss 1.8420 | lr 6.63e-06
step   3261 | train_loss 1.7821 | lr 6.62e-06
step   3262 | train_loss 1.7269 | lr 6.62e-06
step   3263 | train_loss 2.1202 | lr 6.61e-06
step   3264 | train_loss 2.1774 | lr 6.60e-06
step   3265 | train_loss 1.4817 | lr 6.60e-06
step   3266 | train_loss 1.9268 | lr 6.59e-06
step   3267 | train_loss 1.9726 | lr 6.59e-06
step   3268 | train_loss 2.0680 | lr 6.58e-06
step   3269 | train_loss 1.7991 | lr 6.58e-06
step   3270 | train_loss 1.6850 | lr 6.57e-06
step   3271 | train_loss 1.9382 | lr 6.57e-06
step   3272 | train_loss 1.8857 | lr 6.56e-06
step   3273 | train_loss 1.7470 | lr 6.56e-06
step   3274 | train_loss 2.0240 | lr 6.55e-06
step   3275 | train_loss 1.7024 | lr 6.55e-06
step   3276 | train_loss 2.0622 | lr 6.54e-06
step   3277 | train_loss 1.8795 | lr 6.54e-06
step   3278 | train_loss 1.7910 | lr 6.53e-06
step   3279 | train_loss 1.8784 | lr 6.53e-06
step   3280 | train_loss 2.0696 | lr 6.52e-06
step   3281 | train_loss 1.9355 | lr 6.52e-06
step   3282 | train_loss 1.6780 | lr 6.51e-06
step   3283 | train_loss 1.9987 | lr 6.51e-06
step   3284 | train_loss 2.0977 | lr 6.50e-06
step   3285 | train_loss 1.8042 | lr 6.50e-06
step   3286 | train_loss 1.8241 | lr 6.49e-06
step   3287 | train_loss 1.6713 | lr 6.49e-06
step   3288 | train_loss 1.8904 | lr 6.48e-06
step   3289 | train_loss 1.8087 | lr 6.48e-06
step   3290 | train_loss 1.8013 | lr 6.47e-06
step   3291 | train_loss 1.7237 | lr 6.47e-06
step   3292 | train_loss 1.6128 | lr 6.46e-06
step   3293 | train_loss 1.8519 | lr 6.46e-06
step   3294 | train_loss 1.8741 | lr 6.45e-06
step   3295 | train_loss 1.9184 | lr 6.45e-06
step   3296 | train_loss 2.0573 | lr 6.44e-06
step   3297 | train_loss 1.8018 | lr 6.44e-06
step   3298 | train_loss 2.0581 | lr 6.43e-06
step   3299 | train_loss 1.8861 | lr 6.42e-06
step   3300 | train_loss 1.5545 | lr 6.42e-06
step   3301 | train_loss 1.7085 | lr 6.41e-06
step   3302 | train_loss 1.7827 | lr 6.41e-06
step   3303 | train_loss 1.7681 | lr 6.40e-06
step   3304 | train_loss 1.7606 | lr 6.40e-06
step   3305 | train_loss 1.7806 | lr 6.39e-06
step   3306 | train_loss 1.9259 | lr 6.39e-06
step   3307 | train_loss 1.8873 | lr 6.38e-06
step   3308 | train_loss 1.8014 | lr 6.38e-06
step   3309 | train_loss 1.9763 | lr 6.37e-06
step   3310 | train_loss 1.8114 | lr 6.37e-06
step   3311 | train_loss 1.7272 | lr 6.36e-06
step   3312 | train_loss 2.0553 | lr 6.36e-06
step   3313 | train_loss 1.7282 | lr 6.35e-06
step   3314 | train_loss 1.7263 | lr 6.35e-06
step   3315 | train_loss 2.0280 | lr 6.34e-06
step   3316 | train_loss 1.8682 | lr 6.34e-06
step   3317 | train_loss 1.9164 | lr 6.33e-06
step   3318 | train_loss 1.7689 | lr 6.33e-06
step   3319 | train_loss 1.9110 | lr 6.32e-06
step   3320 | train_loss 1.7806 | lr 6.32e-06
step   3321 | train_loss 1.7693 | lr 6.31e-06
step   3322 | train_loss 2.0530 | lr 6.31e-06
step   3323 | train_loss 2.0159 | lr 6.30e-06
step   3324 | train_loss 1.9154 | lr 6.30e-06
step   3325 | train_loss 1.9026 | lr 6.29e-06
step   3326 | train_loss 1.8589 | lr 6.29e-06
step   3327 | train_loss 1.9686 | lr 6.28e-06
step   3328 | train_loss 1.7900 | lr 6.28e-06
step   3329 | train_loss 1.8012 | lr 6.27e-06
step   3330 | train_loss 1.7433 | lr 6.27e-06
step   3331 | train_loss 1.7874 | lr 6.26e-06
step   3332 | train_loss 1.8534 | lr 6.26e-06
step   3333 | train_loss 1.8070 | lr 6.25e-06
step   3334 | train_loss 1.8728 | lr 6.25e-06
step   3335 | train_loss 1.7567 | lr 6.24e-06
step   3336 | train_loss 2.1224 | lr 6.24e-06
step   3337 | train_loss 1.9388 | lr 6.23e-06
step   3338 | train_loss 1.8229 | lr 6.23e-06
step   3339 | train_loss 1.7264 | lr 6.22e-06
step   3340 | train_loss 1.5061 | lr 6.22e-06
step   3341 | train_loss 1.7256 | lr 6.21e-06
step   3342 | train_loss 1.8464 | lr 6.21e-06
step   3343 | train_loss 1.9504 | lr 6.20e-06
step   3344 | train_loss 1.7903 | lr 6.20e-06
step   3345 | train_loss 1.8407 | lr 6.19e-06
step   3346 | train_loss 1.6834 | lr 6.19e-06
step   3347 | train_loss 1.8758 | lr 6.18e-06
step   3348 | train_loss 2.0417 | lr 6.18e-06
step   3349 | train_loss 1.8258 | lr 6.17e-06
step   3350 | train_loss 1.6837 | lr 6.17e-06
step   3351 | train_loss 1.8888 | lr 6.16e-06
step   3352 | train_loss 1.8889 | lr 6.16e-06
step   3353 | train_loss 1.8135 | lr 6.15e-06
step   3354 | train_loss 1.8561 | lr 6.15e-06
step   3355 | train_loss 1.7662 | lr 6.14e-06
step   3356 | train_loss 2.0181 | lr 6.14e-06
step   3357 | train_loss 1.8624 | lr 6.13e-06
step   3358 | train_loss 1.8035 | lr 6.13e-06
step   3359 | train_loss 1.8831 | lr 6.12e-06
step   3360 | train_loss 1.9528 | lr 6.12e-06
step   3361 | train_loss 1.7513 | lr 6.11e-06
step   3362 | train_loss 2.0034 | lr 6.11e-06
step   3363 | train_loss 1.6849 | lr 6.10e-06
step   3364 | train_loss 1.8157 | lr 6.10e-06
step   3365 | train_loss 1.9572 | lr 6.09e-06
step   3366 | train_loss 1.6523 | lr 6.09e-06
step   3367 | train_loss 1.9261 | lr 6.08e-06
step   3368 | train_loss 1.8767 | lr 6.08e-06
step   3369 | train_loss 1.7627 | lr 6.07e-06
step   3370 | train_loss 1.7439 | lr 6.07e-06
step   3371 | train_loss 1.7226 | lr 6.06e-06
step   3372 | train_loss 1.7784 | lr 6.06e-06
step   3373 | train_loss 1.9169 | lr 6.05e-06
step   3374 | train_loss 1.9173 | lr 6.05e-06
step   3375 | train_loss 1.9942 | lr 6.04e-06
step   3376 | train_loss 1.8971 | lr 6.04e-06
step   3377 | train_loss 1.7407 | lr 6.03e-06
step   3378 | train_loss 2.0647 | lr 6.03e-06
step   3379 | train_loss 1.8953 | lr 6.02e-06
step   3380 | train_loss 1.8807 | lr 6.02e-06
step   3381 | train_loss 1.9357 | lr 6.01e-06
step   3382 | train_loss 1.8604 | lr 6.01e-06
step   3383 | train_loss 1.7118 | lr 6.00e-06
step   3384 | train_loss 1.8923 | lr 6.00e-06
step   3385 | train_loss 1.7113 | lr 5.99e-06
step   3386 | train_loss 1.8699 | lr 5.99e-06
step   3387 | train_loss 1.9981 | lr 5.98e-06
step   3388 | train_loss 2.0515 | lr 5.98e-06
step   3389 | train_loss 1.7614 | lr 5.97e-06
step   3390 | train_loss 1.8011 | lr 5.97e-06
step   3391 | train_loss 1.8804 | lr 5.96e-06
step   3392 | train_loss 2.0873 | lr 5.96e-06
step   3393 | train_loss 1.7684 | lr 5.95e-06
step   3394 | train_loss 1.9766 | lr 5.95e-06
step   3395 | train_loss 1.9284 | lr 5.94e-06
step   3396 | train_loss 1.7388 | lr 5.94e-06
step   3397 | train_loss 1.8386 | lr 5.94e-06
step   3398 | train_loss 1.9448 | lr 5.93e-06
step   3399 | train_loss 1.8927 | lr 5.93e-06
step   3400 | train_loss 1.8856 | lr 5.92e-06
step   3401 | train_loss 1.9774 | lr 5.92e-06
step   3402 | train_loss 1.9343 | lr 5.91e-06
step   3403 | train_loss 1.8170 | lr 5.91e-06
step   3404 | train_loss 1.8962 | lr 5.90e-06
step   3405 | train_loss 1.7946 | lr 5.90e-06
step   3406 | train_loss 1.7413 | lr 5.89e-06
step   3407 | train_loss 1.7059 | lr 5.89e-06
step   3408 | train_loss 1.8265 | lr 5.88e-06
step   3409 | train_loss 1.8240 | lr 5.88e-06
step   3410 | train_loss 1.9220 | lr 5.87e-06
step   3411 | train_loss 2.0290 | lr 5.87e-06
step   3412 | train_loss 2.0522 | lr 5.86e-06
step   3413 | train_loss 1.7863 | lr 5.86e-06
step   3414 | train_loss 1.9140 | lr 5.85e-06
step   3415 | train_loss 1.7045 | lr 5.85e-06
step   3416 | train_loss 2.0440 | lr 5.84e-06
step   3417 | train_loss 1.9396 | lr 5.84e-06
step   3418 | train_loss 2.0750 | lr 5.83e-06
step   3419 | train_loss 1.8773 | lr 5.83e-06
step   3420 | train_loss 1.6692 | lr 5.82e-06
step   3421 | train_loss 1.7518 | lr 5.82e-06
step   3422 | train_loss 1.7587 | lr 5.81e-06
step   3423 | train_loss 1.7350 | lr 5.81e-06
step   3424 | train_loss 1.9288 | lr 5.80e-06
step   3425 | train_loss 1.9463 | lr 5.80e-06
step   3426 | train_loss 1.9828 | lr 5.79e-06
step   3427 | train_loss 1.8186 | lr 5.79e-06
step   3428 | train_loss 1.7912 | lr 5.78e-06
step   3429 | train_loss 1.7218 | lr 5.78e-06
step   3430 | train_loss 1.9477 | lr 5.77e-06
step   3431 | train_loss 1.8267 | lr 5.77e-06
step   3432 | train_loss 2.0160 | lr 5.77e-06
step   3433 | train_loss 1.8298 | lr 5.76e-06
step   3434 | train_loss 1.8814 | lr 5.76e-06
step   3435 | train_loss 1.8304 | lr 5.75e-06
step   3436 | train_loss 1.7306 | lr 5.75e-06
step   3437 | train_loss 1.8067 | lr 5.74e-06
step   3438 | train_loss 1.8604 | lr 5.74e-06
step   3439 | train_loss 1.8206 | lr 5.73e-06
step   3440 | train_loss 1.8879 | lr 5.73e-06
step   3441 | train_loss 1.7848 | lr 5.72e-06
step   3442 | train_loss 1.9811 | lr 5.72e-06
step   3443 | train_loss 2.2011 | lr 5.71e-06
step   3444 | train_loss 1.9444 | lr 5.71e-06
step   3445 | train_loss 1.9370 | lr 5.70e-06
step   3446 | train_loss 1.7715 | lr 5.70e-06
step   3447 | train_loss 1.8545 | lr 5.69e-06
step   3448 | train_loss 1.8841 | lr 5.69e-06
step   3449 | train_loss 1.7132 | lr 5.68e-06
step   3450 | train_loss 1.8273 | lr 5.68e-06
step   3451 | train_loss 1.9736 | lr 5.67e-06
step   3452 | train_loss 1.6905 | lr 5.67e-06
step   3453 | train_loss 1.8487 | lr 5.66e-06
step   3454 | train_loss 2.0306 | lr 5.66e-06
step   3455 | train_loss 1.8839 | lr 5.65e-06
step   3456 | train_loss 1.8015 | lr 5.65e-06
step   3457 | train_loss 1.7724 | lr 5.65e-06
step   3458 | train_loss 1.8786 | lr 5.64e-06
step   3459 | train_loss 1.7899 | lr 5.64e-06
step   3460 | train_loss 1.8972 | lr 5.63e-06
step   3461 | train_loss 1.8713 | lr 5.63e-06
step   3462 | train_loss 1.7843 | lr 5.62e-06
step   3463 | train_loss 2.0245 | lr 5.62e-06
step   3464 | train_loss 1.9784 | lr 5.61e-06
step   3465 | train_loss 1.8667 | lr 5.61e-06
step   3466 | train_loss 1.7802 | lr 5.60e-06
step   3467 | train_loss 1.7318 | lr 5.60e-06
step   3468 | train_loss 1.8240 | lr 5.59e-06
step   3469 | train_loss 1.8721 | lr 5.59e-06
step   3470 | train_loss 1.5190 | lr 5.58e-06
step   3471 | train_loss 2.1071 | lr 5.58e-06
step   3472 | train_loss 2.0737 | lr 5.57e-06
step   3473 | train_loss 1.7579 | lr 5.57e-06
step   3474 | train_loss 1.8317 | lr 5.56e-06
step   3475 | train_loss 1.9900 | lr 5.56e-06
step   3476 | train_loss 1.7402 | lr 5.56e-06
step   3477 | train_loss 1.7443 | lr 5.55e-06
step   3478 | train_loss 1.7126 | lr 5.55e-06
step   3479 | train_loss 1.8515 | lr 5.54e-06
step   3480 | train_loss 2.2635 | lr 5.54e-06
step   3481 | train_loss 1.9005 | lr 5.53e-06
step   3482 | train_loss 1.7775 | lr 5.53e-06
step   3483 | train_loss 1.8047 | lr 5.52e-06
step   3484 | train_loss 1.7638 | lr 5.52e-06
step   3485 | train_loss 2.0675 | lr 5.51e-06
step   3486 | train_loss 1.9483 | lr 5.51e-06
step   3487 | train_loss 1.6460 | lr 5.50e-06
step   3488 | train_loss 1.4781 | lr 5.50e-06
step   3489 | train_loss 2.0718 | lr 5.49e-06
step   3490 | train_loss 1.8528 | lr 5.49e-06
step   3491 | train_loss 1.9898 | lr 5.49e-06
step   3492 | train_loss 1.7172 | lr 5.48e-06
step   3493 | train_loss 1.9965 | lr 5.48e-06
step   3494 | train_loss 1.7264 | lr 5.47e-06
step   3495 | train_loss 1.8632 | lr 5.47e-06
step   3496 | train_loss 1.7898 | lr 5.46e-06
step   3497 | train_loss 1.7478 | lr 5.46e-06
step   3498 | train_loss 1.8918 | lr 5.45e-06
step   3499 | train_loss 1.9555 | lr 5.45e-06
step   3500 | train_loss 1.8635 | lr 5.44e-06
step   3500 | val_loss 2.0972 | val_ppl 8.14
Saved checkpoint to checkpoints/sft_alpaca/step_3500.pt
step   3501 | train_loss 1.7447 | lr 5.44e-06
step   3502 | train_loss 1.7871 | lr 5.43e-06
step   3503 | train_loss 1.7228 | lr 5.43e-06
step   3504 | train_loss 1.8598 | lr 5.42e-06
step   3505 | train_loss 1.9751 | lr 5.42e-06
step   3506 | train_loss 1.7739 | lr 5.42e-06
step   3507 | train_loss 1.9520 | lr 5.41e-06
step   3508 | train_loss 1.7532 | lr 5.41e-06
step   3509 | train_loss 1.8729 | lr 5.40e-06
step   3510 | train_loss 1.8650 | lr 5.40e-06
step   3511 | train_loss 1.8428 | lr 5.39e-06
step   3512 | train_loss 1.5560 | lr 5.39e-06
step   3513 | train_loss 1.8580 | lr 5.38e-06
step   3514 | train_loss 1.9685 | lr 5.38e-06
step   3515 | train_loss 1.8228 | lr 5.37e-06
step   3516 | train_loss 1.7592 | lr 5.37e-06
step   3517 | train_loss 1.9864 | lr 5.36e-06
step   3518 | train_loss 2.1730 | lr 5.36e-06
step   3519 | train_loss 1.9623 | lr 5.35e-06
step   3520 | train_loss 1.8936 | lr 5.35e-06
step   3521 | train_loss 2.0479 | lr 5.35e-06
step   3522 | train_loss 1.8746 | lr 5.34e-06
step   3523 | train_loss 1.8306 | lr 5.34e-06
step   3524 | train_loss 1.7771 | lr 5.33e-06
step   3525 | train_loss 1.7507 | lr 5.33e-06
step   3526 | train_loss 1.7534 | lr 5.32e-06
step   3527 | train_loss 1.9077 | lr 5.32e-06
step   3528 | train_loss 1.9902 | lr 5.31e-06
step   3529 | train_loss 1.7337 | lr 5.31e-06
step   3530 | train_loss 1.7812 | lr 5.30e-06
step   3531 | train_loss 1.9241 | lr 5.30e-06
step   3532 | train_loss 1.8726 | lr 5.30e-06
step   3533 | train_loss 1.8956 | lr 5.29e-06
step   3534 | train_loss 1.8917 | lr 5.29e-06
step   3535 | train_loss 2.0590 | lr 5.28e-06
step   3536 | train_loss 1.9339 | lr 5.28e-06
step   3537 | train_loss 1.8795 | lr 5.27e-06
step   3538 | train_loss 1.7978 | lr 5.27e-06
step   3539 | train_loss 1.9898 | lr 5.26e-06
step   3540 | train_loss 1.6565 | lr 5.26e-06
step   3541 | train_loss 1.5620 | lr 5.25e-06
step   3542 | train_loss 1.7645 | lr 5.25e-06
step   3543 | train_loss 1.8247 | lr 5.24e-06
step   3544 | train_loss 1.9444 | lr 5.24e-06
step   3545 | train_loss 1.9070 | lr 5.24e-06
step   3546 | train_loss 1.7770 | lr 5.23e-06
step   3547 | train_loss 1.7394 | lr 5.23e-06
step   3548 | train_loss 1.7957 | lr 5.22e-06
step   3549 | train_loss 1.8090 | lr 5.22e-06
step   3550 | train_loss 1.7436 | lr 5.21e-06
step   3551 | train_loss 1.9772 | lr 5.21e-06
step   3552 | train_loss 1.9587 | lr 5.20e-06
step   3553 | train_loss 1.8584 | lr 5.20e-06
step   3554 | train_loss 1.9128 | lr 5.20e-06
step   3555 | train_loss 1.8444 | lr 5.19e-06
step   3556 | train_loss 1.7496 | lr 5.19e-06
step   3557 | train_loss 1.7357 | lr 5.18e-06
step   3558 | train_loss 1.8536 | lr 5.18e-06
step   3559 | train_loss 1.8031 | lr 5.17e-06
step   3560 | train_loss 1.8088 | lr 5.17e-06
step   3561 | train_loss 1.8129 | lr 5.16e-06
step   3562 | train_loss 1.9631 | lr 5.16e-06
step   3563 | train_loss 1.6879 | lr 5.15e-06
step   3564 | train_loss 1.7750 | lr 5.15e-06
step   3565 | train_loss 1.5779 | lr 5.15e-06
step   3566 | train_loss 2.0475 | lr 5.14e-06
step   3567 | train_loss 1.7641 | lr 5.14e-06
step   3568 | train_loss 1.8885 | lr 5.13e-06
step   3569 | train_loss 1.9148 | lr 5.13e-06
step   3570 | train_loss 1.6914 | lr 5.12e-06
step   3571 | train_loss 1.5203 | lr 5.12e-06
step   3572 | train_loss 1.7812 | lr 5.11e-06
step   3573 | train_loss 1.7614 | lr 5.11e-06
step   3574 | train_loss 1.8539 | lr 5.11e-06
step   3575 | train_loss 1.8445 | lr 5.10e-06
step   3576 | train_loss 1.6931 | lr 5.10e-06
step   3577 | train_loss 1.7749 | lr 5.09e-06
step   3578 | train_loss 2.1610 | lr 5.09e-06
step   3579 | train_loss 1.7295 | lr 5.08e-06
step   3580 | train_loss 1.7902 | lr 5.08e-06
step   3581 | train_loss 1.8294 | lr 5.07e-06
step   3582 | train_loss 1.8933 | lr 5.07e-06
step   3583 | train_loss 1.6536 | lr 5.06e-06
step   3584 | train_loss 2.0444 | lr 5.06e-06
step   3585 | train_loss 1.9168 | lr 5.06e-06
step   3586 | train_loss 1.6548 | lr 5.05e-06
step   3587 | train_loss 2.0019 | lr 5.05e-06
step   3588 | train_loss 1.8522 | lr 5.04e-06
step   3589 | train_loss 1.8133 | lr 5.04e-06
step   3590 | train_loss 1.6615 | lr 5.03e-06
step   3591 | train_loss 1.9637 | lr 5.03e-06
step   3592 | train_loss 1.9575 | lr 5.02e-06
step   3593 | train_loss 1.7557 | lr 5.02e-06
step   3594 | train_loss 1.8484 | lr 5.02e-06
step   3595 | train_loss 1.8648 | lr 5.01e-06
step   3596 | train_loss 1.8921 | lr 5.01e-06
step   3597 | train_loss 1.7503 | lr 5.00e-06
step   3598 | train_loss 2.1859 | lr 5.00e-06
step   3599 | train_loss 1.7449 | lr 4.99e-06
step   3600 | train_loss 2.0116 | lr 4.99e-06
step   3601 | train_loss 1.6997 | lr 4.99e-06
step   3602 | train_loss 1.7527 | lr 4.98e-06
step   3603 | train_loss 1.7682 | lr 4.98e-06
step   3604 | train_loss 2.0366 | lr 4.97e-06
step   3605 | train_loss 1.8198 | lr 4.97e-06
step   3606 | train_loss 1.7159 | lr 4.96e-06
step   3607 | train_loss 1.6188 | lr 4.96e-06
step   3608 | train_loss 1.7800 | lr 4.95e-06
step   3609 | train_loss 1.8313 | lr 4.95e-06
step   3610 | train_loss 2.2823 | lr 4.95e-06
step   3611 | train_loss 1.6647 | lr 4.94e-06
step   3612 | train_loss 1.7282 | lr 4.94e-06
step   3613 | train_loss 2.0684 | lr 4.93e-06
step   3614 | train_loss 2.0702 | lr 4.93e-06
step   3615 | train_loss 1.7387 | lr 4.92e-06
step   3616 | train_loss 1.5870 | lr 4.92e-06
step   3617 | train_loss 2.1138 | lr 4.92e-06
step   3618 | train_loss 1.8125 | lr 4.91e-06
step   3619 | train_loss 1.9722 | lr 4.91e-06
step   3620 | train_loss 2.0294 | lr 4.90e-06
step   3621 | train_loss 1.7430 | lr 4.90e-06
step   3622 | train_loss 1.8956 | lr 4.89e-06
step   3623 | train_loss 2.0847 | lr 4.89e-06
step   3624 | train_loss 1.9238 | lr 4.88e-06
step   3625 | train_loss 2.0870 | lr 4.88e-06
step   3626 | train_loss 1.8448 | lr 4.88e-06
step   3627 | train_loss 1.7401 | lr 4.87e-06
step   3628 | train_loss 1.8980 | lr 4.87e-06
step   3629 | train_loss 1.9823 | lr 4.86e-06
step   3630 | train_loss 1.9719 | lr 4.86e-06
step   3631 | train_loss 1.5924 | lr 4.85e-06
step   3632 | train_loss 1.8017 | lr 4.85e-06
step   3633 | train_loss 1.8373 | lr 4.85e-06
step   3634 | train_loss 1.6973 | lr 4.84e-06
step   3635 | train_loss 1.8853 | lr 4.84e-06
step   3636 | train_loss 1.9461 | lr 4.83e-06
step   3637 | train_loss 1.6616 | lr 4.83e-06
step   3638 | train_loss 1.6582 | lr 4.82e-06
step   3639 | train_loss 1.7775 | lr 4.82e-06
step   3640 | train_loss 1.8166 | lr 4.82e-06
step   3641 | train_loss 2.0157 | lr 4.81e-06
step   3642 | train_loss 1.6900 | lr 4.81e-06
step   3643 | train_loss 1.7395 | lr 4.80e-06
step   3644 | train_loss 1.8613 | lr 4.80e-06
step   3645 | train_loss 1.7183 | lr 4.79e-06
step   3646 | train_loss 2.1257 | lr 4.79e-06
step   3647 | train_loss 2.1872 | lr 4.79e-06
step   3648 | train_loss 1.7681 | lr 4.78e-06
step   3649 | train_loss 2.2496 | lr 4.78e-06
step   3650 | train_loss 1.7254 | lr 4.77e-06
step   3651 | train_loss 1.7270 | lr 4.77e-06
step   3652 | train_loss 1.7869 | lr 4.76e-06
step   3653 | train_loss 1.9016 | lr 4.76e-06
step   3654 | train_loss 1.8495 | lr 4.76e-06
step   3655 | train_loss 2.0270 | lr 4.75e-06
step   3656 | train_loss 1.9386 | lr 4.75e-06
step   3657 | train_loss 1.9314 | lr 4.74e-06
step   3658 | train_loss 1.8836 | lr 4.74e-06
step   3659 | train_loss 1.9385 | lr 4.73e-06
step   3660 | train_loss 1.8798 | lr 4.73e-06
step   3661 | train_loss 1.8652 | lr 4.73e-06
step   3662 | train_loss 1.6952 | lr 4.72e-06
step   3663 | train_loss 1.7351 | lr 4.72e-06
step   3664 | train_loss 1.9065 | lr 4.71e-06
step   3665 | train_loss 1.7571 | lr 4.71e-06
step   3666 | train_loss 1.9840 | lr 4.70e-06
step   3667 | train_loss 1.7973 | lr 4.70e-06
step   3668 | train_loss 1.9495 | lr 4.70e-06
step   3669 | train_loss 2.0646 | lr 4.69e-06
step   3670 | train_loss 1.8021 | lr 4.69e-06
step   3671 | train_loss 1.7551 | lr 4.68e-06
step   3672 | train_loss 2.0574 | lr 4.68e-06
step   3673 | train_loss 1.7685 | lr 4.67e-06
step   3674 | train_loss 1.8864 | lr 4.67e-06
step   3675 | train_loss 1.8353 | lr 4.67e-06
step   3676 | train_loss 1.8758 | lr 4.66e-06
step   3677 | train_loss 1.8160 | lr 4.66e-06
step   3678 | train_loss 1.5169 | lr 4.65e-06
step   3679 | train_loss 1.7120 | lr 4.65e-06
step   3680 | train_loss 1.9653 | lr 4.65e-06
step   3681 | train_loss 2.0951 | lr 4.64e-06
step   3682 | train_loss 1.7309 | lr 4.64e-06
step   3683 | train_loss 1.7375 | lr 4.63e-06
step   3684 | train_loss 1.8371 | lr 4.63e-06
step   3685 | train_loss 1.8365 | lr 4.62e-06
step   3686 | train_loss 1.7577 | lr 4.62e-06
step   3687 | train_loss 1.7527 | lr 4.62e-06
step   3688 | train_loss 1.5939 | lr 4.61e-06
step   3689 | train_loss 1.8721 | lr 4.61e-06
step   3690 | train_loss 1.9255 | lr 4.60e-06
step   3691 | train_loss 1.6912 | lr 4.60e-06
step   3692 | train_loss 1.9932 | lr 4.60e-06
step   3693 | train_loss 1.9529 | lr 4.59e-06
step   3694 | train_loss 1.7677 | lr 4.59e-06
step   3695 | train_loss 1.8628 | lr 4.58e-06
step   3696 | train_loss 1.9099 | lr 4.58e-06
step   3697 | train_loss 1.8796 | lr 4.57e-06
step   3698 | train_loss 1.8738 | lr 4.57e-06
step   3699 | train_loss 2.0730 | lr 4.57e-06
step   3700 | train_loss 1.7567 | lr 4.56e-06
step   3701 | train_loss 1.6650 | lr 4.56e-06
step   3702 | train_loss 1.8084 | lr 4.55e-06
step   3703 | train_loss 1.8383 | lr 4.55e-06
step   3704 | train_loss 1.9013 | lr 4.55e-06
step   3705 | train_loss 1.9283 | lr 4.54e-06
step   3706 | train_loss 1.9028 | lr 4.54e-06
step   3707 | train_loss 1.8640 | lr 4.53e-06
step   3708 | train_loss 1.8691 | lr 4.53e-06
step   3709 | train_loss 1.8280 | lr 4.53e-06
step   3710 | train_loss 1.8009 | lr 4.52e-06
step   3711 | train_loss 1.7151 | lr 4.52e-06
step   3712 | train_loss 1.6735 | lr 4.51e-06
step   3713 | train_loss 1.8514 | lr 4.51e-06
step   3714 | train_loss 1.8835 | lr 4.50e-06
step   3715 | train_loss 1.7523 | lr 4.50e-06
step   3716 | train_loss 1.7710 | lr 4.50e-06
step   3717 | train_loss 2.1387 | lr 4.49e-06
step   3718 | train_loss 1.9927 | lr 4.49e-06
step   3719 | train_loss 1.8452 | lr 4.48e-06
step   3720 | train_loss 1.7507 | lr 4.48e-06
step   3721 | train_loss 1.8987 | lr 4.48e-06
step   3722 | train_loss 1.8963 | lr 4.47e-06
step   3723 | train_loss 1.8086 | lr 4.47e-06
step   3724 | train_loss 1.7832 | lr 4.46e-06
step   3725 | train_loss 1.8446 | lr 4.46e-06
step   3726 | train_loss 1.7192 | lr 4.46e-06
step   3727 | train_loss 1.7174 | lr 4.45e-06
step   3728 | train_loss 1.6825 | lr 4.45e-06
step   3729 | train_loss 1.5795 | lr 4.44e-06
step   3730 | train_loss 1.7853 | lr 4.44e-06
step   3731 | train_loss 1.9229 | lr 4.44e-06
step   3732 | train_loss 1.9605 | lr 4.43e-06
step   3733 | train_loss 1.9965 | lr 4.43e-06
step   3734 | train_loss 1.6869 | lr 4.42e-06
step   3735 | train_loss 2.0520 | lr 4.42e-06
step   3736 | train_loss 1.7870 | lr 4.42e-06
step   3737 | train_loss 1.9850 | lr 4.41e-06
step   3738 | train_loss 1.6595 | lr 4.41e-06
step   3739 | train_loss 1.8139 | lr 4.40e-06
step   3740 | train_loss 1.9524 | lr 4.40e-06
step   3741 | train_loss 1.8562 | lr 4.39e-06
step   3742 | train_loss 1.8207 | lr 4.39e-06
step   3743 | train_loss 1.6933 | lr 4.39e-06
step   3744 | train_loss 1.8786 | lr 4.38e-06
step   3745 | train_loss 1.8359 | lr 4.38e-06
step   3746 | train_loss 1.9874 | lr 4.37e-06
step   3747 | train_loss 1.7417 | lr 4.37e-06
step   3748 | train_loss 1.8255 | lr 4.37e-06
step   3749 | train_loss 1.7642 | lr 4.36e-06
step   3750 | train_loss 1.6668 | lr 4.36e-06
step   3750 | val_loss 2.0956 | val_ppl 8.13
step   3751 | train_loss 1.6896 | lr 4.35e-06
step   3752 | train_loss 1.6924 | lr 4.35e-06
step   3753 | train_loss 1.6370 | lr 4.35e-06
step   3754 | train_loss 1.7147 | lr 4.34e-06
step   3755 | train_loss 1.8241 | lr 4.34e-06
step   3756 | train_loss 1.8190 | lr 4.33e-06
step   3757 | train_loss 2.1453 | lr 4.33e-06
step   3758 | train_loss 1.8830 | lr 4.33e-06
step   3759 | train_loss 2.0862 | lr 4.32e-06
step   3760 | train_loss 1.7517 | lr 4.32e-06
step   3761 | train_loss 1.6186 | lr 4.31e-06
step   3762 | train_loss 1.9797 | lr 4.31e-06
step   3763 | train_loss 1.9286 | lr 4.31e-06
step   3764 | train_loss 1.6495 | lr 4.30e-06
step   3765 | train_loss 2.0010 | lr 4.30e-06
step   3766 | train_loss 2.1651 | lr 4.30e-06
step   3767 | train_loss 1.9658 | lr 4.29e-06
step   3768 | train_loss 1.7822 | lr 4.29e-06
step   3769 | train_loss 1.7144 | lr 4.28e-06
step   3770 | train_loss 1.8286 | lr 4.28e-06
step   3771 | train_loss 1.9031 | lr 4.28e-06
step   3772 | train_loss 1.8804 | lr 4.27e-06
step   3773 | train_loss 2.0323 | lr 4.27e-06
step   3774 | train_loss 1.9633 | lr 4.26e-06
step   3775 | train_loss 1.9592 | lr 4.26e-06
step   3776 | train_loss 1.7204 | lr 4.26e-06
step   3777 | train_loss 1.9432 | lr 4.25e-06
step   3778 | train_loss 1.9260 | lr 4.25e-06
step   3779 | train_loss 1.7327 | lr 4.24e-06
step   3780 | train_loss 1.7304 | lr 4.24e-06
step   3781 | train_loss 2.0039 | lr 4.24e-06
step   3782 | train_loss 1.8639 | lr 4.23e-06
step   3783 | train_loss 1.7797 | lr 4.23e-06
step   3784 | train_loss 1.8221 | lr 4.22e-06
step   3785 | train_loss 1.7734 | lr 4.22e-06
step   3786 | train_loss 1.5458 | lr 4.22e-06
step   3787 | train_loss 1.9540 | lr 4.21e-06
step   3788 | train_loss 1.9022 | lr 4.21e-06
step   3789 | train_loss 1.8447 | lr 4.21e-06
step   3790 | train_loss 1.7574 | lr 4.20e-06
step   3791 | train_loss 1.8140 | lr 4.20e-06
step   3792 | train_loss 1.9634 | lr 4.19e-06
step   3793 | train_loss 1.8109 | lr 4.19e-06
step   3794 | train_loss 2.0426 | lr 4.19e-06
step   3795 | train_loss 1.8351 | lr 4.18e-06
step   3796 | train_loss 1.8580 | lr 4.18e-06
step   3797 | train_loss 2.2251 | lr 4.17e-06
step   3798 | train_loss 1.8618 | lr 4.17e-06
step   3799 | train_loss 1.6879 | lr 4.17e-06
step   3800 | train_loss 1.6299 | lr 4.16e-06
step   3801 | train_loss 1.9520 | lr 4.16e-06
step   3802 | train_loss 1.8756 | lr 4.15e-06
step   3803 | train_loss 1.8246 | lr 4.15e-06
step   3804 | train_loss 1.6957 | lr 4.15e-06
step   3805 | train_loss 1.6997 | lr 4.14e-06
step   3806 | train_loss 1.9587 | lr 4.14e-06
step   3807 | train_loss 1.9634 | lr 4.14e-06
step   3808 | train_loss 1.6851 | lr 4.13e-06
step   3809 | train_loss 1.8609 | lr 4.13e-06
step   3810 | train_loss 2.0040 | lr 4.12e-06
step   3811 | train_loss 1.8409 | lr 4.12e-06
step   3812 | train_loss 1.6831 | lr 4.12e-06
step   3813 | train_loss 1.6878 | lr 4.11e-06
step   3814 | train_loss 1.8108 | lr 4.11e-06
step   3815 | train_loss 1.7772 | lr 4.11e-06
step   3816 | train_loss 1.6989 | lr 4.10e-06
step   3817 | train_loss 1.7523 | lr 4.10e-06
step   3818 | train_loss 1.7823 | lr 4.09e-06
step   3819 | train_loss 2.1333 | lr 4.09e-06
step   3820 | train_loss 1.7894 | lr 4.09e-06
step   3821 | train_loss 1.7920 | lr 4.08e-06
step   3822 | train_loss 1.5984 | lr 4.08e-06
step   3823 | train_loss 1.8684 | lr 4.07e-06
step   3824 | train_loss 1.7390 | lr 4.07e-06
step   3825 | train_loss 1.6999 | lr 4.07e-06
step   3826 | train_loss 1.7435 | lr 4.06e-06
step   3827 | train_loss 1.8956 | lr 4.06e-06
step   3828 | train_loss 1.9531 | lr 4.06e-06
step   3829 | train_loss 1.7668 | lr 4.05e-06
step   3830 | train_loss 1.8225 | lr 4.05e-06
step   3831 | train_loss 1.8735 | lr 4.04e-06
step   3832 | train_loss 1.8021 | lr 4.04e-06
step   3833 | train_loss 1.7291 | lr 4.04e-06
step   3834 | train_loss 1.6975 | lr 4.03e-06
step   3835 | train_loss 1.9993 | lr 4.03e-06
step   3836 | train_loss 2.0644 | lr 4.03e-06
step   3837 | train_loss 1.6335 | lr 4.02e-06
step   3838 | train_loss 1.9778 | lr 4.02e-06
step   3839 | train_loss 2.0380 | lr 4.01e-06
step   3840 | train_loss 1.7285 | lr 4.01e-06
step   3841 | train_loss 1.6014 | lr 4.01e-06
step   3842 | train_loss 1.8236 | lr 4.00e-06
step   3843 | train_loss 1.7972 | lr 4.00e-06
step   3844 | train_loss 2.0930 | lr 4.00e-06
step   3845 | train_loss 1.8459 | lr 3.99e-06
step   3846 | train_loss 1.9468 | lr 3.99e-06
step   3847 | train_loss 1.9325 | lr 3.98e-06
step   3848 | train_loss 1.7042 | lr 3.98e-06
step   3849 | train_loss 2.0598 | lr 3.98e-06
step   3850 | train_loss 1.9806 | lr 3.97e-06
step   3851 | train_loss 1.8044 | lr 3.97e-06
step   3852 | train_loss 1.7704 | lr 3.97e-06
step   3853 | train_loss 1.8031 | lr 3.96e-06
step   3854 | train_loss 1.8705 | lr 3.96e-06
step   3855 | train_loss 2.0460 | lr 3.96e-06
step   3856 | train_loss 1.7393 | lr 3.95e-06
step   3857 | train_loss 2.0028 | lr 3.95e-06
step   3858 | train_loss 1.8857 | lr 3.94e-06
step   3859 | train_loss 1.8402 | lr 3.94e-06
step   3860 | train_loss 1.6808 | lr 3.94e-06
step   3861 | train_loss 1.9048 | lr 3.93e-06
step   3862 | train_loss 1.9560 | lr 3.93e-06
step   3863 | train_loss 1.8920 | lr 3.93e-06
step   3864 | train_loss 1.9795 | lr 3.92e-06
step   3865 | train_loss 1.7573 | lr 3.92e-06
step   3866 | train_loss 1.6593 | lr 3.91e-06
step   3867 | train_loss 1.6088 | lr 3.91e-06
step   3868 | train_loss 1.6294 | lr 3.91e-06
step   3869 | train_loss 1.8230 | lr 3.90e-06
step   3870 | train_loss 1.6506 | lr 3.90e-06
step   3871 | train_loss 1.8040 | lr 3.90e-06
step   3872 | train_loss 1.8429 | lr 3.89e-06
step   3873 | train_loss 1.8341 | lr 3.89e-06
step   3874 | train_loss 1.9140 | lr 3.89e-06
step   3875 | train_loss 1.7617 | lr 3.88e-06
step   3876 | train_loss 1.9471 | lr 3.88e-06
step   3877 | train_loss 1.9186 | lr 3.88e-06
step   3878 | train_loss 1.9493 | lr 3.87e-06
step   3879 | train_loss 1.5684 | lr 3.87e-06
step   3880 | train_loss 1.8115 | lr 3.86e-06
step   3881 | train_loss 1.8027 | lr 3.86e-06
step   3882 | train_loss 1.6304 | lr 3.86e-06
step   3883 | train_loss 2.0000 | lr 3.85e-06
step   3884 | train_loss 1.7670 | lr 3.85e-06
step   3885 | train_loss 1.6283 | lr 3.85e-06
step   3886 | train_loss 1.7726 | lr 3.84e-06
step   3887 | train_loss 1.7644 | lr 3.84e-06
step   3888 | train_loss 1.8879 | lr 3.84e-06
step   3889 | train_loss 1.9264 | lr 3.83e-06
step   3890 | train_loss 1.8276 | lr 3.83e-06
step   3891 | train_loss 1.7626 | lr 3.82e-06
step   3892 | train_loss 1.7627 | lr 3.82e-06
step   3893 | train_loss 2.0153 | lr 3.82e-06
step   3894 | train_loss 1.9888 | lr 3.81e-06
step   3895 | train_loss 2.0795 | lr 3.81e-06
step   3896 | train_loss 2.0192 | lr 3.81e-06
step   3897 | train_loss 1.7939 | lr 3.80e-06
step   3898 | train_loss 1.8233 | lr 3.80e-06
step   3899 | train_loss 1.7478 | lr 3.80e-06
step   3900 | train_loss 1.9376 | lr 3.79e-06
step   3901 | train_loss 1.8848 | lr 3.79e-06
step   3902 | train_loss 1.8668 | lr 3.79e-06
step   3903 | train_loss 1.7841 | lr 3.78e-06
step   3904 | train_loss 1.7979 | lr 3.78e-06
step   3905 | train_loss 1.8275 | lr 3.77e-06
step   3906 | train_loss 1.6623 | lr 3.77e-06
step   3907 | train_loss 1.8555 | lr 3.77e-06
step   3908 | train_loss 1.9025 | lr 3.76e-06
step   3909 | train_loss 1.9909 | lr 3.76e-06
step   3910 | train_loss 1.6722 | lr 3.76e-06
step   3911 | train_loss 1.8953 | lr 3.75e-06
step   3912 | train_loss 1.9854 | lr 3.75e-06
step   3913 | train_loss 1.7164 | lr 3.75e-06
step   3914 | train_loss 2.0755 | lr 3.74e-06
step   3915 | train_loss 2.0299 | lr 3.74e-06
step   3916 | train_loss 1.8219 | lr 3.74e-06
step   3917 | train_loss 1.8515 | lr 3.73e-06
step   3918 | train_loss 1.8190 | lr 3.73e-06
step   3919 | train_loss 1.9336 | lr 3.73e-06
step   3920 | train_loss 1.6822 | lr 3.72e-06
step   3921 | train_loss 1.9292 | lr 3.72e-06
step   3922 | train_loss 1.8784 | lr 3.72e-06
step   3923 | train_loss 1.8247 | lr 3.71e-06
step   3924 | train_loss 1.9572 | lr 3.71e-06
step   3925 | train_loss 1.8223 | lr 3.70e-06
step   3926 | train_loss 1.9393 | lr 3.70e-06
step   3927 | train_loss 1.5246 | lr 3.70e-06
step   3928 | train_loss 1.8496 | lr 3.69e-06
step   3929 | train_loss 1.8794 | lr 3.69e-06
step   3930 | train_loss 1.7254 | lr 3.69e-06
step   3931 | train_loss 1.8197 | lr 3.68e-06
step   3932 | train_loss 1.7301 | lr 3.68e-06
step   3933 | train_loss 1.9993 | lr 3.68e-06
step   3934 | train_loss 1.7790 | lr 3.67e-06
step   3935 | train_loss 1.6222 | lr 3.67e-06
step   3936 | train_loss 1.6992 | lr 3.67e-06
step   3937 | train_loss 1.8692 | lr 3.66e-06
step   3938 | train_loss 1.6562 | lr 3.66e-06
step   3939 | train_loss 2.1088 | lr 3.66e-06
step   3940 | train_loss 1.8909 | lr 3.65e-06
step   3941 | train_loss 1.8136 | lr 3.65e-06
step   3942 | train_loss 1.6537 | lr 3.65e-06
step   3943 | train_loss 1.8067 | lr 3.64e-06
step   3944 | train_loss 1.8747 | lr 3.64e-06
step   3945 | train_loss 1.8888 | lr 3.64e-06
step   3946 | train_loss 1.7984 | lr 3.63e-06
step   3947 | train_loss 2.0266 | lr 3.63e-06
step   3948 | train_loss 1.7274 | lr 3.63e-06
step   3949 | train_loss 1.8211 | lr 3.62e-06
step   3950 | train_loss 1.8842 | lr 3.62e-06
step   3951 | train_loss 2.0776 | lr 3.62e-06
step   3952 | train_loss 1.6295 | lr 3.61e-06
step   3953 | train_loss 1.6815 | lr 3.61e-06
step   3954 | train_loss 1.8697 | lr 3.61e-06
step   3955 | train_loss 1.9620 | lr 3.60e-06
step   3956 | train_loss 1.7157 | lr 3.60e-06
step   3957 | train_loss 1.8307 | lr 3.60e-06
step   3958 | train_loss 1.9242 | lr 3.59e-06
step   3959 | train_loss 1.9054 | lr 3.59e-06
step   3960 | train_loss 1.6930 | lr 3.59e-06
step   3961 | train_loss 1.7285 | lr 3.58e-06
step   3962 | train_loss 1.8922 | lr 3.58e-06
step   3963 | train_loss 2.1879 | lr 3.58e-06
step   3964 | train_loss 2.0130 | lr 3.57e-06
step   3965 | train_loss 1.8185 | lr 3.57e-06
step   3966 | train_loss 1.8294 | lr 3.57e-06
step   3967 | train_loss 1.8357 | lr 3.56e-06
step   3968 | train_loss 1.9443 | lr 3.56e-06
step   3969 | train_loss 1.8818 | lr 3.56e-06
step   3970 | train_loss 1.7784 | lr 3.55e-06
step   3971 | train_loss 1.7307 | lr 3.55e-06
step   3972 | train_loss 1.7556 | lr 3.55e-06
step   3973 | train_loss 1.8863 | lr 3.54e-06
step   3974 | train_loss 1.7200 | lr 3.54e-06
step   3975 | train_loss 1.7738 | lr 3.54e-06
step   3976 | train_loss 1.9105 | lr 3.53e-06
step   3977 | train_loss 1.8118 | lr 3.53e-06
step   3978 | train_loss 1.9496 | lr 3.53e-06
step   3979 | train_loss 1.9273 | lr 3.52e-06
step   3980 | train_loss 1.7938 | lr 3.52e-06
step   3981 | train_loss 1.7289 | lr 3.52e-06
step   3982 | train_loss 1.7368 | lr 3.51e-06
step   3983 | train_loss 1.6793 | lr 3.51e-06
step   3984 | train_loss 1.9256 | lr 3.51e-06
step   3985 | train_loss 1.8339 | lr 3.50e-06
step   3986 | train_loss 1.7988 | lr 3.50e-06
step   3987 | train_loss 1.5657 | lr 3.50e-06
step   3988 | train_loss 1.8994 | lr 3.49e-06
step   3989 | train_loss 1.8759 | lr 3.49e-06
step   3990 | train_loss 1.7397 | lr 3.49e-06
step   3991 | train_loss 1.8270 | lr 3.48e-06
step   3992 | train_loss 1.7280 | lr 3.48e-06
step   3993 | train_loss 1.9022 | lr 3.48e-06
step   3994 | train_loss 1.9449 | lr 3.47e-06
step   3995 | train_loss 1.6572 | lr 3.47e-06
step   3996 | train_loss 1.7849 | lr 3.47e-06
step   3997 | train_loss 1.7152 | lr 3.46e-06
step   3998 | train_loss 1.9187 | lr 3.46e-06
step   3999 | train_loss 1.7440 | lr 3.46e-06
step   4000 | train_loss 1.8935 | lr 3.45e-06
step   4000 | val_loss 2.0984 | val_ppl 8.15
Saved checkpoint to checkpoints/sft_alpaca/step_4000.pt
step   4001 | train_loss 1.7974 | lr 3.45e-06
step   4002 | train_loss 1.9891 | lr 3.45e-06
step   4003 | train_loss 2.0018 | lr 3.44e-06
step   4004 | train_loss 1.7369 | lr 3.44e-06
step   4005 | train_loss 1.8008 | lr 3.44e-06
step   4006 | train_loss 2.0147 | lr 3.43e-06
step   4007 | train_loss 1.8295 | lr 3.43e-06
step   4008 | train_loss 1.9254 | lr 3.43e-06
step   4009 | train_loss 1.8552 | lr 3.42e-06
step   4010 | train_loss 1.9366 | lr 3.42e-06
step   4011 | train_loss 2.0506 | lr 3.42e-06
step   4012 | train_loss 1.7125 | lr 3.42e-06
step   4013 | train_loss 1.6998 | lr 3.41e-06
step   4014 | train_loss 1.7286 | lr 3.41e-06
step   4015 | train_loss 1.9968 | lr 3.41e-06
step   4016 | train_loss 1.8877 | lr 3.40e-06
step   4017 | train_loss 1.8985 | lr 3.40e-06
step   4018 | train_loss 1.6015 | lr 3.40e-06
step   4019 | train_loss 1.8695 | lr 3.39e-06
step   4020 | train_loss 1.7309 | lr 3.39e-06
step   4021 | train_loss 2.1569 | lr 3.39e-06
step   4022 | train_loss 1.9314 | lr 3.38e-06
step   4023 | train_loss 1.8088 | lr 3.38e-06
step   4024 | train_loss 1.9315 | lr 3.38e-06
step   4025 | train_loss 1.6659 | lr 3.37e-06
step   4026 | train_loss 1.9413 | lr 3.37e-06
step   4027 | train_loss 1.7687 | lr 3.37e-06
step   4028 | train_loss 1.9076 | lr 3.36e-06
step   4029 | train_loss 1.9211 | lr 3.36e-06
step   4030 | train_loss 1.8596 | lr 3.36e-06
step   4031 | train_loss 1.7683 | lr 3.36e-06
step   4032 | train_loss 1.9471 | lr 3.35e-06
step   4033 | train_loss 2.0251 | lr 3.35e-06
step   4034 | train_loss 1.9057 | lr 3.35e-06
step   4035 | train_loss 1.9647 | lr 3.34e-06
step   4036 | train_loss 1.7391 | lr 3.34e-06
step   4037 | train_loss 1.7717 | lr 3.34e-06
step   4038 | train_loss 1.9160 | lr 3.33e-06
step   4039 | train_loss 1.7731 | lr 3.33e-06
step   4040 | train_loss 1.9880 | lr 3.33e-06
step   4041 | train_loss 1.9410 | lr 3.32e-06
step   4042 | train_loss 1.8899 | lr 3.32e-06
step   4043 | train_loss 1.9981 | lr 3.32e-06
step   4044 | train_loss 1.8803 | lr 3.32e-06
step   4045 | train_loss 1.8922 | lr 3.31e-06
step   4046 | train_loss 2.0112 | lr 3.31e-06
step   4047 | train_loss 1.7217 | lr 3.31e-06
step   4048 | train_loss 1.9143 | lr 3.30e-06
step   4049 | train_loss 1.8388 | lr 3.30e-06
step   4050 | train_loss 2.0118 | lr 3.30e-06
step   4051 | train_loss 2.0202 | lr 3.29e-06
step   4052 | train_loss 1.9507 | lr 3.29e-06
step   4053 | train_loss 1.7041 | lr 3.29e-06
step   4054 | train_loss 1.7739 | lr 3.28e-06
step   4055 | train_loss 1.7957 | lr 3.28e-06
step   4056 | train_loss 1.8367 | lr 3.28e-06
step   4057 | train_loss 1.9168 | lr 3.28e-06
step   4058 | train_loss 2.0389 | lr 3.27e-06
step   4059 | train_loss 1.7075 | lr 3.27e-06
step   4060 | train_loss 1.9917 | lr 3.27e-06
step   4061 | train_loss 1.7685 | lr 3.26e-06
step   4062 | train_loss 1.7521 | lr 3.26e-06
step   4063 | train_loss 1.7213 | lr 3.26e-06
step   4064 | train_loss 1.8548 | lr 3.25e-06
step   4065 | train_loss 1.9859 | lr 3.25e-06
step   4066 | train_loss 1.9239 | lr 3.25e-06
step   4067 | train_loss 1.8652 | lr 3.25e-06
step   4068 | train_loss 1.7257 | lr 3.24e-06
step   4069 | train_loss 1.9207 | lr 3.24e-06
step   4070 | train_loss 1.8607 | lr 3.24e-06
step   4071 | train_loss 1.9595 | lr 3.23e-06
step   4072 | train_loss 1.6177 | lr 3.23e-06
step   4073 | train_loss 1.6702 | lr 3.23e-06
step   4074 | train_loss 1.8446 | lr 3.22e-06
step   4075 | train_loss 1.8764 | lr 3.22e-06
step   4076 | train_loss 1.8634 | lr 3.22e-06
step   4077 | train_loss 1.7826 | lr 3.22e-06
step   4078 | train_loss 1.8254 | lr 3.21e-06
step   4079 | train_loss 1.8548 | lr 3.21e-06
step   4080 | train_loss 2.0735 | lr 3.21e-06
step   4081 | train_loss 1.7782 | lr 3.20e-06
step   4082 | train_loss 1.8217 | lr 3.20e-06
step   4083 | train_loss 1.8470 | lr 3.20e-06
step   4084 | train_loss 1.9920 | lr 3.19e-06
step   4085 | train_loss 1.7482 | lr 3.19e-06
step   4086 | train_loss 1.8665 | lr 3.19e-06
step   4087 | train_loss 1.9283 | lr 3.19e-06
step   4088 | train_loss 1.9028 | lr 3.18e-06
step   4089 | train_loss 1.5950 | lr 3.18e-06
step   4090 | train_loss 1.8500 | lr 3.18e-06
step   4091 | train_loss 1.6247 | lr 3.17e-06
step   4092 | train_loss 2.0048 | lr 3.17e-06
step   4093 | train_loss 1.8904 | lr 3.17e-06
step   4094 | train_loss 1.9526 | lr 3.17e-06
step   4095 | train_loss 1.8995 | lr 3.16e-06
step   4096 | train_loss 2.1058 | lr 3.16e-06
step   4097 | train_loss 1.8928 | lr 3.16e-06
step   4098 | train_loss 1.9827 | lr 3.15e-06
step   4099 | train_loss 1.6533 | lr 3.15e-06
step   4100 | train_loss 1.7800 | lr 3.15e-06
step   4101 | train_loss 1.6692 | lr 3.14e-06
step   4102 | train_loss 1.8933 | lr 3.14e-06
step   4103 | train_loss 1.8338 | lr 3.14e-06
step   4104 | train_loss 1.8866 | lr 3.14e-06
step   4105 | train_loss 1.8111 | lr 3.13e-06
step   4106 | train_loss 1.9753 | lr 3.13e-06
step   4107 | train_loss 1.8157 | lr 3.13e-06
step   4108 | train_loss 1.7535 | lr 3.12e-06
step   4109 | train_loss 1.7898 | lr 3.12e-06
step   4110 | train_loss 1.8104 | lr 3.12e-06
step   4111 | train_loss 1.9158 | lr 3.12e-06
step   4112 | train_loss 1.9910 | lr 3.11e-06
step   4113 | train_loss 1.7883 | lr 3.11e-06
step   4114 | train_loss 1.7696 | lr 3.11e-06
step   4115 | train_loss 1.7762 | lr 3.10e-06
step   4116 | train_loss 1.8300 | lr 3.10e-06
step   4117 | train_loss 2.0968 | lr 3.10e-06
step   4118 | train_loss 1.9458 | lr 3.10e-06
step   4119 | train_loss 1.9867 | lr 3.09e-06
step   4120 | train_loss 1.9064 | lr 3.09e-06
step   4121 | train_loss 1.6042 | lr 3.09e-06
step   4122 | train_loss 1.7825 | lr 3.08e-06
step   4123 | train_loss 1.6817 | lr 3.08e-06
step   4124 | train_loss 1.9826 | lr 3.08e-06
step   4125 | train_loss 2.0607 | lr 3.08e-06
step   4126 | train_loss 1.8027 | lr 3.07e-06
step   4127 | train_loss 1.7756 | lr 3.07e-06
step   4128 | train_loss 2.0003 | lr 3.07e-06
step   4129 | train_loss 1.7752 | lr 3.07e-06
step   4130 | train_loss 1.7909 | lr 3.06e-06
step   4131 | train_loss 2.0472 | lr 3.06e-06
step   4132 | train_loss 1.9169 | lr 3.06e-06
step   4133 | train_loss 1.9193 | lr 3.05e-06
step   4134 | train_loss 1.8925 | lr 3.05e-06
step   4135 | train_loss 1.8825 | lr 3.05e-06
step   4136 | train_loss 1.6768 | lr 3.05e-06
step   4137 | train_loss 1.9804 | lr 3.04e-06
step   4138 | train_loss 1.7996 | lr 3.04e-06
step   4139 | train_loss 1.7517 | lr 3.04e-06
step   4140 | train_loss 2.0201 | lr 3.03e-06
step   4141 | train_loss 2.0055 | lr 3.03e-06
step   4142 | train_loss 1.7871 | lr 3.03e-06
step   4143 | train_loss 1.7792 | lr 3.03e-06
step   4144 | train_loss 1.8801 | lr 3.02e-06
step   4145 | train_loss 1.5266 | lr 3.02e-06
step   4146 | train_loss 1.7124 | lr 3.02e-06
step   4147 | train_loss 1.7702 | lr 3.02e-06
step   4148 | train_loss 1.8086 | lr 3.01e-06
step   4149 | train_loss 1.8132 | lr 3.01e-06
step   4150 | train_loss 1.8342 | lr 3.01e-06
step   4151 | train_loss 1.8596 | lr 3.00e-06
step   4152 | train_loss 1.8691 | lr 3.00e-06
step   4153 | train_loss 1.9000 | lr 3.00e-06
step   4154 | train_loss 1.5568 | lr 3.00e-06
step   4155 | train_loss 1.8128 | lr 2.99e-06
step   4156 | train_loss 1.9288 | lr 2.99e-06
step   4157 | train_loss 1.8205 | lr 2.99e-06
step   4158 | train_loss 1.9537 | lr 2.99e-06
step   4159 | train_loss 1.8217 | lr 2.98e-06
step   4160 | train_loss 1.7375 | lr 2.98e-06
step   4161 | train_loss 1.7876 | lr 2.98e-06
step   4162 | train_loss 1.8865 | lr 2.97e-06
step   4163 | train_loss 1.8309 | lr 2.97e-06
step   4164 | train_loss 1.5800 | lr 2.97e-06
step   4165 | train_loss 1.9256 | lr 2.97e-06
step   4166 | train_loss 1.9932 | lr 2.96e-06
step   4167 | train_loss 1.8704 | lr 2.96e-06
step   4168 | train_loss 1.6157 | lr 2.96e-06
step   4169 | train_loss 1.8369 | lr 2.96e-06
step   4170 | train_loss 1.8074 | lr 2.95e-06
step   4171 | train_loss 1.9086 | lr 2.95e-06
step   4172 | train_loss 1.8603 | lr 2.95e-06
step   4173 | train_loss 2.0354 | lr 2.95e-06
step   4174 | train_loss 1.9859 | lr 2.94e-06
step   4175 | train_loss 1.8779 | lr 2.94e-06
step   4176 | train_loss 1.9548 | lr 2.94e-06
step   4177 | train_loss 1.8381 | lr 2.94e-06
step   4178 | train_loss 1.7985 | lr 2.93e-06
step   4179 | train_loss 2.0024 | lr 2.93e-06
step   4180 | train_loss 1.8643 | lr 2.93e-06
step   4181 | train_loss 1.8409 | lr 2.92e-06
step   4182 | train_loss 1.8773 | lr 2.92e-06
step   4183 | train_loss 1.6502 | lr 2.92e-06
step   4184 | train_loss 1.7808 | lr 2.92e-06
step   4185 | train_loss 2.0108 | lr 2.91e-06
step   4186 | train_loss 1.5825 | lr 2.91e-06
step   4187 | train_loss 1.8579 | lr 2.91e-06
step   4188 | train_loss 1.8866 | lr 2.91e-06
step   4189 | train_loss 2.0186 | lr 2.90e-06
step   4190 | train_loss 1.9179 | lr 2.90e-06
step   4191 | train_loss 1.9339 | lr 2.90e-06
step   4192 | train_loss 1.8720 | lr 2.90e-06
step   4193 | train_loss 1.7331 | lr 2.89e-06
step   4194 | train_loss 1.9717 | lr 2.89e-06
step   4195 | train_loss 1.7244 | lr 2.89e-06
step   4196 | train_loss 1.9673 | lr 2.89e-06
step   4197 | train_loss 1.8128 | lr 2.88e-06
step   4198 | train_loss 1.7398 | lr 2.88e-06
step   4199 | train_loss 1.8401 | lr 2.88e-06
step   4200 | train_loss 2.1006 | lr 2.88e-06
step   4201 | train_loss 1.8721 | lr 2.87e-06
step   4202 | train_loss 1.8158 | lr 2.87e-06
step   4203 | train_loss 1.9133 | lr 2.87e-06
step   4204 | train_loss 1.9546 | lr 2.87e-06
step   4205 | train_loss 1.8308 | lr 2.86e-06
step   4206 | train_loss 1.9497 | lr 2.86e-06
step   4207 | train_loss 1.8092 | lr 2.86e-06
step   4208 | train_loss 1.9575 | lr 2.86e-06
step   4209 | train_loss 1.7977 | lr 2.85e-06
step   4210 | train_loss 2.1013 | lr 2.85e-06
step   4211 | train_loss 1.9148 | lr 2.85e-06
step   4212 | train_loss 1.7640 | lr 2.85e-06
step   4213 | train_loss 1.9664 | lr 2.84e-06
step   4214 | train_loss 1.8902 | lr 2.84e-06
step   4215 | train_loss 1.7722 | lr 2.84e-06
step   4216 | train_loss 1.9840 | lr 2.84e-06
step   4217 | train_loss 1.8734 | lr 2.83e-06
step   4218 | train_loss 2.0079 | lr 2.83e-06
step   4219 | train_loss 1.9850 | lr 2.83e-06
step   4220 | train_loss 1.6375 | lr 2.83e-06
step   4221 | train_loss 1.8535 | lr 2.82e-06
step   4222 | train_loss 2.0229 | lr 2.82e-06
step   4223 | train_loss 1.7225 | lr 2.82e-06
step   4224 | train_loss 1.9717 | lr 2.82e-06
step   4225 | train_loss 1.9044 | lr 2.81e-06
step   4226 | train_loss 1.8443 | lr 2.81e-06
step   4227 | train_loss 1.6357 | lr 2.81e-06
step   4228 | train_loss 2.1069 | lr 2.81e-06
step   4229 | train_loss 1.7700 | lr 2.80e-06
step   4230 | train_loss 1.7103 | lr 2.80e-06
step   4231 | train_loss 1.8869 | lr 2.80e-06
step   4232 | train_loss 1.7766 | lr 2.80e-06
step   4233 | train_loss 1.9445 | lr 2.79e-06
step   4234 | train_loss 1.9228 | lr 2.79e-06
step   4235 | train_loss 2.0930 | lr 2.79e-06
step   4236 | train_loss 1.9699 | lr 2.79e-06
step   4237 | train_loss 1.8759 | lr 2.78e-06
step   4238 | train_loss 1.9793 | lr 2.78e-06
step   4239 | train_loss 1.9722 | lr 2.78e-06
step   4240 | train_loss 1.7324 | lr 2.78e-06
step   4241 | train_loss 1.7288 | lr 2.77e-06
step   4242 | train_loss 1.7055 | lr 2.77e-06
step   4243 | train_loss 1.8511 | lr 2.77e-06
step   4244 | train_loss 2.1587 | lr 2.77e-06
step   4245 | train_loss 1.8219 | lr 2.76e-06
step   4246 | train_loss 2.0224 | lr 2.76e-06
step   4247 | train_loss 1.9143 | lr 2.76e-06
step   4248 | train_loss 1.7793 | lr 2.76e-06
step   4249 | train_loss 1.7713 | lr 2.75e-06
step   4250 | train_loss 1.8557 | lr 2.75e-06
step   4250 | val_loss 2.0980 | val_ppl 8.15
step   4251 | train_loss 1.7886 | lr 2.75e-06
step   4252 | train_loss 1.8331 | lr 2.75e-06
step   4253 | train_loss 1.6101 | lr 2.75e-06
step   4254 | train_loss 2.0955 | lr 2.74e-06
step   4255 | train_loss 1.6708 | lr 2.74e-06
step   4256 | train_loss 1.8275 | lr 2.74e-06
step   4257 | train_loss 2.0320 | lr 2.74e-06
step   4258 | train_loss 1.8986 | lr 2.73e-06
step   4259 | train_loss 1.9724 | lr 2.73e-06
step   4260 | train_loss 1.8184 | lr 2.73e-06
step   4261 | train_loss 2.0734 | lr 2.73e-06
step   4262 | train_loss 1.7837 | lr 2.72e-06
step   4263 | train_loss 1.9006 | lr 2.72e-06
step   4264 | train_loss 1.9764 | lr 2.72e-06
step   4265 | train_loss 1.9847 | lr 2.72e-06
step   4266 | train_loss 1.7365 | lr 2.72e-06
step   4267 | train_loss 2.1453 | lr 2.71e-06
step   4268 | train_loss 1.8506 | lr 2.71e-06
step   4269 | train_loss 1.7879 | lr 2.71e-06
step   4270 | train_loss 1.8434 | lr 2.71e-06
step   4271 | train_loss 1.7167 | lr 2.70e-06
step   4272 | train_loss 1.7416 | lr 2.70e-06
step   4273 | train_loss 1.8108 | lr 2.70e-06
step   4274 | train_loss 1.7436 | lr 2.70e-06
step   4275 | train_loss 1.9137 | lr 2.69e-06
step   4276 | train_loss 1.9275 | lr 2.69e-06
step   4277 | train_loss 1.9386 | lr 2.69e-06
step   4278 | train_loss 1.7679 | lr 2.69e-06
step   4279 | train_loss 1.8575 | lr 2.69e-06
step   4280 | train_loss 2.0705 | lr 2.68e-06
step   4281 | train_loss 1.8406 | lr 2.68e-06
step   4282 | train_loss 1.6594 | lr 2.68e-06
step   4283 | train_loss 1.7179 | lr 2.68e-06
step   4284 | train_loss 1.8075 | lr 2.67e-06
step   4285 | train_loss 1.8866 | lr 2.67e-06
step   4286 | train_loss 1.8846 | lr 2.67e-06
step   4287 | train_loss 1.7183 | lr 2.67e-06
step   4288 | train_loss 2.1543 | lr 2.67e-06
step   4289 | train_loss 1.8606 | lr 2.66e-06
step   4290 | train_loss 2.0044 | lr 2.66e-06
step   4291 | train_loss 2.1547 | lr 2.66e-06
step   4292 | train_loss 1.9406 | lr 2.66e-06
step   4293 | train_loss 1.9174 | lr 2.65e-06
step   4294 | train_loss 1.9389 | lr 2.65e-06
step   4295 | train_loss 1.9343 | lr 2.65e-06
step   4296 | train_loss 1.7085 | lr 2.65e-06
step   4297 | train_loss 1.8462 | lr 2.65e-06
step   4298 | train_loss 2.1220 | lr 2.64e-06
step   4299 | train_loss 2.0387 | lr 2.64e-06
step   4300 | train_loss 1.6258 | lr 2.64e-06
step   4301 | train_loss 1.8979 | lr 2.64e-06
step   4302 | train_loss 1.7920 | lr 2.63e-06
step   4303 | train_loss 1.9699 | lr 2.63e-06
step   4304 | train_loss 1.9017 | lr 2.63e-06
step   4305 | train_loss 2.0065 | lr 2.63e-06
step   4306 | train_loss 1.9000 | lr 2.63e-06
step   4307 | train_loss 1.7434 | lr 2.62e-06
step   4308 | train_loss 1.7368 | lr 2.62e-06
step   4309 | train_loss 1.8904 | lr 2.62e-06
step   4310 | train_loss 1.6880 | lr 2.62e-06
step   4311 | train_loss 1.7948 | lr 2.61e-06
step   4312 | train_loss 1.7218 | lr 2.61e-06
step   4313 | train_loss 1.8433 | lr 2.61e-06
step   4314 | train_loss 1.7857 | lr 2.61e-06
step   4315 | train_loss 1.8771 | lr 2.61e-06
step   4316 | train_loss 1.8657 | lr 2.60e-06
step   4317 | train_loss 1.8200 | lr 2.60e-06
step   4318 | train_loss 1.6970 | lr 2.60e-06
step   4319 | train_loss 1.8140 | lr 2.60e-06
step   4320 | train_loss 1.6853 | lr 2.60e-06
step   4321 | train_loss 1.9841 | lr 2.59e-06
step   4322 | train_loss 1.8440 | lr 2.59e-06
step   4323 | train_loss 1.9193 | lr 2.59e-06
step   4324 | train_loss 2.0034 | lr 2.59e-06
step   4325 | train_loss 1.8022 | lr 2.58e-06
step   4326 | train_loss 1.6925 | lr 2.58e-06
step   4327 | train_loss 1.7937 | lr 2.58e-06
step   4328 | train_loss 1.9415 | lr 2.58e-06
step   4329 | train_loss 1.8163 | lr 2.58e-06
step   4330 | train_loss 1.9095 | lr 2.57e-06
step   4331 | train_loss 1.8714 | lr 2.57e-06
step   4332 | train_loss 1.9900 | lr 2.57e-06
step   4333 | train_loss 1.8011 | lr 2.57e-06
step   4334 | train_loss 1.8534 | lr 2.57e-06
step   4335 | train_loss 2.0282 | lr 2.56e-06
step   4336 | train_loss 1.8487 | lr 2.56e-06
step   4337 | train_loss 1.5566 | lr 2.56e-06
step   4338 | train_loss 2.0082 | lr 2.56e-06
step   4339 | train_loss 1.8824 | lr 2.56e-06
step   4340 | train_loss 1.8535 | lr 2.55e-06
step   4341 | train_loss 1.6536 | lr 2.55e-06
step   4342 | train_loss 1.8964 | lr 2.55e-06
step   4343 | train_loss 1.9801 | lr 2.55e-06
step   4344 | train_loss 1.8533 | lr 2.55e-06
step   4345 | train_loss 1.7666 | lr 2.54e-06
step   4346 | train_loss 1.8663 | lr 2.54e-06
step   4347 | train_loss 1.9539 | lr 2.54e-06
step   4348 | train_loss 1.7658 | lr 2.54e-06
step   4349 | train_loss 1.7903 | lr 2.54e-06
step   4350 | train_loss 1.8561 | lr 2.53e-06
step   4351 | train_loss 1.8598 | lr 2.53e-06
step   4352 | train_loss 1.8193 | lr 2.53e-06
step   4353 | train_loss 1.9371 | lr 2.53e-06
step   4354 | train_loss 1.7873 | lr 2.53e-06
step   4355 | train_loss 2.0336 | lr 2.52e-06
step   4356 | train_loss 1.7168 | lr 2.52e-06
step   4357 | train_loss 2.0102 | lr 2.52e-06
step   4358 | train_loss 1.9858 | lr 2.52e-06
step   4359 | train_loss 1.9442 | lr 2.52e-06
step   4360 | train_loss 1.6331 | lr 2.51e-06
step   4361 | train_loss 1.7165 | lr 2.51e-06
step   4362 | train_loss 1.8694 | lr 2.51e-06
step   4363 | train_loss 1.7683 | lr 2.51e-06
step   4364 | train_loss 2.0717 | lr 2.51e-06
step   4365 | train_loss 1.7843 | lr 2.50e-06
step   4366 | train_loss 1.6820 | lr 2.50e-06
step   4367 | train_loss 1.8019 | lr 2.50e-06
step   4368 | train_loss 2.0302 | lr 2.50e-06
step   4369 | train_loss 1.9302 | lr 2.50e-06
step   4370 | train_loss 1.6754 | lr 2.49e-06
step   4371 | train_loss 1.7485 | lr 2.49e-06
step   4372 | train_loss 1.9839 | lr 2.49e-06
step   4373 | train_loss 1.8596 | lr 2.49e-06
step   4374 | train_loss 1.6534 | lr 2.49e-06
step   4375 | train_loss 1.8991 | lr 2.48e-06
step   4376 | train_loss 1.9439 | lr 2.48e-06
step   4377 | train_loss 1.8751 | lr 2.48e-06
step   4378 | train_loss 1.8203 | lr 2.48e-06
step   4379 | train_loss 1.9617 | lr 2.48e-06
step   4380 | train_loss 1.8254 | lr 2.47e-06
step   4381 | train_loss 1.8521 | lr 2.47e-06
step   4382 | train_loss 1.8198 | lr 2.47e-06
step   4383 | train_loss 1.8475 | lr 2.47e-06
step   4384 | train_loss 1.7009 | lr 2.47e-06
step   4385 | train_loss 1.9733 | lr 2.47e-06
step   4386 | train_loss 1.8264 | lr 2.46e-06
step   4387 | train_loss 1.9256 | lr 2.46e-06
step   4388 | train_loss 1.8285 | lr 2.46e-06
step   4389 | train_loss 1.9282 | lr 2.46e-06
step   4390 | train_loss 2.1151 | lr 2.46e-06
step   4391 | train_loss 1.7112 | lr 2.45e-06
step   4392 | train_loss 1.7909 | lr 2.45e-06
step   4393 | train_loss 1.9387 | lr 2.45e-06
step   4394 | train_loss 1.7785 | lr 2.45e-06
step   4395 | train_loss 1.9582 | lr 2.45e-06
step   4396 | train_loss 1.8530 | lr 2.45e-06
step   4397 | train_loss 1.8304 | lr 2.44e-06
step   4398 | train_loss 1.8357 | lr 2.44e-06
step   4399 | train_loss 1.8681 | lr 2.44e-06
step   4400 | train_loss 1.9401 | lr 2.44e-06
step   4401 | train_loss 1.8613 | lr 2.44e-06
step   4402 | train_loss 1.8413 | lr 2.43e-06
step   4403 | train_loss 1.8571 | lr 2.43e-06
step   4404 | train_loss 1.6196 | lr 2.43e-06
step   4405 | train_loss 1.9109 | lr 2.43e-06
step   4406 | train_loss 1.9355 | lr 2.43e-06
step   4407 | train_loss 1.8761 | lr 2.43e-06
step   4408 | train_loss 1.9396 | lr 2.42e-06
step   4409 | train_loss 1.9107 | lr 2.42e-06
step   4410 | train_loss 1.8538 | lr 2.42e-06
step   4411 | train_loss 1.9381 | lr 2.42e-06
step   4412 | train_loss 2.1162 | lr 2.42e-06
step   4413 | train_loss 2.1844 | lr 2.41e-06
step   4414 | train_loss 2.0317 | lr 2.41e-06
step   4415 | train_loss 1.7536 | lr 2.41e-06
step   4416 | train_loss 1.9520 | lr 2.41e-06
step   4417 | train_loss 1.8144 | lr 2.41e-06
step   4418 | train_loss 1.9142 | lr 2.41e-06
step   4419 | train_loss 1.9640 | lr 2.40e-06
step   4420 | train_loss 2.0498 | lr 2.40e-06
step   4421 | train_loss 1.8198 | lr 2.40e-06
step   4422 | train_loss 1.9200 | lr 2.40e-06
step   4423 | train_loss 1.8929 | lr 2.40e-06
step   4424 | train_loss 2.0166 | lr 2.40e-06
step   4425 | train_loss 1.7891 | lr 2.39e-06
step   4426 | train_loss 1.9970 | lr 2.39e-06
step   4427 | train_loss 1.7781 | lr 2.39e-06
step   4428 | train_loss 2.0297 | lr 2.39e-06
step   4429 | train_loss 1.8824 | lr 2.39e-06
step   4430 | train_loss 1.8480 | lr 2.38e-06
step   4431 | train_loss 1.9555 | lr 2.38e-06
step   4432 | train_loss 1.8781 | lr 2.38e-06
step   4433 | train_loss 1.9166 | lr 2.38e-06
step   4434 | train_loss 2.0501 | lr 2.38e-06
step   4435 | train_loss 1.5905 | lr 2.38e-06
step   4436 | train_loss 1.7986 | lr 2.37e-06
step   4437 | train_loss 1.7841 | lr 2.37e-06
step   4438 | train_loss 1.6383 | lr 2.37e-06
step   4439 | train_loss 1.8757 | lr 2.37e-06
step   4440 | train_loss 1.8506 | lr 2.37e-06
step   4441 | train_loss 1.8685 | lr 2.37e-06
step   4442 | train_loss 2.2051 | lr 2.36e-06
step   4443 | train_loss 1.9514 | lr 2.36e-06
step   4444 | train_loss 2.0067 | lr 2.36e-06
step   4445 | train_loss 1.6569 | lr 2.36e-06
step   4446 | train_loss 1.6370 | lr 2.36e-06
step   4447 | train_loss 1.7186 | lr 2.36e-06
step   4448 | train_loss 1.7979 | lr 2.35e-06
step   4449 | train_loss 1.9094 | lr 2.35e-06
step   4450 | train_loss 1.9612 | lr 2.35e-06
step   4451 | train_loss 1.9070 | lr 2.35e-06
step   4452 | train_loss 1.8252 | lr 2.35e-06
step   4453 | train_loss 2.0129 | lr 2.35e-06
step   4454 | train_loss 1.7977 | lr 2.34e-06
step   4455 | train_loss 1.8825 | lr 2.34e-06
step   4456 | train_loss 1.8016 | lr 2.34e-06
step   4457 | train_loss 1.8287 | lr 2.34e-06
step   4458 | train_loss 1.8777 | lr 2.34e-06
step   4459 | train_loss 1.8332 | lr 2.34e-06
step   4460 | train_loss 2.0312 | lr 2.33e-06
step   4461 | train_loss 1.9712 | lr 2.33e-06
step   4462 | train_loss 1.8091 | lr 2.33e-06
step   4463 | train_loss 1.9348 | lr 2.33e-06
step   4464 | train_loss 2.0174 | lr 2.33e-06
step   4465 | train_loss 1.9346 | lr 2.33e-06
step   4466 | train_loss 1.9209 | lr 2.33e-06
step   4467 | train_loss 1.7986 | lr 2.32e-06
step   4468 | train_loss 1.9984 | lr 2.32e-06
step   4469 | train_loss 1.8862 | lr 2.32e-06
step   4470 | train_loss 2.2201 | lr 2.32e-06
step   4471 | train_loss 1.6844 | lr 2.32e-06
step   4472 | train_loss 1.8523 | lr 2.32e-06
step   4473 | train_loss 1.9603 | lr 2.31e-06
step   4474 | train_loss 1.8929 | lr 2.31e-06
step   4475 | train_loss 1.9381 | lr 2.31e-06
step   4476 | train_loss 1.7226 | lr 2.31e-06
step   4477 | train_loss 1.7601 | lr 2.31e-06
step   4478 | train_loss 1.7362 | lr 2.31e-06
step   4479 | train_loss 1.9461 | lr 2.31e-06
step   4480 | train_loss 1.7112 | lr 2.30e-06
step   4481 | train_loss 1.9373 | lr 2.30e-06
step   4482 | train_loss 1.7815 | lr 2.30e-06
step   4483 | train_loss 1.9872 | lr 2.30e-06
step   4484 | train_loss 1.7020 | lr 2.30e-06
step   4485 | train_loss 1.8673 | lr 2.30e-06
step   4486 | train_loss 1.9149 | lr 2.29e-06
step   4487 | train_loss 1.9872 | lr 2.29e-06
step   4488 | train_loss 1.8510 | lr 2.29e-06
step   4489 | train_loss 1.6896 | lr 2.29e-06
step   4490 | train_loss 1.6981 | lr 2.29e-06
step   4491 | train_loss 2.0142 | lr 2.29e-06
step   4492 | train_loss 1.9483 | lr 2.29e-06
step   4493 | train_loss 2.0921 | lr 2.28e-06
step   4494 | train_loss 1.9506 | lr 2.28e-06
step   4495 | train_loss 1.6094 | lr 2.28e-06
step   4496 | train_loss 1.8020 | lr 2.28e-06
step   4497 | train_loss 1.6792 | lr 2.28e-06
step   4498 | train_loss 1.7860 | lr 2.28e-06
step   4499 | train_loss 1.6465 | lr 2.28e-06
step   4500 | train_loss 1.8785 | lr 2.27e-06
step   4500 | val_loss 2.0973 | val_ppl 8.14
Saved checkpoint to checkpoints/sft_alpaca/step_4500.pt
step   4501 | train_loss 1.7706 | lr 2.27e-06
step   4502 | train_loss 1.7987 | lr 2.27e-06
step   4503 | train_loss 1.9039 | lr 2.27e-06
step   4504 | train_loss 2.0948 | lr 2.27e-06
step   4505 | train_loss 1.9264 | lr 2.27e-06
step   4506 | train_loss 1.8497 | lr 2.27e-06
step   4507 | train_loss 1.9789 | lr 2.26e-06
step   4508 | train_loss 1.8309 | lr 2.26e-06
step   4509 | train_loss 1.8489 | lr 2.26e-06
step   4510 | train_loss 1.8246 | lr 2.26e-06
step   4511 | train_loss 1.7412 | lr 2.26e-06
step   4512 | train_loss 1.9092 | lr 2.26e-06
step   4513 | train_loss 1.6820 | lr 2.26e-06
step   4514 | train_loss 1.9584 | lr 2.25e-06
step   4515 | train_loss 1.8325 | lr 2.25e-06
step   4516 | train_loss 1.6872 | lr 2.25e-06
step   4517 | train_loss 1.8866 | lr 2.25e-06
step   4518 | train_loss 1.8121 | lr 2.25e-06
step   4519 | train_loss 1.7578 | lr 2.25e-06
step   4520 | train_loss 1.7762 | lr 2.25e-06
step   4521 | train_loss 1.5872 | lr 2.24e-06
step   4522 | train_loss 1.5723 | lr 2.24e-06
step   4523 | train_loss 1.6813 | lr 2.24e-06
step   4524 | train_loss 1.8486 | lr 2.24e-06
step   4525 | train_loss 1.9371 | lr 2.24e-06
step   4526 | train_loss 1.7482 | lr 2.24e-06
step   4527 | train_loss 2.0208 | lr 2.24e-06
step   4528 | train_loss 1.5834 | lr 2.23e-06
step   4529 | train_loss 1.7884 | lr 2.23e-06
step   4530 | train_loss 1.9779 | lr 2.23e-06
step   4531 | train_loss 1.7052 | lr 2.23e-06
step   4532 | train_loss 1.8452 | lr 2.23e-06
step   4533 | train_loss 1.7463 | lr 2.23e-06
step   4534 | train_loss 2.0087 | lr 2.23e-06
step   4535 | train_loss 1.8625 | lr 2.23e-06
step   4536 | train_loss 1.8460 | lr 2.22e-06
step   4537 | train_loss 1.8718 | lr 2.22e-06
step   4538 | train_loss 1.7894 | lr 2.22e-06
step   4539 | train_loss 1.8495 | lr 2.22e-06
step   4540 | train_loss 1.7858 | lr 2.22e-06
step   4541 | train_loss 1.7110 | lr 2.22e-06
step   4542 | train_loss 1.9070 | lr 2.22e-06
step   4543 | train_loss 1.9235 | lr 2.22e-06
step   4544 | train_loss 1.6489 | lr 2.21e-06
step   4545 | train_loss 1.8675 | lr 2.21e-06
step   4546 | train_loss 1.9374 | lr 2.21e-06
step   4547 | train_loss 1.8062 | lr 2.21e-06
step   4548 | train_loss 1.7215 | lr 2.21e-06
step   4549 | train_loss 1.8935 | lr 2.21e-06
step   4550 | train_loss 1.8446 | lr 2.21e-06
step   4551 | train_loss 1.8207 | lr 2.20e-06
step   4552 | train_loss 1.7575 | lr 2.20e-06
step   4553 | train_loss 1.9104 | lr 2.20e-06
step   4554 | train_loss 1.8783 | lr 2.20e-06
step   4555 | train_loss 1.7045 | lr 2.20e-06
step   4556 | train_loss 1.7715 | lr 2.20e-06
step   4557 | train_loss 1.7648 | lr 2.20e-06
step   4558 | train_loss 1.8338 | lr 2.20e-06
step   4559 | train_loss 1.6407 | lr 2.20e-06
step   4560 | train_loss 1.8286 | lr 2.19e-06
step   4561 | train_loss 1.8941 | lr 2.19e-06
step   4562 | train_loss 1.7912 | lr 2.19e-06
step   4563 | train_loss 1.8851 | lr 2.19e-06
step   4564 | train_loss 1.8134 | lr 2.19e-06
step   4565 | train_loss 1.7981 | lr 2.19e-06
step   4566 | train_loss 1.8837 | lr 2.19e-06
step   4567 | train_loss 2.0444 | lr 2.19e-06
step   4568 | train_loss 1.8129 | lr 2.18e-06
step   4569 | train_loss 2.1317 | lr 2.18e-06
step   4570 | train_loss 1.8621 | lr 2.18e-06
step   4571 | train_loss 1.9887 | lr 2.18e-06
step   4572 | train_loss 1.8557 | lr 2.18e-06
step   4573 | train_loss 2.1321 | lr 2.18e-06
step   4574 | train_loss 1.8716 | lr 2.18e-06
step   4575 | train_loss 1.7024 | lr 2.18e-06
step   4576 | train_loss 1.7565 | lr 2.17e-06
step   4577 | train_loss 1.7682 | lr 2.17e-06
step   4578 | train_loss 1.8746 | lr 2.17e-06
step   4579 | train_loss 1.8384 | lr 2.17e-06
step   4580 | train_loss 1.8489 | lr 2.17e-06
step   4581 | train_loss 2.0264 | lr 2.17e-06
step   4582 | train_loss 1.8383 | lr 2.17e-06
step   4583 | train_loss 1.8319 | lr 2.17e-06
step   4584 | train_loss 2.0060 | lr 2.17e-06
step   4585 | train_loss 1.7949 | lr 2.16e-06
step   4586 | train_loss 1.9168 | lr 2.16e-06
step   4587 | train_loss 1.8256 | lr 2.16e-06
step   4588 | train_loss 2.0602 | lr 2.16e-06
step   4589 | train_loss 1.8850 | lr 2.16e-06
step   4590 | train_loss 2.0117 | lr 2.16e-06
step   4591 | train_loss 2.0190 | lr 2.16e-06
step   4592 | train_loss 1.9240 | lr 2.16e-06
step   4593 | train_loss 1.7587 | lr 2.16e-06
step   4594 | train_loss 2.0600 | lr 2.15e-06
step   4595 | train_loss 1.8233 | lr 2.15e-06
step   4596 | train_loss 1.8136 | lr 2.15e-06
step   4597 | train_loss 1.9593 | lr 2.15e-06
step   4598 | train_loss 1.8594 | lr 2.15e-06
step   4599 | train_loss 1.9489 | lr 2.15e-06
step   4600 | train_loss 2.0337 | lr 2.15e-06
step   4601 | train_loss 1.6985 | lr 2.15e-06
step   4602 | train_loss 1.7629 | lr 2.15e-06
step   4603 | train_loss 1.8463 | lr 2.14e-06
step   4604 | train_loss 1.8828 | lr 2.14e-06
step   4605 | train_loss 1.8056 | lr 2.14e-06
step   4606 | train_loss 2.0053 | lr 2.14e-06
step   4607 | train_loss 1.9262 | lr 2.14e-06
step   4608 | train_loss 1.7948 | lr 2.14e-06
step   4609 | train_loss 1.7981 | lr 2.14e-06
step   4610 | train_loss 1.7479 | lr 2.14e-06
step   4611 | train_loss 1.8706 | lr 2.14e-06
step   4612 | train_loss 2.0078 | lr 2.14e-06
step   4613 | train_loss 1.8204 | lr 2.13e-06
step   4614 | train_loss 1.7047 | lr 2.13e-06
step   4615 | train_loss 1.8244 | lr 2.13e-06
step   4616 | train_loss 1.7756 | lr 2.13e-06
step   4617 | train_loss 1.6504 | lr 2.13e-06
step   4618 | train_loss 1.7734 | lr 2.13e-06
step   4619 | train_loss 1.6626 | lr 2.13e-06
step   4620 | train_loss 1.8002 | lr 2.13e-06
step   4621 | train_loss 1.9367 | lr 2.13e-06
step   4622 | train_loss 1.7964 | lr 2.13e-06
step   4623 | train_loss 1.7457 | lr 2.12e-06
step   4624 | train_loss 1.9790 | lr 2.12e-06
step   4625 | train_loss 1.7856 | lr 2.12e-06
step   4626 | train_loss 1.6290 | lr 2.12e-06
step   4627 | train_loss 1.8237 | lr 2.12e-06
step   4628 | train_loss 1.9428 | lr 2.12e-06
step   4629 | train_loss 1.8915 | lr 2.12e-06
step   4630 | train_loss 1.7899 | lr 2.12e-06
step   4631 | train_loss 2.1335 | lr 2.12e-06
step   4632 | train_loss 2.0263 | lr 2.12e-06
step   4633 | train_loss 1.8956 | lr 2.11e-06
step   4634 | train_loss 1.9620 | lr 2.11e-06
step   4635 | train_loss 1.7266 | lr 2.11e-06
step   4636 | train_loss 2.0084 | lr 2.11e-06
step   4637 | train_loss 1.7809 | lr 2.11e-06
step   4638 | train_loss 1.7829 | lr 2.11e-06
step   4639 | train_loss 1.9292 | lr 2.11e-06
step   4640 | train_loss 1.7925 | lr 2.11e-06
step   4641 | train_loss 1.7821 | lr 2.11e-06
step   4642 | train_loss 1.7552 | lr 2.11e-06
step   4643 | train_loss 1.8349 | lr 2.11e-06
step   4644 | train_loss 1.8641 | lr 2.10e-06
step   4645 | train_loss 1.7293 | lr 2.10e-06
step   4646 | train_loss 1.8675 | lr 2.10e-06
step   4647 | train_loss 1.6907 | lr 2.10e-06
step   4648 | train_loss 1.6029 | lr 2.10e-06
step   4649 | train_loss 1.7141 | lr 2.10e-06
step   4650 | train_loss 1.9357 | lr 2.10e-06
step   4651 | train_loss 1.7672 | lr 2.10e-06
step   4652 | train_loss 1.6961 | lr 2.10e-06
step   4653 | train_loss 1.7878 | lr 2.10e-06
step   4654 | train_loss 1.7751 | lr 2.10e-06
step   4655 | train_loss 1.6990 | lr 2.09e-06
step   4656 | train_loss 1.8471 | lr 2.09e-06
step   4657 | train_loss 1.8838 | lr 2.09e-06
step   4658 | train_loss 1.8626 | lr 2.09e-06
step   4659 | train_loss 1.7884 | lr 2.09e-06
step   4660 | train_loss 1.9681 | lr 2.09e-06
step   4661 | train_loss 1.8625 | lr 2.09e-06
step   4662 | train_loss 1.6600 | lr 2.09e-06
step   4663 | train_loss 1.7442 | lr 2.09e-06
step   4664 | train_loss 1.7326 | lr 2.09e-06
step   4665 | train_loss 1.7122 | lr 2.09e-06
step   4666 | train_loss 1.7103 | lr 2.09e-06
step   4667 | train_loss 1.9137 | lr 2.08e-06
step   4668 | train_loss 1.9777 | lr 2.08e-06
step   4669 | train_loss 1.8324 | lr 2.08e-06
step   4670 | train_loss 1.9417 | lr 2.08e-06
step   4671 | train_loss 1.7097 | lr 2.08e-06
step   4672 | train_loss 1.8831 | lr 2.08e-06
step   4673 | train_loss 1.8236 | lr 2.08e-06
step   4674 | train_loss 1.8695 | lr 2.08e-06
step   4675 | train_loss 1.7059 | lr 2.08e-06
step   4676 | train_loss 1.9947 | lr 2.08e-06
step   4677 | train_loss 1.9191 | lr 2.08e-06
step   4678 | train_loss 1.7502 | lr 2.08e-06
step   4679 | train_loss 1.9797 | lr 2.08e-06
step   4680 | train_loss 1.8474 | lr 2.07e-06
step   4681 | train_loss 1.8231 | lr 2.07e-06
step   4682 | train_loss 1.8103 | lr 2.07e-06
step   4683 | train_loss 1.9428 | lr 2.07e-06
step   4684 | train_loss 1.9724 | lr 2.07e-06
step   4685 | train_loss 1.9644 | lr 2.07e-06
step   4686 | train_loss 2.0771 | lr 2.07e-06
step   4687 | train_loss 1.9129 | lr 2.07e-06
step   4688 | train_loss 1.8010 | lr 2.07e-06
step   4689 | train_loss 1.8436 | lr 2.07e-06
step   4690 | train_loss 1.7137 | lr 2.07e-06
step   4691 | train_loss 1.9563 | lr 2.07e-06
step   4692 | train_loss 1.8429 | lr 2.07e-06
step   4693 | train_loss 1.8945 | lr 2.07e-06
step   4694 | train_loss 1.8820 | lr 2.06e-06
step   4695 | train_loss 1.8784 | lr 2.06e-06
step   4696 | train_loss 2.1173 | lr 2.06e-06
step   4697 | train_loss 1.7686 | lr 2.06e-06
step   4698 | train_loss 1.7317 | lr 2.06e-06
step   4699 | train_loss 1.6281 | lr 2.06e-06
step   4700 | train_loss 1.7802 | lr 2.06e-06
step   4701 | train_loss 1.8048 | lr 2.06e-06
step   4702 | train_loss 1.6501 | lr 2.06e-06
step   4703 | train_loss 1.9708 | lr 2.06e-06
step   4704 | train_loss 1.8659 | lr 2.06e-06
step   4705 | train_loss 1.6690 | lr 2.06e-06
step   4706 | train_loss 1.8414 | lr 2.06e-06
step   4707 | train_loss 1.8080 | lr 2.06e-06
step   4708 | train_loss 1.9144 | lr 2.05e-06
step   4709 | train_loss 1.6608 | lr 2.05e-06
step   4710 | train_loss 2.0057 | lr 2.05e-06
step   4711 | train_loss 1.6778 | lr 2.05e-06
step   4712 | train_loss 1.9454 | lr 2.05e-06
step   4713 | train_loss 1.7543 | lr 2.05e-06
step   4714 | train_loss 1.7847 | lr 2.05e-06
step   4715 | train_loss 1.8387 | lr 2.05e-06
step   4716 | train_loss 1.9611 | lr 2.05e-06
step   4717 | train_loss 1.7311 | lr 2.05e-06
step   4718 | train_loss 1.8658 | lr 2.05e-06
step   4719 | train_loss 1.9011 | lr 2.05e-06
step   4720 | train_loss 2.0440 | lr 2.05e-06
step   4721 | train_loss 1.8511 | lr 2.05e-06
step   4722 | train_loss 1.9871 | lr 2.05e-06
step   4723 | train_loss 2.0010 | lr 2.05e-06
step   4724 | train_loss 1.6107 | lr 2.04e-06
step   4725 | train_loss 1.7280 | lr 2.04e-06
step   4726 | train_loss 1.9166 | lr 2.04e-06
step   4727 | train_loss 1.9958 | lr 2.04e-06
step   4728 | train_loss 1.6527 | lr 2.04e-06
step   4729 | train_loss 1.8709 | lr 2.04e-06
step   4730 | train_loss 1.7107 | lr 2.04e-06
step   4731 | train_loss 1.8422 | lr 2.04e-06
step   4732 | train_loss 1.7264 | lr 2.04e-06
step   4733 | train_loss 1.6783 | lr 2.04e-06
step   4734 | train_loss 1.7602 | lr 2.04e-06
step   4735 | train_loss 1.7930 | lr 2.04e-06
step   4736 | train_loss 1.8544 | lr 2.04e-06
step   4737 | train_loss 1.9314 | lr 2.04e-06
step   4738 | train_loss 1.9026 | lr 2.04e-06
step   4739 | train_loss 1.8285 | lr 2.04e-06
step   4740 | train_loss 2.1191 | lr 2.04e-06
step   4741 | train_loss 1.8078 | lr 2.04e-06
step   4742 | train_loss 1.8208 | lr 2.03e-06
step   4743 | train_loss 1.7557 | lr 2.03e-06
step   4744 | train_loss 1.6765 | lr 2.03e-06
step   4745 | train_loss 2.0586 | lr 2.03e-06
step   4746 | train_loss 1.8285 | lr 2.03e-06
step   4747 | train_loss 1.6979 | lr 2.03e-06
step   4748 | train_loss 1.8647 | lr 2.03e-06
step   4749 | train_loss 1.9997 | lr 2.03e-06
step   4750 | train_loss 1.7047 | lr 2.03e-06
step   4750 | val_loss 2.0975 | val_ppl 8.15
step   4751 | train_loss 1.7245 | lr 2.03e-06
step   4752 | train_loss 1.8279 | lr 2.03e-06
step   4753 | train_loss 1.7856 | lr 2.03e-06
step   4754 | train_loss 1.9777 | lr 2.03e-06
step   4755 | train_loss 1.9457 | lr 2.03e-06
step   4756 | train_loss 1.9425 | lr 2.03e-06
step   4757 | train_loss 1.7916 | lr 2.03e-06
step   4758 | train_loss 1.9290 | lr 2.03e-06
step   4759 | train_loss 1.9449 | lr 2.03e-06
step   4760 | train_loss 1.9024 | lr 2.03e-06
step   4761 | train_loss 1.8831 | lr 2.03e-06
step   4762 | train_loss 1.8248 | lr 2.03e-06
step   4763 | train_loss 1.7614 | lr 2.02e-06
step   4764 | train_loss 1.7806 | lr 2.02e-06
step   4765 | train_loss 1.7240 | lr 2.02e-06
step   4766 | train_loss 1.8020 | lr 2.02e-06
step   4767 | train_loss 1.8537 | lr 2.02e-06
step   4768 | train_loss 1.9087 | lr 2.02e-06
step   4769 | train_loss 1.8436 | lr 2.02e-06
step   4770 | train_loss 1.9256 | lr 2.02e-06
step   4771 | train_loss 1.7965 | lr 2.02e-06
step   4772 | train_loss 1.7093 | lr 2.02e-06
step   4773 | train_loss 1.8756 | lr 2.02e-06
step   4774 | train_loss 1.7138 | lr 2.02e-06
step   4775 | train_loss 1.7173 | lr 2.02e-06
step   4776 | train_loss 1.9429 | lr 2.02e-06
step   4777 | train_loss 1.6952 | lr 2.02e-06
step   4778 | train_loss 1.5828 | lr 2.02e-06
step   4779 | train_loss 1.6125 | lr 2.02e-06
step   4780 | train_loss 1.8962 | lr 2.02e-06
step   4781 | train_loss 1.9093 | lr 2.02e-06
step   4782 | train_loss 1.8175 | lr 2.02e-06
step   4783 | train_loss 1.7588 | lr 2.02e-06
step   4784 | train_loss 1.7675 | lr 2.02e-06
step   4785 | train_loss 1.8826 | lr 2.02e-06
step   4786 | train_loss 1.7066 | lr 2.02e-06
step   4787 | train_loss 1.8177 | lr 2.02e-06
step   4788 | train_loss 1.8628 | lr 2.02e-06
step   4789 | train_loss 1.8548 | lr 2.01e-06
step   4790 | train_loss 1.9640 | lr 2.01e-06
step   4791 | train_loss 1.6447 | lr 2.01e-06
step   4792 | train_loss 1.7233 | lr 2.01e-06
step   4793 | train_loss 1.8231 | lr 2.01e-06
step   4794 | train_loss 1.8999 | lr 2.01e-06
step   4795 | train_loss 1.7757 | lr 2.01e-06
step   4796 | train_loss 1.7471 | lr 2.01e-06
step   4797 | train_loss 1.8940 | lr 2.01e-06
step   4798 | train_loss 1.7082 | lr 2.01e-06
step   4799 | train_loss 1.7903 | lr 2.01e-06
step   4800 | train_loss 1.6782 | lr 2.01e-06
step   4801 | train_loss 1.7239 | lr 2.01e-06
step   4802 | train_loss 1.9117 | lr 2.01e-06
step   4803 | train_loss 1.7165 | lr 2.01e-06
step   4804 | train_loss 1.7776 | lr 2.01e-06
step   4805 | train_loss 1.9322 | lr 2.01e-06
step   4806 | train_loss 1.7190 | lr 2.01e-06
step   4807 | train_loss 1.9012 | lr 2.01e-06
step   4808 | train_loss 1.9985 | lr 2.01e-06
step   4809 | train_loss 1.6569 | lr 2.01e-06
step   4810 | train_loss 2.0081 | lr 2.01e-06
step   4811 | train_loss 1.7694 | lr 2.01e-06
step   4812 | train_loss 1.7806 | lr 2.01e-06
step   4813 | train_loss 2.0552 | lr 2.01e-06
step   4814 | train_loss 1.9600 | lr 2.01e-06
step   4815 | train_loss 1.8220 | lr 2.01e-06
step   4816 | train_loss 1.6023 | lr 2.01e-06
step   4817 | train_loss 1.8550 | lr 2.01e-06
step   4818 | train_loss 1.7492 | lr 2.01e-06
step   4819 | train_loss 1.7479 | lr 2.01e-06
step   4820 | train_loss 1.8085 | lr 2.01e-06
step   4821 | train_loss 2.0006 | lr 2.01e-06
step   4822 | train_loss 1.7481 | lr 2.01e-06
step   4823 | train_loss 1.6730 | lr 2.01e-06
step   4824 | train_loss 1.8246 | lr 2.01e-06
step   4825 | train_loss 1.9614 | lr 2.01e-06
step   4826 | train_loss 1.7579 | lr 2.00e-06
step   4827 | train_loss 1.8721 | lr 2.00e-06
step   4828 | train_loss 1.6822 | lr 2.00e-06
step   4829 | train_loss 1.8473 | lr 2.00e-06
step   4830 | train_loss 1.8433 | lr 2.00e-06
step   4831 | train_loss 1.6776 | lr 2.00e-06
step   4832 | train_loss 1.8661 | lr 2.00e-06
step   4833 | train_loss 1.9607 | lr 2.00e-06
step   4834 | train_loss 1.7043 | lr 2.00e-06
step   4835 | train_loss 2.0786 | lr 2.00e-06
step   4836 | train_loss 1.7697 | lr 2.00e-06
step   4837 | train_loss 1.8683 | lr 2.00e-06
step   4838 | train_loss 1.6747 | lr 2.00e-06
step   4839 | train_loss 1.7707 | lr 2.00e-06
step   4840 | train_loss 1.5659 | lr 2.00e-06
step   4841 | train_loss 1.8850 | lr 2.00e-06
step   4842 | train_loss 1.8980 | lr 2.00e-06
step   4843 | train_loss 1.9007 | lr 2.00e-06
step   4844 | train_loss 1.9702 | lr 2.00e-06
step   4845 | train_loss 1.7661 | lr 2.00e-06
step   4846 | train_loss 1.7274 | lr 2.00e-06
step   4847 | train_loss 1.6218 | lr 2.00e-06
step   4848 | train_loss 1.7053 | lr 2.00e-06
step   4849 | train_loss 1.6976 | lr 2.00e-06
step   4850 | train_loss 1.9607 | lr 2.00e-06
step   4851 | train_loss 1.8702 | lr 2.00e-06
step   4852 | train_loss 1.8494 | lr 2.00e-06
step   4853 | train_loss 1.8055 | lr 2.00e-06
step   4854 | train_loss 1.8707 | lr 2.00e-06
step   4855 | train_loss 1.6905 | lr 2.00e-06
step   4856 | train_loss 1.8176 | lr 2.00e-06
step   4857 | train_loss 1.5479 | lr 2.00e-06
step   4858 | train_loss 1.7349 | lr 2.00e-06
step   4859 | train_loss 1.9952 | lr 2.00e-06
step   4860 | train_loss 1.7084 | lr 2.00e-06
step   4861 | train_loss 1.9194 | lr 2.00e-06
step   4862 | train_loss 1.8333 | lr 2.00e-06
step   4863 | train_loss 2.0128 | lr 2.00e-06
step   4864 | train_loss 1.8201 | lr 2.00e-06
step   4865 | train_loss 1.8013 | lr 2.00e-06
step   4866 | train_loss 2.0088 | lr 2.00e-06
step   4867 | train_loss 1.8740 | lr 2.00e-06
step   4868 | train_loss 1.8108 | lr 2.00e-06
step   4869 | train_loss 1.7990 | lr 2.00e-06
step   4870 | train_loss 1.8868 | lr 2.00e-06
step   4871 | train_loss 1.8263 | lr 2.00e-06
step   4872 | train_loss 1.7282 | lr 2.00e-06
step   4873 | train_loss 1.7192 | lr 2.00e-06
step   4874 | train_loss 1.9967 | lr 2.00e-06
step   4875 | train_loss 1.7898 | lr 2.00e-06
step   4875 | val_loss 2.1008 | val_ppl 8.17
