[supervisor] 2026-08-17T22:26:45+05:30 waiting for data preparation to finish...
[supervisor] 2026-08-17T22:26:45+05:30 data ready: 5000186213 tokens
[supervisor] 2026-08-17T22:26:45+05:30 attempt 1: resuming from step 14000
[supervisor] launching on CUDA_VISIBLE_DEVICES=0 with nproc_per_node=1
Model vocab_size 50304 > tokenizer vocab_size 50259 (45 unused padding rows, kept for tensor-core alignment)
Data: 4,900,186,213 train tokens / 100,000,000 val tokens (9,570,651 windows at stride 512)
Model: medium (123,587,328 parameters)
Resumed from checkpoints/medium/step_14000.pt at step 14000
step  14001 | train_loss 3.2546 | lr 1.76e-04
step  14002 | train_loss 3.3012 | lr 1.75e-04
step  14003 | train_loss 3.2297 | lr 1.75e-04
step  14004 | train_loss 3.2525 | lr 1.75e-04
step  14005 | train_loss 3.2485 | lr 1.75e-04
step  14006 | train_loss 3.2158 | lr 1.75e-04
step  14007 | train_loss 3.2636 | lr 1.75e-04
step  14008 | train_loss 3.2529 | lr 1.75e-04
step  14009 | train_loss 3.2673 | lr 1.75e-04
step  14010 | train_loss 3.2691 | lr 1.75e-04
step  14011 | train_loss 3.2124 | lr 1.75e-04
step  14012 | train_loss 3.2560 | lr 1.75e-04
step  14013 | train_loss 3.2064 | lr 1.75e-04
step  14014 | train_loss 3.2504 | lr 1.75e-04
step  14015 | train_loss 3.2054 | lr 1.75e-04
step  14016 | train_loss 3.1893 | lr 1.75e-04
step  14017 | train_loss 3.2122 | lr 1.75e-04
step  14018 | train_loss 3.2132 | lr 1.75e-04
step  14019 | train_loss 3.2515 | lr 1.75e-04
step  14020 | train_loss 3.2506 | lr 1.75e-04
step  14021 | train_loss 3.2714 | lr 1.75e-04
step  14022 | train_loss 3.2312 | lr 1.75e-04
step  14023 | train_loss 3.1850 | lr 1.75e-04
step  14024 | train_loss 3.2184 | lr 1.75e-04
step  14025 | train_loss 3.2654 | lr 1.75e-04
step  14026 | train_loss 3.2215 | lr 1.75e-04
step  14027 | train_loss 3.2495 | lr 1.75e-04
step  14028 | train_loss 3.2306 | lr 1.75e-04
step  14029 | train_loss 3.2207 | lr 1.75e-04
step  14030 | train_loss 3.3120 | lr 1.75e-04
step  14031 | train_loss 3.2450 | lr 1.74e-04
step  14032 | train_loss 3.2277 | lr 1.74e-04
step  14033 | train_loss 3.2605 | lr 1.74e-04
step  14034 | train_loss 3.2343 | lr 1.74e-04
step  14035 | train_loss 3.2493 | lr 1.74e-04
step  14036 | train_loss 3.2406 | lr 1.74e-04
step  14037 | train_loss 3.2633 | lr 1.74e-04
step  14038 | train_loss 3.2259 | lr 1.74e-04
step  14039 | train_loss 3.2436 | lr 1.74e-04
step  14040 | train_loss 3.2190 | lr 1.74e-04
step  14041 | train_loss 3.3155 | lr 1.74e-04
step  14042 | train_loss 3.2280 | lr 1.74e-04
step  14043 | train_loss 3.2806 | lr 1.74e-04
step  14044 | train_loss 3.2814 | lr 1.74e-04
step  14045 | train_loss 3.2306 | lr 1.74e-04
step  14046 | train_loss 3.2651 | lr 1.74e-04
step  14047 | train_loss 3.2172 | lr 1.74e-04
step  14048 | train_loss 3.2199 | lr 1.74e-04
step  14049 | train_loss 3.2757 | lr 1.74e-04
step  14050 | train_loss 3.2322 | lr 1.74e-04
step  14051 | train_loss 3.2430 | lr 1.74e-04
step  14052 | train_loss 3.2163 | lr 1.74e-04
step  14053 | train_loss 3.2394 | lr 1.74e-04
step  14054 | train_loss 3.2492 | lr 1.74e-04
step  14055 | train_loss 3.2450 | lr 1.74e-04
step  14056 | train_loss 3.2501 | lr 1.74e-04
step  14057 | train_loss 3.2499 | lr 1.74e-04
step  14058 | train_loss 3.2880 | lr 1.74e-04
step  14059 | train_loss 3.2704 | lr 1.73e-04
step  14060 | train_loss 3.2468 | lr 1.73e-04
step  14061 | train_loss 3.2462 | lr 1.73e-04
step  14062 | train_loss 3.2660 | lr 1.73e-04
step  14063 | train_loss 3.2660 | lr 1.73e-04
step  14064 | train_loss 3.2760 | lr 1.73e-04
step  14065 | train_loss 3.2211 | lr 1.73e-04
step  14066 | train_loss 3.2609 | lr 1.73e-04
step  14067 | train_loss 3.2369 | lr 1.73e-04
step  14068 | train_loss 3.3148 | lr 1.73e-04
step  14069 | train_loss 3.2701 | lr 1.73e-04
step  14070 | train_loss 3.2351 | lr 1.73e-04
step  14071 | train_loss 3.2441 | lr 1.73e-04
step  14072 | train_loss 3.2659 | lr 1.73e-04
step  14073 | train_loss 3.2978 | lr 1.73e-04
step  14074 | train_loss 3.2591 | lr 1.73e-04
step  14075 | train_loss 3.2274 | lr 1.73e-04
step  14076 | train_loss 3.2297 | lr 1.73e-04
step  14077 | train_loss 3.2698 | lr 1.73e-04
step  14078 | train_loss 3.2339 | lr 1.73e-04
step  14079 | train_loss 3.2495 | lr 1.73e-04
step  14080 | train_loss 3.2694 | lr 1.73e-04
step  14081 | train_loss 3.2857 | lr 1.73e-04
step  14082 | train_loss 3.2374 | lr 1.73e-04
step  14083 | train_loss 3.2519 | lr 1.73e-04
step  14084 | train_loss 3.2662 | lr 1.73e-04
step  14085 | train_loss 3.2539 | lr 1.73e-04
step  14086 | train_loss 3.2471 | lr 1.73e-04
step  14087 | train_loss 3.2242 | lr 1.72e-04
step  14088 | train_loss 3.2395 | lr 1.72e-04
step  14089 | train_loss 3.2414 | lr 1.72e-04
step  14090 | train_loss 3.2441 | lr 1.72e-04
step  14091 | train_loss 3.2437 | lr 1.72e-04
step  14092 | train_loss 3.2691 | lr 1.72e-04
step  14093 | train_loss 3.2320 | lr 1.72e-04
step  14094 | train_loss 3.2528 | lr 1.72e-04
step  14095 | train_loss 3.2269 | lr 1.72e-04
step  14096 | train_loss 3.2322 | lr 1.72e-04
step  14097 | train_loss 3.2660 | lr 1.72e-04
step  14098 | train_loss 3.2335 | lr 1.72e-04
step  14099 | train_loss 3.2124 | lr 1.72e-04
step  14100 | train_loss 3.2371 | lr 1.72e-04
step  14101 | train_loss 3.2802 | lr 1.72e-04
step  14102 | train_loss 3.2304 | lr 1.72e-04
step  14103 | train_loss 3.2134 | lr 1.72e-04
step  14104 | train_loss 3.3004 | lr 1.72e-04
step  14105 | train_loss 3.2621 | lr 1.72e-04
step  14106 | train_loss 3.2574 | lr 1.72e-04
step  14107 | train_loss 3.2440 | lr 1.72e-04
step  14108 | train_loss 3.2804 | lr 1.72e-04
step  14109 | train_loss 3.2398 | lr 1.72e-04
step  14110 | train_loss 3.2562 | lr 1.72e-04
step  14111 | train_loss 3.2182 | lr 1.72e-04
step  14112 | train_loss 3.2314 | lr 1.72e-04
step  14113 | train_loss 3.2391 | lr 1.72e-04
step  14114 | train_loss 3.1811 | lr 1.72e-04
step  14115 | train_loss 3.2694 | lr 1.72e-04
step  14116 | train_loss 3.2518 | lr 1.71e-04
step  14117 | train_loss 3.2769 | lr 1.71e-04
step  14118 | train_loss 3.2593 | lr 1.71e-04
step  14119 | train_loss 3.2512 | lr 1.71e-04
step  14120 | train_loss 3.2529 | lr 1.71e-04
step  14121 | train_loss 3.2436 | lr 1.71e-04
step  14122 | train_loss 3.2260 | lr 1.71e-04
step  14123 | train_loss 3.2691 | lr 1.71e-04
step  14124 | train_loss 3.2367 | lr 1.71e-04
step  14125 | train_loss 3.2242 | lr 1.71e-04
step  14126 | train_loss 3.2466 | lr 1.71e-04
step  14127 | train_loss 3.2584 | lr 1.71e-04
step  14128 | train_loss 3.1937 | lr 1.71e-04
step  14129 | train_loss 3.2502 | lr 1.71e-04
step  14130 | train_loss 3.3028 | lr 1.71e-04
step  14131 | train_loss 3.2222 | lr 1.71e-04
step  14132 | train_loss 3.2706 | lr 1.71e-04
step  14133 | train_loss 3.2456 | lr 1.71e-04
step  14134 | train_loss 3.2279 | lr 1.71e-04
step  14135 | train_loss 3.2729 | lr 1.71e-04
step  14136 | train_loss 3.2606 | lr 1.71e-04
step  14137 | train_loss 3.2517 | lr 1.71e-04
step  14138 | train_loss 3.2989 | lr 1.71e-04
step  14139 | train_loss 3.2190 | lr 1.71e-04
step  14140 | train_loss 3.2672 | lr 1.71e-04
step  14141 | train_loss 3.2302 | lr 1.71e-04
step  14142 | train_loss 3.2153 | lr 1.71e-04
step  14143 | train_loss 3.2510 | lr 1.71e-04
step  14144 | train_loss 3.2299 | lr 1.70e-04
step  14145 | train_loss 3.2851 | lr 1.70e-04
step  14146 | train_loss 3.2485 | lr 1.70e-04
step  14147 | train_loss 3.2587 | lr 1.70e-04
step  14148 | train_loss 3.2949 | lr 1.70e-04
step  14149 | train_loss 3.2508 | lr 1.70e-04
step  14150 | train_loss 3.2682 | lr 1.70e-04
step  14151 | train_loss 3.2665 | lr 1.70e-04
step  14152 | train_loss 3.2504 | lr 1.70e-04
step  14153 | train_loss 3.2637 | lr 1.70e-04
step  14154 | train_loss 3.2318 | lr 1.70e-04
step  14155 | train_loss 3.2686 | lr 1.70e-04
step  14156 | train_loss 3.2605 | lr 1.70e-04
step  14157 | train_loss 3.2443 | lr 1.70e-04
step  14158 | train_loss 3.2522 | lr 1.70e-04
step  14159 | train_loss 3.2540 | lr 1.70e-04
step  14160 | train_loss 3.2860 | lr 1.70e-04
step  14161 | train_loss 3.2453 | lr 1.70e-04
step  14162 | train_loss 3.2743 | lr 1.70e-04
step  14163 | train_loss 3.2978 | lr 1.70e-04
step  14164 | train_loss 3.2331 | lr 1.70e-04
step  14165 | train_loss 3.2413 | lr 1.70e-04
step  14166 | train_loss 3.2256 | lr 1.70e-04
step  14167 | train_loss 3.2652 | lr 1.70e-04
step  14168 | train_loss 3.2627 | lr 1.70e-04
step  14169 | train_loss 3.2388 | lr 1.70e-04
step  14170 | train_loss 3.2188 | lr 1.70e-04
step  14171 | train_loss 3.2570 | lr 1.70e-04
step  14172 | train_loss 3.2548 | lr 1.70e-04
step  14173 | train_loss 3.2301 | lr 1.69e-04
step  14174 | train_loss 3.1934 | lr 1.69e-04
step  14175 | train_loss 3.2082 | lr 1.69e-04
step  14176 | train_loss 3.2526 | lr 1.69e-04
step  14177 | train_loss 3.2647 | lr 1.69e-04
step  14178 | train_loss 3.2418 | lr 1.69e-04
step  14179 | train_loss 3.2385 | lr 1.69e-04
step  14180 | train_loss 3.2707 | lr 1.69e-04
step  14181 | train_loss 3.2149 | lr 1.69e-04
step  14182 | train_loss 3.2816 | lr 1.69e-04
step  14183 | train_loss 3.2487 | lr 1.69e-04
step  14184 | train_loss 3.2860 | lr 1.69e-04
step  14185 | train_loss 3.2439 | lr 1.69e-04
step  14186 | train_loss 3.2619 | lr 1.69e-04
step  14187 | train_loss 3.2611 | lr 1.69e-04
step  14188 | train_loss 3.2209 | lr 1.69e-04
step  14189 | train_loss 3.2813 | lr 1.69e-04
step  14190 | train_loss 3.2350 | lr 1.69e-04
step  14191 | train_loss 3.2687 | lr 1.69e-04
step  14192 | train_loss 3.2404 | lr 1.69e-04
step  14193 | train_loss 3.3102 | lr 1.69e-04
step  14194 | train_loss 3.2484 | lr 1.69e-04
step  14195 | train_loss 3.2533 | lr 1.69e-04
step  14196 | train_loss 3.2496 | lr 1.69e-04
step  14197 | train_loss 3.2519 | lr 1.69e-04
step  14198 | train_loss 3.2689 | lr 1.69e-04
step  14199 | train_loss 3.2105 | lr 1.69e-04
step  14200 | train_loss 3.3075 | lr 1.69e-04
step  14201 | train_loss 3.2467 | lr 1.69e-04
step  14202 | train_loss 3.2594 | lr 1.68e-04
step  14203 | train_loss 3.2594 | lr 1.68e-04
step  14204 | train_loss 3.2617 | lr 1.68e-04
step  14205 | train_loss 3.2754 | lr 1.68e-04
step  14206 | train_loss 3.1852 | lr 1.68e-04
step  14207 | train_loss 3.2091 | lr 1.68e-04
step  14208 | train_loss 3.3101 | lr 1.68e-04
step  14209 | train_loss 3.2733 | lr 1.68e-04
step  14210 | train_loss 3.1960 | lr 1.68e-04
step  14211 | train_loss 3.2872 | lr 1.68e-04
step  14212 | train_loss 3.2161 | lr 1.68e-04
step  14213 | train_loss 3.2689 | lr 1.68e-04
step  14214 | train_loss 3.2801 | lr 1.68e-04
step  14215 | train_loss 3.2582 | lr 1.68e-04
step  14216 | train_loss 3.2903 | lr 1.68e-04
step  14217 | train_loss 3.2012 | lr 1.68e-04
step  14218 | train_loss 3.2182 | lr 1.68e-04
step  14219 | train_loss 3.2515 | lr 1.68e-04
step  14220 | train_loss 3.2016 | lr 1.68e-04
step  14221 | train_loss 3.2208 | lr 1.68e-04
step  14222 | train_loss 3.2273 | lr 1.68e-04
step  14223 | train_loss 3.2685 | lr 1.68e-04
step  14224 | train_loss 3.1787 | lr 1.68e-04
step  14225 | train_loss 3.2367 | lr 1.68e-04
step  14226 | train_loss 3.2480 | lr 1.68e-04
step  14227 | train_loss 3.2592 | lr 1.68e-04
step  14228 | train_loss 3.1741 | lr 1.68e-04
step  14229 | train_loss 3.2083 | lr 1.68e-04
step  14230 | train_loss 3.2285 | lr 1.68e-04
step  14231 | train_loss 3.2403 | lr 1.67e-04
step  14232 | train_loss 3.2469 | lr 1.67e-04
step  14233 | train_loss 3.2172 | lr 1.67e-04
step  14234 | train_loss 3.2293 | lr 1.67e-04
step  14235 | train_loss 3.2291 | lr 1.67e-04
step  14236 | train_loss 3.2497 | lr 1.67e-04
step  14237 | train_loss 3.2877 | lr 1.67e-04
step  14238 | train_loss 3.2500 | lr 1.67e-04
step  14239 | train_loss 3.2204 | lr 1.67e-04
step  14240 | train_loss 3.2156 | lr 1.67e-04
step  14241 | train_loss 3.2792 | lr 1.67e-04
step  14242 | train_loss 3.2325 | lr 1.67e-04
step  14243 | train_loss 3.2746 | lr 1.67e-04
step  14244 | train_loss 3.2247 | lr 1.67e-04
step  14245 | train_loss 3.2354 | lr 1.67e-04
step  14246 | train_loss 3.2436 | lr 1.67e-04
step  14247 | train_loss 3.1954 | lr 1.67e-04
step  14248 | train_loss 3.2470 | lr 1.67e-04
step  14249 | train_loss 3.2712 | lr 1.67e-04
step  14250 | train_loss 3.2283 | lr 1.67e-04
step  14251 | train_loss 3.2788 | lr 1.67e-04
step  14252 | train_loss 3.2953 | lr 1.67e-04
step  14253 | train_loss 3.2588 | lr 1.67e-04
step  14254 | train_loss 3.2314 | lr 1.67e-04
step  14255 | train_loss 3.2924 | lr 1.67e-04
step  14256 | train_loss 3.2557 | lr 1.67e-04
step  14257 | train_loss 3.2644 | lr 1.67e-04
step  14258 | train_loss 3.2714 | lr 1.67e-04
step  14259 | train_loss 3.2421 | lr 1.67e-04
step  14260 | train_loss 3.2721 | lr 1.66e-04
step  14261 | train_loss 3.2951 | lr 1.66e-04
step  14262 | train_loss 3.2112 | lr 1.66e-04
step  14263 | train_loss 3.2561 | lr 1.66e-04
step  14264 | train_loss 3.2874 | lr 1.66e-04
step  14265 | train_loss 3.2311 | lr 1.66e-04
step  14266 | train_loss 3.2045 | lr 1.66e-04
step  14267 | train_loss 3.1892 | lr 1.66e-04
step  14268 | train_loss 3.2155 | lr 1.66e-04
step  14269 | train_loss 3.2714 | lr 1.66e-04
step  14270 | train_loss 3.2553 | lr 1.66e-04
step  14271 | train_loss 3.2438 | lr 1.66e-04
step  14272 | train_loss 3.2461 | lr 1.66e-04
step  14273 | train_loss 3.2380 | lr 1.66e-04
step  14274 | train_loss 3.2241 | lr 1.66e-04
step  14275 | train_loss 3.2524 | lr 1.66e-04
step  14276 | train_loss 3.2597 | lr 1.66e-04
step  14277 | train_loss 3.2427 | lr 1.66e-04
step  14278 | train_loss 3.2474 | lr 1.66e-04
step  14279 | train_loss 3.2371 | lr 1.66e-04
step  14280 | train_loss 3.2537 | lr 1.66e-04
step  14281 | train_loss 3.2666 | lr 1.66e-04
step  14282 | train_loss 3.2284 | lr 1.66e-04
step  14283 | train_loss 3.2100 | lr 1.66e-04
step  14284 | train_loss 3.2525 | lr 1.66e-04
step  14285 | train_loss 3.2035 | lr 1.66e-04
step  14286 | train_loss 3.2627 | lr 1.66e-04
step  14287 | train_loss 3.2674 | lr 1.66e-04
step  14288 | train_loss 3.2340 | lr 1.66e-04
step  14289 | train_loss 3.2740 | lr 1.65e-04
step  14290 | train_loss 3.2104 | lr 1.65e-04
step  14291 | train_loss 3.2106 | lr 1.65e-04
step  14292 | train_loss 3.2306 | lr 1.65e-04
step  14293 | train_loss 3.2988 | lr 1.65e-04
step  14294 | train_loss 3.2573 | lr 1.65e-04
step  14295 | train_loss 3.2391 | lr 1.65e-04
step  14296 | train_loss 3.2438 | lr 1.65e-04
step  14297 | train_loss 3.2182 | lr 1.65e-04
step  14298 | train_loss 3.1907 | lr 1.65e-04
step  14299 | train_loss 3.2230 | lr 1.65e-04
step  14300 | train_loss 3.2225 | lr 1.65e-04
step  14301 | train_loss 3.2468 | lr 1.65e-04
step  14302 | train_loss 3.1808 | lr 1.65e-04
step  14303 | train_loss 3.2685 | lr 1.65e-04
step  14304 | train_loss 3.2888 | lr 1.65e-04
step  14305 | train_loss 3.1894 | lr 1.65e-04
step  14306 | train_loss 3.2732 | lr 1.65e-04
step  14307 | train_loss 3.2200 | lr 1.65e-04
step  14308 | train_loss 3.2393 | lr 1.65e-04
step  14309 | train_loss 3.2540 | lr 1.65e-04
step  14310 | train_loss 3.2557 | lr 1.65e-04
step  14311 | train_loss 3.2410 | lr 1.65e-04
step  14312 | train_loss 3.2753 | lr 1.65e-04
step  14313 | train_loss 3.2224 | lr 1.65e-04
step  14314 | train_loss 3.2481 | lr 1.65e-04
step  14315 | train_loss 3.1973 | lr 1.65e-04
step  14316 | train_loss 3.2828 | lr 1.65e-04
step  14317 | train_loss 3.2431 | lr 1.65e-04
step  14318 | train_loss 3.2552 | lr 1.64e-04
step  14319 | train_loss 3.2339 | lr 1.64e-04
step  14320 | train_loss 3.2350 | lr 1.64e-04
step  14321 | train_loss 3.2454 | lr 1.64e-04
step  14322 | train_loss 3.2462 | lr 1.64e-04
step  14323 | train_loss 3.2554 | lr 1.64e-04
step  14324 | train_loss 3.2755 | lr 1.64e-04
step  14325 | train_loss 3.2596 | lr 1.64e-04
step  14326 | train_loss 3.2423 | lr 1.64e-04
step  14327 | train_loss 3.2316 | lr 1.64e-04
step  14328 | train_loss 3.2248 | lr 1.64e-04
step  14329 | train_loss 3.2914 | lr 1.64e-04
step  14330 | train_loss 3.2424 | lr 1.64e-04
step  14331 | train_loss 3.2036 | lr 1.64e-04
step  14332 | train_loss 3.2844 | lr 1.64e-04
step  14333 | train_loss 3.2475 | lr 1.64e-04
step  14334 | train_loss 3.2490 | lr 1.64e-04
step  14335 | train_loss 3.2401 | lr 1.64e-04
step  14336 | train_loss 3.2191 | lr 1.64e-04
step  14337 | train_loss 3.2391 | lr 1.64e-04
step  14338 | train_loss 3.1964 | lr 1.64e-04
step  14339 | train_loss 3.2775 | lr 1.64e-04
step  14340 | train_loss 3.2378 | lr 1.64e-04
step  14341 | train_loss 3.1961 | lr 1.64e-04
step  14342 | train_loss 3.2522 | lr 1.64e-04
step  14343 | train_loss 3.2798 | lr 1.64e-04
step  14344 | train_loss 3.2411 | lr 1.64e-04
step  14345 | train_loss 3.2235 | lr 1.64e-04
step  14346 | train_loss 3.2222 | lr 1.64e-04
step  14347 | train_loss 3.2893 | lr 1.63e-04
step  14348 | train_loss 3.2066 | lr 1.63e-04
step  14349 | train_loss 3.2679 | lr 1.63e-04
step  14350 | train_loss 3.2582 | lr 1.63e-04
step  14351 | train_loss 3.2834 | lr 1.63e-04
step  14352 | train_loss 3.2329 | lr 1.63e-04
step  14353 | train_loss 3.1997 | lr 1.63e-04
step  14354 | train_loss 3.2433 | lr 1.63e-04
step  14355 | train_loss 3.2860 | lr 1.63e-04
step  14356 | train_loss 3.2735 | lr 1.63e-04
step  14357 | train_loss 3.2359 | lr 1.63e-04
step  14358 | train_loss 3.2760 | lr 1.63e-04
step  14359 | train_loss 3.2484 | lr 1.63e-04
step  14360 | train_loss 3.2465 | lr 1.63e-04
step  14361 | train_loss 3.2240 | lr 1.63e-04
step  14362 | train_loss 3.2697 | lr 1.63e-04
step  14363 | train_loss 3.2763 | lr 1.63e-04
step  14364 | train_loss 3.2238 | lr 1.63e-04
step  14365 | train_loss 3.2544 | lr 1.63e-04
step  14366 | train_loss 3.2411 | lr 1.63e-04
step  14367 | train_loss 3.2677 | lr 1.63e-04
step  14368 | train_loss 3.2576 | lr 1.63e-04
step  14369 | train_loss 3.2290 | lr 1.63e-04
step  14370 | train_loss 3.2507 | lr 1.63e-04
step  14371 | train_loss 3.2644 | lr 1.63e-04
step  14372 | train_loss 3.2068 | lr 1.63e-04
step  14373 | train_loss 3.2419 | lr 1.63e-04
step  14374 | train_loss 3.1845 | lr 1.63e-04
step  14375 | train_loss 3.2631 | lr 1.63e-04
step  14376 | train_loss 3.2595 | lr 1.63e-04
step  14377 | train_loss 3.2620 | lr 1.62e-04
step  14378 | train_loss 3.2885 | lr 1.62e-04
step  14379 | train_loss 3.1969 | lr 1.62e-04
step  14380 | train_loss 3.2467 | lr 1.62e-04
step  14381 | train_loss 3.2893 | lr 1.62e-04
step  14382 | train_loss 3.2505 | lr 1.62e-04
step  14383 | train_loss 3.2072 | lr 1.62e-04
step  14384 | train_loss 3.2871 | lr 1.62e-04
step  14385 | train_loss 3.2293 | lr 1.62e-04
step  14386 | train_loss 3.2252 | lr 1.62e-04
step  14387 | train_loss 3.2321 | lr 1.62e-04
step  14388 | train_loss 3.2291 | lr 1.62e-04
step  14389 | train_loss 3.2673 | lr 1.62e-04
step  14390 | train_loss 3.1935 | lr 1.62e-04
step  14391 | train_loss 3.2393 | lr 1.62e-04
step  14392 | train_loss 3.2465 | lr 1.62e-04
step  14393 | train_loss 3.2683 | lr 1.62e-04
step  14394 | train_loss 3.2598 | lr 1.62e-04
step  14395 | train_loss 3.2425 | lr 1.62e-04
step  14396 | train_loss 3.2142 | lr 1.62e-04
step  14397 | train_loss 3.2845 | lr 1.62e-04
step  14398 | train_loss 3.1981 | lr 1.62e-04
step  14399 | train_loss 3.2326 | lr 1.62e-04
step  14400 | train_loss 3.2029 | lr 1.62e-04
step  14401 | train_loss 3.2066 | lr 1.62e-04
step  14402 | train_loss 3.2911 | lr 1.62e-04
step  14403 | train_loss 3.2255 | lr 1.62e-04
step  14404 | train_loss 3.2128 | lr 1.62e-04
step  14405 | train_loss 3.2181 | lr 1.62e-04
step  14406 | train_loss 3.2515 | lr 1.61e-04
step  14407 | train_loss 3.2540 | lr 1.61e-04
step  14408 | train_loss 3.2784 | lr 1.61e-04
step  14409 | train_loss 3.2457 | lr 1.61e-04
step  14410 | train_loss 3.3041 | lr 1.61e-04
step  14411 | train_loss 3.2495 | lr 1.61e-04
step  14412 | train_loss 3.2907 | lr 1.61e-04
step  14413 | train_loss 3.2518 | lr 1.61e-04
step  14414 | train_loss 3.2354 | lr 1.61e-04
step  14415 | train_loss 3.2060 | lr 1.61e-04
step  14416 | train_loss 3.2662 | lr 1.61e-04
step  14417 | train_loss 3.2283 | lr 1.61e-04
step  14418 | train_loss 3.2653 | lr 1.61e-04
step  14419 | train_loss 3.2514 | lr 1.61e-04
step  14420 | train_loss 3.2727 | lr 1.61e-04
step  14421 | train_loss 3.2634 | lr 1.61e-04
step  14422 | train_loss 3.2582 | lr 1.61e-04
step  14423 | train_loss 3.2710 | lr 1.61e-04
step  14424 | train_loss 3.2158 | lr 1.61e-04
step  14425 | train_loss 3.2954 | lr 1.61e-04
step  14426 | train_loss 3.2858 | lr 1.61e-04
step  14427 | train_loss 3.2610 | lr 1.61e-04
step  14428 | train_loss 3.2185 | lr 1.61e-04
step  14429 | train_loss 3.2316 | lr 1.61e-04
step  14430 | train_loss 3.2466 | lr 1.61e-04
step  14431 | train_loss 3.2198 | lr 1.61e-04
step  14432 | train_loss 3.1987 | lr 1.61e-04
step  14433 | train_loss 3.2128 | lr 1.61e-04
step  14434 | train_loss 3.2374 | lr 1.61e-04
step  14435 | train_loss 3.2649 | lr 1.61e-04
step  14436 | train_loss 3.2699 | lr 1.60e-04
step  14437 | train_loss 3.2284 | lr 1.60e-04
step  14438 | train_loss 3.2215 | lr 1.60e-04
step  14439 | train_loss 3.2473 | lr 1.60e-04
step  14440 | train_loss 3.2475 | lr 1.60e-04
step  14441 | train_loss 3.2420 | lr 1.60e-04
step  14442 | train_loss 3.2476 | lr 1.60e-04
step  14443 | train_loss 3.2252 | lr 1.60e-04
step  14444 | train_loss 3.2375 | lr 1.60e-04
step  14445 | train_loss 3.2322 | lr 1.60e-04
step  14446 | train_loss 3.1727 | lr 1.60e-04
step  14447 | train_loss 3.2480 | lr 1.60e-04
step  14448 | train_loss 3.1741 | lr 1.60e-04
step  14449 | train_loss 3.2338 | lr 1.60e-04
step  14450 | train_loss 3.2335 | lr 1.60e-04
step  14451 | train_loss 3.2085 | lr 1.60e-04
step  14452 | train_loss 3.2328 | lr 1.60e-04
step  14453 | train_loss 3.2094 | lr 1.60e-04
step  14454 | train_loss 3.2021 | lr 1.60e-04
step  14455 | train_loss 3.2786 | lr 1.60e-04
step  14456 | train_loss 3.2495 | lr 1.60e-04
step  14457 | train_loss 3.2252 | lr 1.60e-04
step  14458 | train_loss 3.2705 | lr 1.60e-04
step  14459 | train_loss 3.2429 | lr 1.60e-04
step  14460 | train_loss 3.2704 | lr 1.60e-04
step  14461 | train_loss 3.2258 | lr 1.60e-04
step  14462 | train_loss 3.2588 | lr 1.60e-04
step  14463 | train_loss 3.2450 | lr 1.60e-04
step  14464 | train_loss 3.2225 | lr 1.60e-04
step  14465 | train_loss 3.2210 | lr 1.60e-04
step  14466 | train_loss 3.2290 | lr 1.59e-04
step  14467 | train_loss 3.2611 | lr 1.59e-04
step  14468 | train_loss 3.2174 | lr 1.59e-04
step  14469 | train_loss 3.2566 | lr 1.59e-04
step  14470 | train_loss 3.2337 | lr 1.59e-04
step  14471 | train_loss 3.2295 | lr 1.59e-04
step  14472 | train_loss 3.1904 | lr 1.59e-04
step  14473 | train_loss 3.2478 | lr 1.59e-04
step  14474 | train_loss 3.2427 | lr 1.59e-04
step  14475 | train_loss 3.2549 | lr 1.59e-04
step  14476 | train_loss 3.2025 | lr 1.59e-04
step  14477 | train_loss 3.2456 | lr 1.59e-04
step  14478 | train_loss 3.2623 | lr 1.59e-04
step  14479 | train_loss 3.2200 | lr 1.59e-04
step  14480 | train_loss 3.2445 | lr 1.59e-04
step  14481 | train_loss 3.2218 | lr 1.59e-04
step  14482 | train_loss 3.2571 | lr 1.59e-04
step  14483 | train_loss 3.2462 | lr 1.59e-04
step  14484 | train_loss 3.2208 | lr 1.59e-04
step  14485 | train_loss 3.2328 | lr 1.59e-04
step  14486 | train_loss 3.2283 | lr 1.59e-04
step  14487 | train_loss 3.1891 | lr 1.59e-04
step  14488 | train_loss 3.2661 | lr 1.59e-04
step  14489 | train_loss 3.2307 | lr 1.59e-04
step  14490 | train_loss 3.2275 | lr 1.59e-04
step  14491 | train_loss 3.2227 | lr 1.59e-04
step  14492 | train_loss 3.2515 | lr 1.59e-04
step  14493 | train_loss 3.2535 | lr 1.59e-04
step  14494 | train_loss 3.2788 | lr 1.59e-04
step  14495 | train_loss 3.2465 | lr 1.58e-04
step  14496 | train_loss 3.2577 | lr 1.58e-04
step  14497 | train_loss 3.2717 | lr 1.58e-04
step  14498 | train_loss 3.2593 | lr 1.58e-04
step  14499 | train_loss 3.2147 | lr 1.58e-04
step  14500 | train_loss 3.2315 | lr 1.58e-04
step  14500 | val_loss 3.2162 | val_ppl 24.93
Saved checkpoint to checkpoints/medium/step_14500.pt
step  14501 | train_loss 3.2574 | lr 1.58e-04
step  14502 | train_loss 3.2492 | lr 1.58e-04
step  14503 | train_loss 3.2493 | lr 1.58e-04
step  14504 | train_loss 3.2198 | lr 1.58e-04
step  14505 | train_loss 3.2021 | lr 1.58e-04
step  14506 | train_loss 3.2563 | lr 1.58e-04
step  14507 | train_loss 3.2854 | lr 1.58e-04
step  14508 | train_loss 3.1876 | lr 1.58e-04
step  14509 | train_loss 3.2382 | lr 1.58e-04
step  14510 | train_loss 3.2748 | lr 1.58e-04
step  14511 | train_loss 3.2498 | lr 1.58e-04
step  14512 | train_loss 3.2460 | lr 1.58e-04
step  14513 | train_loss 3.2517 | lr 1.58e-04
step  14514 | train_loss 3.2246 | lr 1.58e-04
step  14515 | train_loss 3.2889 | lr 1.58e-04
step  14516 | train_loss 3.2645 | lr 1.58e-04
step  14517 | train_loss 3.1988 | lr 1.58e-04
step  14518 | train_loss 3.2871 | lr 1.58e-04
step  14519 | train_loss 3.1967 | lr 1.58e-04
step  14520 | train_loss 3.2513 | lr 1.58e-04
step  14521 | train_loss 3.2297 | lr 1.58e-04
step  14522 | train_loss 3.1864 | lr 1.58e-04
step  14523 | train_loss 3.2242 | lr 1.58e-04
step  14524 | train_loss 3.2359 | lr 1.58e-04
step  14525 | train_loss 3.2451 | lr 1.57e-04
step  14526 | train_loss 3.2252 | lr 1.57e-04
step  14527 | train_loss 3.2113 | lr 1.57e-04
step  14528 | train_loss 3.2373 | lr 1.57e-04
step  14529 | train_loss 3.3383 | lr 1.57e-04
step  14530 | train_loss 3.2427 | lr 1.57e-04
step  14531 | train_loss 3.2471 | lr 1.57e-04
step  14532 | train_loss 3.2828 | lr 1.57e-04
step  14533 | train_loss 3.2261 | lr 1.57e-04
step  14534 | train_loss 3.2107 | lr 1.57e-04
step  14535 | train_loss 3.2568 | lr 1.57e-04
step  14536 | train_loss 3.2012 | lr 1.57e-04
step  14537 | train_loss 3.2552 | lr 1.57e-04
step  14538 | train_loss 3.2227 | lr 1.57e-04
step  14539 | train_loss 3.2576 | lr 1.57e-04
step  14540 | train_loss 3.2229 | lr 1.57e-04
step  14541 | train_loss 3.2520 | lr 1.57e-04
step  14542 | train_loss 3.1989 | lr 1.57e-04
step  14543 | train_loss 3.2488 | lr 1.57e-04
step  14544 | train_loss 3.2581 | lr 1.57e-04
step  14545 | train_loss 3.2574 | lr 1.57e-04
step  14546 | train_loss 3.2190 | lr 1.57e-04
step  14547 | train_loss 3.2271 | lr 1.57e-04
step  14548 | train_loss 3.2334 | lr 1.57e-04
step  14549 | train_loss 3.2271 | lr 1.57e-04
step  14550 | train_loss 3.2403 | lr 1.57e-04
step  14551 | train_loss 3.2084 | lr 1.57e-04
step  14552 | train_loss 3.2168 | lr 1.57e-04
step  14553 | train_loss 3.2420 | lr 1.57e-04
step  14554 | train_loss 3.2013 | lr 1.57e-04
step  14555 | train_loss 3.2495 | lr 1.56e-04
step  14556 | train_loss 3.2241 | lr 1.56e-04
step  14557 | train_loss 3.2581 | lr 1.56e-04
step  14558 | train_loss 3.2365 | lr 1.56e-04
step  14559 | train_loss 3.2108 | lr 1.56e-04
step  14560 | train_loss 3.2508 | lr 1.56e-04
step  14561 | train_loss 3.2577 | lr 1.56e-04
step  14562 | train_loss 3.2620 | lr 1.56e-04
step  14563 | train_loss 3.2706 | lr 1.56e-04
step  14564 | train_loss 3.2179 | lr 1.56e-04
step  14565 | train_loss 3.2242 | lr 1.56e-04
step  14566 | train_loss 3.2397 | lr 1.56e-04
step  14567 | train_loss 3.2605 | lr 1.56e-04
step  14568 | train_loss 3.2371 | lr 1.56e-04
step  14569 | train_loss 3.2110 | lr 1.56e-04
step  14570 | train_loss 3.2459 | lr 1.56e-04
step  14571 | train_loss 3.2376 | lr 1.56e-04
step  14572 | train_loss 3.3057 | lr 1.56e-04
step  14573 | train_loss 3.2413 | lr 1.56e-04
step  14574 | train_loss 3.2162 | lr 1.56e-04
step  14575 | train_loss 3.2211 | lr 1.56e-04
step  14576 | train_loss 3.2777 | lr 1.56e-04
step  14577 | train_loss 3.2022 | lr 1.56e-04
step  14578 | train_loss 3.2337 | lr 1.56e-04
step  14579 | train_loss 3.2150 | lr 1.56e-04
step  14580 | train_loss 3.2080 | lr 1.56e-04
step  14581 | train_loss 3.1680 | lr 1.56e-04
step  14582 | train_loss 3.2221 | lr 1.56e-04
step  14583 | train_loss 3.2621 | lr 1.56e-04
step  14584 | train_loss 3.2232 | lr 1.56e-04
step  14585 | train_loss 3.2178 | lr 1.56e-04
step  14586 | train_loss 3.2557 | lr 1.55e-04
step  14587 | train_loss 3.2431 | lr 1.55e-04
step  14588 | train_loss 3.2528 | lr 1.55e-04
step  14589 | train_loss 3.2315 | lr 1.55e-04
step  14590 | train_loss 3.2311 | lr 1.55e-04
step  14591 | train_loss 3.2380 | lr 1.55e-04
step  14592 | train_loss 3.2342 | lr 1.55e-04
step  14593 | train_loss 3.2577 | lr 1.55e-04
step  14594 | train_loss 3.2155 | lr 1.55e-04
step  14595 | train_loss 3.2330 | lr 1.55e-04
step  14596 | train_loss 3.2466 | lr 1.55e-04
step  14597 | train_loss 3.2811 | lr 1.55e-04
step  14598 | train_loss 3.2560 | lr 1.55e-04
step  14599 | train_loss 3.2205 | lr 1.55e-04
step  14600 | train_loss 3.2042 | lr 1.55e-04
step  14601 | train_loss 3.2353 | lr 1.55e-04
step  14602 | train_loss 3.2634 | lr 1.55e-04
step  14603 | train_loss 3.2576 | lr 1.55e-04
step  14604 | train_loss 3.2532 | lr 1.55e-04
step  14605 | train_loss 3.2495 | lr 1.55e-04
step  14606 | train_loss 3.2337 | lr 1.55e-04
step  14607 | train_loss 3.2827 | lr 1.55e-04
step  14608 | train_loss 3.1898 | lr 1.55e-04
step  14609 | train_loss 3.2217 | lr 1.55e-04
step  14610 | train_loss 3.2331 | lr 1.55e-04
step  14611 | train_loss 3.2260 | lr 1.55e-04
step  14612 | train_loss 3.2339 | lr 1.55e-04
step  14613 | train_loss 3.2420 | lr 1.55e-04
step  14614 | train_loss 3.2585 | lr 1.55e-04
step  14615 | train_loss 3.2760 | lr 1.55e-04
step  14616 | train_loss 3.2539 | lr 1.54e-04
step  14617 | train_loss 3.1996 | lr 1.54e-04
step  14618 | train_loss 3.2342 | lr 1.54e-04
step  14619 | train_loss 3.2631 | lr 1.54e-04
step  14620 | train_loss 3.2689 | lr 1.54e-04
step  14621 | train_loss 3.2784 | lr 1.54e-04
step  14622 | train_loss 3.2603 | lr 1.54e-04
step  14623 | train_loss 3.2516 | lr 1.54e-04
step  14624 | train_loss 3.2105 | lr 1.54e-04
step  14625 | train_loss 3.2068 | lr 1.54e-04
step  14626 | train_loss 3.2060 | lr 1.54e-04
step  14627 | train_loss 3.2386 | lr 1.54e-04
step  14628 | train_loss 3.2568 | lr 1.54e-04
step  14629 | train_loss 3.2185 | lr 1.54e-04
step  14630 | train_loss 3.2472 | lr 1.54e-04
step  14631 | train_loss 3.2484 | lr 1.54e-04
step  14632 | train_loss 3.2428 | lr 1.54e-04
step  14633 | train_loss 3.2351 | lr 1.54e-04
step  14634 | train_loss 3.2269 | lr 1.54e-04
step  14635 | train_loss 3.2295 | lr 1.54e-04
step  14636 | train_loss 3.2312 | lr 1.54e-04
step  14637 | train_loss 3.2605 | lr 1.54e-04
step  14638 | train_loss 3.2520 | lr 1.54e-04
step  14639 | train_loss 3.2188 | lr 1.54e-04
step  14640 | train_loss 3.2303 | lr 1.54e-04
step  14641 | train_loss 3.2216 | lr 1.54e-04
step  14642 | train_loss 3.2746 | lr 1.54e-04
step  14643 | train_loss 3.2688 | lr 1.54e-04
step  14644 | train_loss 3.2361 | lr 1.54e-04
step  14645 | train_loss 3.2582 | lr 1.54e-04
step  14646 | train_loss 3.2038 | lr 1.54e-04
step  14647 | train_loss 3.2661 | lr 1.53e-04
step  14648 | train_loss 3.2024 | lr 1.53e-04
step  14649 | train_loss 3.2826 | lr 1.53e-04
step  14650 | train_loss 3.2145 | lr 1.53e-04
step  14651 | train_loss 3.2660 | lr 1.53e-04
step  14652 | train_loss 3.2629 | lr 1.53e-04
step  14653 | train_loss 3.1915 | lr 1.53e-04
step  14654 | train_loss 3.2851 | lr 1.53e-04
step  14655 | train_loss 3.2284 | lr 1.53e-04
step  14656 | train_loss 3.2755 | lr 1.53e-04
step  14657 | train_loss 3.2323 | lr 1.53e-04
step  14658 | train_loss 3.2424 | lr 1.53e-04
step  14659 | train_loss 3.2301 | lr 1.53e-04
step  14660 | train_loss 3.2242 | lr 1.53e-04
step  14661 | train_loss 3.2461 | lr 1.53e-04
step  14662 | train_loss 3.2142 | lr 1.53e-04
step  14663 | train_loss 3.2919 | lr 1.53e-04
step  14664 | train_loss 3.1965 | lr 1.53e-04
step  14665 | train_loss 3.1738 | lr 1.53e-04
step  14666 | train_loss 3.1970 | lr 1.53e-04
step  14667 | train_loss 3.3114 | lr 1.53e-04
step  14668 | train_loss 3.2482 | lr 1.53e-04
step  14669 | train_loss 3.2573 | lr 1.53e-04
step  14670 | train_loss 3.1995 | lr 1.53e-04
step  14671 | train_loss 3.2574 | lr 1.53e-04
step  14672 | train_loss 3.2796 | lr 1.53e-04
step  14673 | train_loss 3.2668 | lr 1.53e-04
step  14674 | train_loss 3.2333 | lr 1.53e-04
step  14675 | train_loss 3.1963 | lr 1.53e-04
step  14676 | train_loss 3.2970 | lr 1.53e-04
step  14677 | train_loss 3.2177 | lr 1.52e-04
step  14678 | train_loss 3.2516 | lr 1.52e-04
step  14679 | train_loss 3.1937 | lr 1.52e-04
step  14680 | train_loss 3.2537 | lr 1.52e-04
step  14681 | train_loss 3.2333 | lr 1.52e-04
step  14682 | train_loss 3.3018 | lr 1.52e-04
step  14683 | train_loss 3.2559 | lr 1.52e-04
step  14684 | train_loss 3.2043 | lr 1.52e-04
step  14685 | train_loss 3.2724 | lr 1.52e-04
step  14686 | train_loss 3.2815 | lr 1.52e-04
step  14687 | train_loss 3.2319 | lr 1.52e-04
step  14688 | train_loss 3.2582 | lr 1.52e-04
step  14689 | train_loss 3.2093 | lr 1.52e-04
step  14690 | train_loss 3.2341 | lr 1.52e-04
step  14691 | train_loss 3.2508 | lr 1.52e-04
step  14692 | train_loss 3.2060 | lr 1.52e-04
step  14693 | train_loss 3.2354 | lr 1.52e-04
step  14694 | train_loss 3.2034 | lr 1.52e-04
step  14695 | train_loss 3.2507 | lr 1.52e-04
step  14696 | train_loss 3.2711 | lr 1.52e-04
step  14697 | train_loss 3.2363 | lr 1.52e-04
step  14698 | train_loss 3.2699 | lr 1.52e-04
step  14699 | train_loss 3.2436 | lr 1.52e-04
step  14700 | train_loss 3.2416 | lr 1.52e-04
step  14701 | train_loss 3.2634 | lr 1.52e-04
step  14702 | train_loss 3.2431 | lr 1.52e-04
step  14703 | train_loss 3.2158 | lr 1.52e-04
step  14704 | train_loss 3.2756 | lr 1.52e-04
step  14705 | train_loss 3.2410 | lr 1.52e-04
step  14706 | train_loss 3.1977 | lr 1.52e-04
step  14707 | train_loss 3.2357 | lr 1.52e-04
step  14708 | train_loss 3.2528 | lr 1.51e-04
step  14709 | train_loss 3.2599 | lr 1.51e-04
step  14710 | train_loss 3.2124 | lr 1.51e-04
step  14711 | train_loss 3.2721 | lr 1.51e-04
step  14712 | train_loss 3.1941 | lr 1.51e-04
step  14713 | train_loss 3.2440 | lr 1.51e-04
step  14714 | train_loss 3.2264 | lr 1.51e-04
step  14715 | train_loss 3.2388 | lr 1.51e-04
step  14716 | train_loss 3.2658 | lr 1.51e-04
step  14717 | train_loss 3.2576 | lr 1.51e-04
step  14718 | train_loss 3.2365 | lr 1.51e-04
step  14719 | train_loss 3.2924 | lr 1.51e-04
step  14720 | train_loss 3.2628 | lr 1.51e-04
step  14721 | train_loss 3.2449 | lr 1.51e-04
step  14722 | train_loss 3.2738 | lr 1.51e-04
step  14723 | train_loss 3.2437 | lr 1.51e-04
step  14724 | train_loss 3.2398 | lr 1.51e-04
step  14725 | train_loss 3.2541 | lr 1.51e-04
step  14726 | train_loss 3.2504 | lr 1.51e-04
step  14727 | train_loss 3.2439 | lr 1.51e-04
step  14728 | train_loss 3.2480 | lr 1.51e-04
step  14729 | train_loss 3.2526 | lr 1.51e-04
step  14730 | train_loss 3.2472 | lr 1.51e-04
step  14731 | train_loss 3.2458 | lr 1.51e-04
step  14732 | train_loss 3.2320 | lr 1.51e-04
step  14733 | train_loss 3.2509 | lr 1.51e-04
step  14734 | train_loss 3.2294 | lr 1.51e-04
step  14735 | train_loss 3.2364 | lr 1.51e-04
step  14736 | train_loss 3.2458 | lr 1.51e-04
step  14737 | train_loss 3.2474 | lr 1.51e-04
step  14738 | train_loss 3.2465 | lr 1.51e-04
step  14739 | train_loss 3.2185 | lr 1.50e-04
step  14740 | train_loss 3.2109 | lr 1.50e-04
step  14741 | train_loss 3.2254 | lr 1.50e-04
step  14742 | train_loss 3.2070 | lr 1.50e-04
step  14743 | train_loss 3.2131 | lr 1.50e-04
step  14744 | train_loss 3.2507 | lr 1.50e-04
step  14745 | train_loss 3.2578 | lr 1.50e-04
step  14746 | train_loss 3.2338 | lr 1.50e-04
step  14747 | train_loss 3.2781 | lr 1.50e-04
step  14748 | train_loss 3.2614 | lr 1.50e-04
step  14749 | train_loss 3.2541 | lr 1.50e-04
step  14750 | train_loss 3.2041 | lr 1.50e-04
step  14751 | train_loss 3.2085 | lr 1.50e-04
step  14752 | train_loss 3.2376 | lr 1.50e-04
step  14753 | train_loss 3.2597 | lr 1.50e-04
step  14754 | train_loss 3.2574 | lr 1.50e-04
step  14755 | train_loss 3.2452 | lr 1.50e-04
step  14756 | train_loss 3.2231 | lr 1.50e-04
step  14757 | train_loss 3.2002 | lr 1.50e-04
step  14758 | train_loss 3.2774 | lr 1.50e-04
step  14759 | train_loss 3.2313 | lr 1.50e-04
step  14760 | train_loss 3.2186 | lr 1.50e-04
step  14761 | train_loss 3.1916 | lr 1.50e-04
step  14762 | train_loss 3.2232 | lr 1.50e-04
step  14763 | train_loss 3.2293 | lr 1.50e-04
step  14764 | train_loss 3.2524 | lr 1.50e-04
step  14765 | train_loss 3.2511 | lr 1.50e-04
step  14766 | train_loss 3.2278 | lr 1.50e-04
step  14767 | train_loss 3.2195 | lr 1.50e-04
step  14768 | train_loss 3.2398 | lr 1.50e-04
step  14769 | train_loss 3.2962 | lr 1.50e-04
step  14770 | train_loss 3.1813 | lr 1.49e-04
step  14771 | train_loss 3.2488 | lr 1.49e-04
step  14772 | train_loss 3.2298 | lr 1.49e-04
step  14773 | train_loss 3.2317 | lr 1.49e-04
step  14774 | train_loss 3.2785 | lr 1.49e-04
step  14775 | train_loss 3.2205 | lr 1.49e-04
step  14776 | train_loss 3.2517 | lr 1.49e-04
step  14777 | train_loss 3.2486 | lr 1.49e-04
step  14778 | train_loss 3.2297 | lr 1.49e-04
step  14779 | train_loss 3.2362 | lr 1.49e-04
step  14780 | train_loss 3.2265 | lr 1.49e-04
step  14781 | train_loss 3.1940 | lr 1.49e-04
step  14782 | train_loss 3.1912 | lr 1.49e-04
step  14783 | train_loss 3.2619 | lr 1.49e-04
step  14784 | train_loss 3.3035 | lr 1.49e-04
step  14785 | train_loss 3.2271 | lr 1.49e-04
step  14786 | train_loss 3.2156 | lr 1.49e-04
step  14787 | train_loss 3.2156 | lr 1.49e-04
step  14788 | train_loss 3.2851 | lr 1.49e-04
step  14789 | train_loss 3.2525 | lr 1.49e-04
step  14790 | train_loss 3.2869 | lr 1.49e-04
step  14791 | train_loss 3.2608 | lr 1.49e-04
step  14792 | train_loss 3.2781 | lr 1.49e-04
step  14793 | train_loss 3.2114 | lr 1.49e-04
step  14794 | train_loss 3.1810 | lr 1.49e-04
step  14795 | train_loss 3.2141 | lr 1.49e-04
step  14796 | train_loss 3.2631 | lr 1.49e-04
step  14797 | train_loss 3.2253 | lr 1.49e-04
step  14798 | train_loss 3.2307 | lr 1.49e-04
step  14799 | train_loss 3.2261 | lr 1.49e-04
step  14800 | train_loss 3.2148 | lr 1.49e-04
step  14801 | train_loss 3.2339 | lr 1.48e-04
step  14802 | train_loss 3.2478 | lr 1.48e-04
step  14803 | train_loss 3.2122 | lr 1.48e-04
step  14804 | train_loss 3.1684 | lr 1.48e-04
step  14805 | train_loss 3.2250 | lr 1.48e-04
step  14806 | train_loss 3.2316 | lr 1.48e-04
step  14807 | train_loss 3.2584 | lr 1.48e-04
step  14808 | train_loss 3.2240 | lr 1.48e-04
step  14809 | train_loss 3.2252 | lr 1.48e-04
step  14810 | train_loss 3.2452 | lr 1.48e-04
step  14811 | train_loss 3.2335 | lr 1.48e-04
step  14812 | train_loss 3.2510 | lr 1.48e-04
step  14813 | train_loss 3.2163 | lr 1.48e-04
step  14814 | train_loss 3.2443 | lr 1.48e-04
step  14815 | train_loss 3.2395 | lr 1.48e-04
step  14816 | train_loss 3.2308 | lr 1.48e-04
step  14817 | train_loss 3.2241 | lr 1.48e-04
step  14818 | train_loss 3.2707 | lr 1.48e-04
step  14819 | train_loss 3.2020 | lr 1.48e-04
step  14820 | train_loss 3.2344 | lr 1.48e-04
step  14821 | train_loss 3.2455 | lr 1.48e-04
step  14822 | train_loss 3.2674 | lr 1.48e-04
step  14823 | train_loss 3.2503 | lr 1.48e-04
step  14824 | train_loss 3.2238 | lr 1.48e-04
step  14825 | train_loss 3.2026 | lr 1.48e-04
step  14826 | train_loss 3.2333 | lr 1.48e-04
step  14827 | train_loss 3.2010 | lr 1.48e-04
step  14828 | train_loss 3.1821 | lr 1.48e-04
step  14829 | train_loss 3.2054 | lr 1.48e-04
step  14830 | train_loss 3.1835 | lr 1.48e-04
step  14831 | train_loss 3.2558 | lr 1.48e-04
step  14832 | train_loss 3.2349 | lr 1.47e-04
step  14833 | train_loss 3.2301 | lr 1.47e-04
step  14834 | train_loss 3.2284 | lr 1.47e-04
step  14835 | train_loss 3.2243 | lr 1.47e-04
step  14836 | train_loss 3.1708 | lr 1.47e-04
step  14837 | train_loss 3.2368 | lr 1.47e-04
step  14838 | train_loss 3.2465 | lr 1.47e-04
step  14839 | train_loss 3.2234 | lr 1.47e-04
step  14840 | train_loss 3.2727 | lr 1.47e-04
step  14841 | train_loss 3.2454 | lr 1.47e-04
step  14842 | train_loss 3.2428 | lr 1.47e-04
step  14843 | train_loss 3.2029 | lr 1.47e-04
step  14844 | train_loss 3.2497 | lr 1.47e-04
step  14845 | train_loss 3.2459 | lr 1.47e-04
step  14846 | train_loss 3.1854 | lr 1.47e-04
step  14847 | train_loss 3.2810 | lr 1.47e-04
step  14848 | train_loss 3.2424 | lr 1.47e-04
step  14849 | train_loss 3.2450 | lr 1.47e-04
step  14850 | train_loss 3.2292 | lr 1.47e-04
step  14851 | train_loss 3.2197 | lr 1.47e-04
step  14852 | train_loss 3.2266 | lr 1.47e-04
step  14853 | train_loss 3.2223 | lr 1.47e-04
step  14854 | train_loss 3.2567 | lr 1.47e-04
step  14855 | train_loss 3.2288 | lr 1.47e-04
step  14856 | train_loss 3.2450 | lr 1.47e-04
step  14857 | train_loss 3.2205 | lr 1.47e-04
step  14858 | train_loss 3.2394 | lr 1.47e-04
step  14859 | train_loss 3.2177 | lr 1.47e-04
step  14860 | train_loss 3.2030 | lr 1.47e-04
step  14861 | train_loss 3.2104 | lr 1.47e-04
step  14862 | train_loss 3.2371 | lr 1.47e-04
step  14863 | train_loss 3.2383 | lr 1.47e-04
step  14864 | train_loss 3.1988 | lr 1.46e-04
step  14865 | train_loss 3.2692 | lr 1.46e-04
step  14866 | train_loss 3.2323 | lr 1.46e-04
step  14867 | train_loss 3.2337 | lr 1.46e-04
step  14868 | train_loss 3.2032 | lr 1.46e-04
step  14869 | train_loss 3.2324 | lr 1.46e-04
step  14870 | train_loss 3.2308 | lr 1.46e-04
step  14871 | train_loss 3.2707 | lr 1.46e-04
step  14872 | train_loss 3.2064 | lr 1.46e-04
step  14873 | train_loss 3.2823 | lr 1.46e-04
step  14874 | train_loss 3.2088 | lr 1.46e-04
step  14875 | train_loss 3.2332 | lr 1.46e-04
step  14876 | train_loss 3.2521 | lr 1.46e-04
step  14877 | train_loss 3.2789 | lr 1.46e-04
step  14878 | train_loss 3.2676 | lr 1.46e-04
step  14879 | train_loss 3.2548 | lr 1.46e-04
step  14880 | train_loss 3.2122 | lr 1.46e-04
step  14881 | train_loss 3.2282 | lr 1.46e-04
step  14882 | train_loss 3.1933 | lr 1.46e-04
step  14883 | train_loss 3.1851 | lr 1.46e-04
step  14884 | train_loss 3.2812 | lr 1.46e-04
step  14885 | train_loss 3.2393 | lr 1.46e-04
step  14886 | train_loss 3.1983 | lr 1.46e-04
step  14887 | train_loss 3.2674 | lr 1.46e-04
step  14888 | train_loss 3.2790 | lr 1.46e-04
step  14889 | train_loss 3.2617 | lr 1.46e-04
step  14890 | train_loss 3.2677 | lr 1.46e-04
step  14891 | train_loss 3.2267 | lr 1.46e-04
step  14892 | train_loss 3.2574 | lr 1.46e-04
step  14893 | train_loss 3.2051 | lr 1.46e-04
step  14894 | train_loss 3.2214 | lr 1.46e-04
step  14895 | train_loss 3.2413 | lr 1.45e-04
step  14896 | train_loss 3.2224 | lr 1.45e-04
step  14897 | train_loss 3.2360 | lr 1.45e-04
step  14898 | train_loss 3.2058 | lr 1.45e-04
step  14899 | train_loss 3.2464 | lr 1.45e-04
step  14900 | train_loss 3.1997 | lr 1.45e-04
step  14901 | train_loss 3.2677 | lr 1.45e-04
step  14902 | train_loss 3.1962 | lr 1.45e-04
step  14903 | train_loss 3.2762 | lr 1.45e-04
step  14904 | train_loss 3.2420 | lr 1.45e-04
step  14905 | train_loss 3.2266 | lr 1.45e-04
step  14906 | train_loss 3.2107 | lr 1.45e-04
step  14907 | train_loss 3.2996 | lr 1.45e-04
step  14908 | train_loss 3.1836 | lr 1.45e-04
step  14909 | train_loss 3.1838 | lr 1.45e-04
step  14910 | train_loss 3.1636 | lr 1.45e-04
step  14911 | train_loss 3.2533 | lr 1.45e-04
step  14912 | train_loss 3.2476 | lr 1.45e-04
step  14913 | train_loss 3.2385 | lr 1.45e-04
step  14914 | train_loss 3.2185 | lr 1.45e-04
step  14915 | train_loss 3.2499 | lr 1.45e-04
step  14916 | train_loss 3.2476 | lr 1.45e-04
step  14917 | train_loss 3.2009 | lr 1.45e-04
step  14918 | train_loss 3.1971 | lr 1.45e-04
step  14919 | train_loss 3.2378 | lr 1.45e-04
step  14920 | train_loss 3.1953 | lr 1.45e-04
step  14921 | train_loss 3.2494 | lr 1.45e-04
step  14922 | train_loss 3.2153 | lr 1.45e-04
step  14923 | train_loss 3.2225 | lr 1.45e-04
step  14924 | train_loss 3.1886 | lr 1.45e-04
step  14925 | train_loss 3.2204 | lr 1.45e-04
step  14926 | train_loss 3.2472 | lr 1.45e-04
step  14927 | train_loss 3.1980 | lr 1.44e-04
step  14928 | train_loss 3.2551 | lr 1.44e-04
step  14929 | train_loss 3.2139 | lr 1.44e-04
step  14930 | train_loss 3.2326 | lr 1.44e-04
step  14931 | train_loss 3.2194 | lr 1.44e-04
step  14932 | train_loss 3.2618 | lr 1.44e-04
step  14933 | train_loss 3.2881 | lr 1.44e-04
step  14934 | train_loss 3.2273 | lr 1.44e-04
step  14935 | train_loss 3.2465 | lr 1.44e-04
step  14936 | train_loss 3.2459 | lr 1.44e-04
step  14937 | train_loss 3.2505 | lr 1.44e-04
step  14938 | train_loss 3.2305 | lr 1.44e-04
step  14939 | train_loss 3.2647 | lr 1.44e-04
step  14940 | train_loss 3.2512 | lr 1.44e-04
step  14941 | train_loss 3.2478 | lr 1.44e-04
step  14942 | train_loss 3.2924 | lr 1.44e-04
step  14943 | train_loss 3.2689 | lr 1.44e-04
step  14944 | train_loss 3.2265 | lr 1.44e-04
step  14945 | train_loss 3.2310 | lr 1.44e-04
step  14946 | train_loss 3.2039 | lr 1.44e-04
step  14947 | train_loss 3.2726 | lr 1.44e-04
step  14948 | train_loss 3.2327 | lr 1.44e-04
step  14949 | train_loss 3.2294 | lr 1.44e-04
step  14950 | train_loss 3.2390 | lr 1.44e-04
step  14951 | train_loss 3.2417 | lr 1.44e-04
step  14952 | train_loss 3.1957 | lr 1.44e-04
step  14953 | train_loss 3.2274 | lr 1.44e-04
step  14954 | train_loss 3.2228 | lr 1.44e-04
step  14955 | train_loss 3.2438 | lr 1.44e-04
step  14956 | train_loss 3.2839 | lr 1.44e-04
step  14957 | train_loss 3.2421 | lr 1.44e-04
step  14958 | train_loss 3.2546 | lr 1.44e-04
step  14959 | train_loss 3.2335 | lr 1.43e-04
step  14960 | train_loss 3.2217 | lr 1.43e-04
step  14961 | train_loss 3.2272 | lr 1.43e-04
step  14962 | train_loss 3.2223 | lr 1.43e-04
step  14963 | train_loss 3.2244 | lr 1.43e-04
step  14964 | train_loss 3.2261 | lr 1.43e-04
step  14965 | train_loss 3.2203 | lr 1.43e-04
step  14966 | train_loss 3.2234 | lr 1.43e-04
step  14967 | train_loss 3.2476 | lr 1.43e-04
step  14968 | train_loss 3.2413 | lr 1.43e-04
step  14969 | train_loss 3.2372 | lr 1.43e-04
step  14970 | train_loss 3.2070 | lr 1.43e-04
step  14971 | train_loss 3.2035 | lr 1.43e-04
step  14972 | train_loss 3.2195 | lr 1.43e-04
step  14973 | train_loss 3.2359 | lr 1.43e-04
step  14974 | train_loss 3.2342 | lr 1.43e-04
step  14975 | train_loss 3.2393 | lr 1.43e-04
step  14976 | train_loss 3.2211 | lr 1.43e-04
step  14977 | train_loss 3.2476 | lr 1.43e-04
step  14978 | train_loss 3.2053 | lr 1.43e-04
step  14979 | train_loss 3.2173 | lr 1.43e-04
step  14980 | train_loss 3.2164 | lr 1.43e-04
step  14981 | train_loss 3.2844 | lr 1.43e-04
step  14982 | train_loss 3.2638 | lr 1.43e-04
step  14983 | train_loss 3.2699 | lr 1.43e-04
step  14984 | train_loss 3.2248 | lr 1.43e-04
step  14985 | train_loss 3.2148 | lr 1.43e-04
step  14986 | train_loss 3.2211 | lr 1.43e-04
step  14987 | train_loss 3.2291 | lr 1.43e-04
step  14988 | train_loss 3.1996 | lr 1.43e-04
step  14989 | train_loss 3.2423 | lr 1.43e-04
step  14990 | train_loss 3.2331 | lr 1.43e-04
step  14991 | train_loss 3.1995 | lr 1.42e-04
step  14992 | train_loss 3.2252 | lr 1.42e-04
step  14993 | train_loss 3.2493 | lr 1.42e-04
step  14994 | train_loss 3.2580 | lr 1.42e-04
step  14995 | train_loss 3.2076 | lr 1.42e-04
step  14996 | train_loss 3.2713 | lr 1.42e-04
step  14997 | train_loss 3.2679 | lr 1.42e-04
step  14998 | train_loss 3.2230 | lr 1.42e-04
step  14999 | train_loss 3.2868 | lr 1.42e-04
step  15000 | train_loss 3.2424 | lr 1.42e-04
step  15000 | val_loss 3.2073 | val_ppl 24.71
Saved checkpoint to checkpoints/medium/step_15000.pt
step  15001 | train_loss 3.2163 | lr 1.42e-04
step  15002 | train_loss 3.2402 | lr 1.42e-04
step  15003 | train_loss 3.1804 | lr 1.42e-04
step  15004 | train_loss 3.2498 | lr 1.42e-04
step  15005 | train_loss 3.2287 | lr 1.42e-04
step  15006 | train_loss 3.2425 | lr 1.42e-04
step  15007 | train_loss 3.2393 | lr 1.42e-04
step  15008 | train_loss 3.2215 | lr 1.42e-04
step  15009 | train_loss 3.1869 | lr 1.42e-04
step  15010 | train_loss 3.1728 | lr 1.42e-04
step  15011 | train_loss 3.2658 | lr 1.42e-04
step  15012 | train_loss 3.2461 | lr 1.42e-04
step  15013 | train_loss 3.1650 | lr 1.42e-04
step  15014 | train_loss 3.2259 | lr 1.42e-04
step  15015 | train_loss 3.2450 | lr 1.42e-04
step  15016 | train_loss 3.2058 | lr 1.42e-04
step  15017 | train_loss 3.2141 | lr 1.42e-04
step  15018 | train_loss 3.2159 | lr 1.42e-04
step  15019 | train_loss 3.2292 | lr 1.42e-04
step  15020 | train_loss 3.2200 | lr 1.42e-04
step  15021 | train_loss 3.2554 | lr 1.42e-04
step  15022 | train_loss 3.2940 | lr 1.42e-04
step  15023 | train_loss 3.2537 | lr 1.41e-04
step  15024 | train_loss 3.1934 | lr 1.41e-04
step  15025 | train_loss 3.2277 | lr 1.41e-04
step  15026 | train_loss 3.1548 | lr 1.41e-04
step  15027 | train_loss 3.2514 | lr 1.41e-04
step  15028 | train_loss 3.2371 | lr 1.41e-04
step  15029 | train_loss 3.2071 | lr 1.41e-04
step  15030 | train_loss 3.1915 | lr 1.41e-04
step  15031 | train_loss 3.2228 | lr 1.41e-04
step  15032 | train_loss 3.2437 | lr 1.41e-04
step  15033 | train_loss 3.2368 | lr 1.41e-04
step  15034 | train_loss 3.2331 | lr 1.41e-04
step  15035 | train_loss 3.2290 | lr 1.41e-04
step  15036 | train_loss 3.2326 | lr 1.41e-04
step  15037 | train_loss 3.2615 | lr 1.41e-04
step  15038 | train_loss 3.2347 | lr 1.41e-04
step  15039 | train_loss 3.2388 | lr 1.41e-04
step  15040 | train_loss 3.2602 | lr 1.41e-04
step  15041 | train_loss 3.2181 | lr 1.41e-04
step  15042 | train_loss 3.2298 | lr 1.41e-04
step  15043 | train_loss 3.2442 | lr 1.41e-04
step  15044 | train_loss 3.2298 | lr 1.41e-04
step  15045 | train_loss 3.1864 | lr 1.41e-04
step  15046 | train_loss 3.2081 | lr 1.41e-04
step  15047 | train_loss 3.2476 | lr 1.41e-04
step  15048 | train_loss 3.2430 | lr 1.41e-04
step  15049 | train_loss 3.2762 | lr 1.41e-04
step  15050 | train_loss 3.2635 | lr 1.41e-04
step  15051 | train_loss 3.2352 | lr 1.41e-04
step  15052 | train_loss 3.1786 | lr 1.41e-04
step  15053 | train_loss 3.2816 | lr 1.41e-04
step  15054 | train_loss 3.2498 | lr 1.41e-04
step  15055 | train_loss 3.2447 | lr 1.40e-04
step  15056 | train_loss 3.2522 | lr 1.40e-04
step  15057 | train_loss 3.1979 | lr 1.40e-04
step  15058 | train_loss 3.2688 | lr 1.40e-04
step  15059 | train_loss 3.2177 | lr 1.40e-04
step  15060 | train_loss 3.1783 | lr 1.40e-04
step  15061 | train_loss 3.2095 | lr 1.40e-04
step  15062 | train_loss 3.2475 | lr 1.40e-04
step  15063 | train_loss 3.2169 | lr 1.40e-04
step  15064 | train_loss 3.1633 | lr 1.40e-04
step  15065 | train_loss 3.2492 | lr 1.40e-04
step  15066 | train_loss 3.2113 | lr 1.40e-04
step  15067 | train_loss 3.1915 | lr 1.40e-04
step  15068 | train_loss 3.1971 | lr 1.40e-04
step  15069 | train_loss 3.2446 | lr 1.40e-04
step  15070 | train_loss 3.2648 | lr 1.40e-04
step  15071 | train_loss 3.1434 | lr 1.40e-04
step  15072 | train_loss 3.2122 | lr 1.40e-04
step  15073 | train_loss 3.2263 | lr 1.40e-04
step  15074 | train_loss 3.2426 | lr 1.40e-04
step  15075 | train_loss 3.2493 | lr 1.40e-04
step  15076 | train_loss 3.2408 | lr 1.40e-04
step  15077 | train_loss 3.2349 | lr 1.40e-04
step  15078 | train_loss 3.1935 | lr 1.40e-04
step  15079 | train_loss 3.2533 | lr 1.40e-04
step  15080 | train_loss 3.2271 | lr 1.40e-04
step  15081 | train_loss 3.2679 | lr 1.40e-04
step  15082 | train_loss 3.1699 | lr 1.40e-04
step  15083 | train_loss 3.2154 | lr 1.40e-04
step  15084 | train_loss 3.2218 | lr 1.40e-04
step  15085 | train_loss 3.1798 | lr 1.40e-04
step  15086 | train_loss 3.2459 | lr 1.40e-04
step  15087 | train_loss 3.2183 | lr 1.40e-04
step  15088 | train_loss 3.2059 | lr 1.39e-04
step  15089 | train_loss 3.2074 | lr 1.39e-04
step  15090 | train_loss 3.2195 | lr 1.39e-04
step  15091 | train_loss 3.1989 | lr 1.39e-04
step  15092 | train_loss 3.2333 | lr 1.39e-04
step  15093 | train_loss 3.2605 | lr 1.39e-04
step  15094 | train_loss 3.2231 | lr 1.39e-04
step  15095 | train_loss 3.2163 | lr 1.39e-04
step  15096 | train_loss 3.2267 | lr 1.39e-04
step  15097 | train_loss 3.2582 | lr 1.39e-04
step  15098 | train_loss 3.2445 | lr 1.39e-04
step  15099 | train_loss 3.2342 | lr 1.39e-04
step  15100 | train_loss 3.2683 | lr 1.39e-04
step  15101 | train_loss 3.1711 | lr 1.39e-04
step  15102 | train_loss 3.2086 | lr 1.39e-04
step  15103 | train_loss 3.2159 | lr 1.39e-04
step  15104 | train_loss 3.2175 | lr 1.39e-04
step  15105 | train_loss 3.2318 | lr 1.39e-04
step  15106 | train_loss 3.2196 | lr 1.39e-04
step  15107 | train_loss 3.2468 | lr 1.39e-04
step  15108 | train_loss 3.1939 | lr 1.39e-04
step  15109 | train_loss 3.2385 | lr 1.39e-04
step  15110 | train_loss 3.2739 | lr 1.39e-04
step  15111 | train_loss 3.2562 | lr 1.39e-04
step  15112 | train_loss 3.1782 | lr 1.39e-04
step  15113 | train_loss 3.2255 | lr 1.39e-04
step  15114 | train_loss 3.2156 | lr 1.39e-04
step  15115 | train_loss 3.2147 | lr 1.39e-04
step  15116 | train_loss 3.2381 | lr 1.39e-04
step  15117 | train_loss 3.1935 | lr 1.39e-04
step  15118 | train_loss 3.1672 | lr 1.39e-04
step  15119 | train_loss 3.2543 | lr 1.39e-04
step  15120 | train_loss 3.1967 | lr 1.39e-04
step  15121 | train_loss 3.2029 | lr 1.38e-04
step  15122 | train_loss 3.2126 | lr 1.38e-04
step  15123 | train_loss 3.2723 | lr 1.38e-04
step  15124 | train_loss 3.2695 | lr 1.38e-04
step  15125 | train_loss 3.2012 | lr 1.38e-04
step  15126 | train_loss 3.2540 | lr 1.38e-04
step  15127 | train_loss 3.2091 | lr 1.38e-04
step  15128 | train_loss 3.2262 | lr 1.38e-04
step  15129 | train_loss 3.2713 | lr 1.38e-04
step  15130 | train_loss 3.2253 | lr 1.38e-04
step  15131 | train_loss 3.2371 | lr 1.38e-04
step  15132 | train_loss 3.2007 | lr 1.38e-04
step  15133 | train_loss 3.1947 | lr 1.38e-04
step  15134 | train_loss 3.2358 | lr 1.38e-04
step  15135 | train_loss 3.2321 | lr 1.38e-04
step  15136 | train_loss 3.2057 | lr 1.38e-04
step  15137 | train_loss 3.1969 | lr 1.38e-04
step  15138 | train_loss 3.2816 | lr 1.38e-04
step  15139 | train_loss 3.1623 | lr 1.38e-04
step  15140 | train_loss 3.2289 | lr 1.38e-04
step  15141 | train_loss 3.1966 | lr 1.38e-04
step  15142 | train_loss 3.2260 | lr 1.38e-04
step  15143 | train_loss 3.2146 | lr 1.38e-04
step  15144 | train_loss 3.2234 | lr 1.38e-04
step  15145 | train_loss 3.1914 | lr 1.38e-04
step  15146 | train_loss 3.2641 | lr 1.38e-04
step  15147 | train_loss 3.1749 | lr 1.38e-04
step  15148 | train_loss 3.2236 | lr 1.38e-04
step  15149 | train_loss 3.2441 | lr 1.38e-04
step  15150 | train_loss 3.2276 | lr 1.38e-04
step  15151 | train_loss 3.2247 | lr 1.38e-04
step  15152 | train_loss 3.2410 | lr 1.38e-04
step  15153 | train_loss 3.2390 | lr 1.37e-04
step  15154 | train_loss 3.2160 | lr 1.37e-04
step  15155 | train_loss 3.2063 | lr 1.37e-04
step  15156 | train_loss 3.2390 | lr 1.37e-04
step  15157 | train_loss 3.2198 | lr 1.37e-04
step  15158 | train_loss 3.1973 | lr 1.37e-04
step  15159 | train_loss 3.1863 | lr 1.37e-04
step  15160 | train_loss 3.2660 | lr 1.37e-04
step  15161 | train_loss 3.2400 | lr 1.37e-04
step  15162 | train_loss 3.1894 | lr 1.37e-04
step  15163 | train_loss 3.1823 | lr 1.37e-04
step  15164 | train_loss 3.2388 | lr 1.37e-04
step  15165 | train_loss 3.2581 | lr 1.37e-04
step  15166 | train_loss 3.2233 | lr 1.37e-04
step  15167 | train_loss 3.2330 | lr 1.37e-04
step  15168 | train_loss 3.2305 | lr 1.37e-04
step  15169 | train_loss 3.2310 | lr 1.37e-04
step  15170 | train_loss 3.2595 | lr 1.37e-04
step  15171 | train_loss 3.2490 | lr 1.37e-04
step  15172 | train_loss 3.2519 | lr 1.37e-04
step  15173 | train_loss 3.1940 | lr 1.37e-04
step  15174 | train_loss 3.2127 | lr 1.37e-04
step  15175 | train_loss 3.2373 | lr 1.37e-04
step  15176 | train_loss 3.2349 | lr 1.37e-04
step  15177 | train_loss 3.2050 | lr 1.37e-04
step  15178 | train_loss 3.1840 | lr 1.37e-04
step  15179 | train_loss 3.2238 | lr 1.37e-04
step  15180 | train_loss 3.1953 | lr 1.37e-04
step  15181 | train_loss 3.1868 | lr 1.37e-04
step  15182 | train_loss 3.2531 | lr 1.37e-04
step  15183 | train_loss 3.1498 | lr 1.37e-04
step  15184 | train_loss 3.2340 | lr 1.37e-04
step  15185 | train_loss 3.2449 | lr 1.37e-04
step  15186 | train_loss 3.2220 | lr 1.36e-04
step  15187 | train_loss 3.2160 | lr 1.36e-04
step  15188 | train_loss 3.2022 | lr 1.36e-04
step  15189 | train_loss 3.2152 | lr 1.36e-04
step  15190 | train_loss 3.2137 | lr 1.36e-04
step  15191 | train_loss 3.1865 | lr 1.36e-04
step  15192 | train_loss 3.2096 | lr 1.36e-04
step  15193 | train_loss 3.2095 | lr 1.36e-04
step  15194 | train_loss 3.2025 | lr 1.36e-04
step  15195 | train_loss 3.2611 | lr 1.36e-04
step  15196 | train_loss 3.1951 | lr 1.36e-04
step  15197 | train_loss 3.2579 | lr 1.36e-04
step  15198 | train_loss 3.2015 | lr 1.36e-04
step  15199 | train_loss 3.2643 | lr 1.36e-04
step  15200 | train_loss 3.2462 | lr 1.36e-04
step  15201 | train_loss 3.2589 | lr 1.36e-04
step  15202 | train_loss 3.2062 | lr 1.36e-04
step  15203 | train_loss 3.2414 | lr 1.36e-04
step  15204 | train_loss 3.2367 | lr 1.36e-04
step  15205 | train_loss 3.2851 | lr 1.36e-04
step  15206 | train_loss 3.2068 | lr 1.36e-04
step  15207 | train_loss 3.2208 | lr 1.36e-04
step  15208 | train_loss 3.1672 | lr 1.36e-04
step  15209 | train_loss 3.2466 | lr 1.36e-04
step  15210 | train_loss 3.2276 | lr 1.36e-04
step  15211 | train_loss 3.2070 | lr 1.36e-04
step  15212 | train_loss 3.2162 | lr 1.36e-04
step  15213 | train_loss 3.1686 | lr 1.36e-04
step  15214 | train_loss 3.2376 | lr 1.36e-04
step  15215 | train_loss 3.2244 | lr 1.36e-04
step  15216 | train_loss 3.2016 | lr 1.36e-04
step  15217 | train_loss 3.1684 | lr 1.36e-04
step  15218 | train_loss 3.2940 | lr 1.36e-04
step  15219 | train_loss 3.2030 | lr 1.36e-04
step  15220 | train_loss 3.1870 | lr 1.35e-04
step  15221 | train_loss 3.2300 | lr 1.35e-04
step  15222 | train_loss 3.2520 | lr 1.35e-04
step  15223 | train_loss 3.2265 | lr 1.35e-04
step  15224 | train_loss 3.2028 | lr 1.35e-04
step  15225 | train_loss 3.1644 | lr 1.35e-04
step  15226 | train_loss 3.2889 | lr 1.35e-04
step  15227 | train_loss 3.2190 | lr 1.35e-04
step  15228 | train_loss 3.2500 | lr 1.35e-04
step  15229 | train_loss 3.2915 | lr 1.35e-04
step  15230 | train_loss 3.2048 | lr 1.35e-04
step  15231 | train_loss 3.2090 | lr 1.35e-04
step  15232 | train_loss 3.2307 | lr 1.35e-04
step  15233 | train_loss 3.2208 | lr 1.35e-04
step  15234 | train_loss 3.2589 | lr 1.35e-04
step  15235 | train_loss 3.1726 | lr 1.35e-04
step  15236 | train_loss 3.1705 | lr 1.35e-04
step  15237 | train_loss 3.2056 | lr 1.35e-04
step  15238 | train_loss 3.1857 | lr 1.35e-04
step  15239 | train_loss 3.2045 | lr 1.35e-04
step  15240 | train_loss 3.1997 | lr 1.35e-04
step  15241 | train_loss 3.2141 | lr 1.35e-04
step  15242 | train_loss 3.1728 | lr 1.35e-04
step  15243 | train_loss 3.2122 | lr 1.35e-04
step  15244 | train_loss 3.2115 | lr 1.35e-04
step  15245 | train_loss 3.2379 | lr 1.35e-04
step  15246 | train_loss 3.2558 | lr 1.35e-04
step  15247 | train_loss 3.2072 | lr 1.35e-04
step  15248 | train_loss 3.2236 | lr 1.35e-04
step  15249 | train_loss 3.2056 | lr 1.35e-04
step  15250 | train_loss 3.2682 | lr 1.35e-04
step  15251 | train_loss 3.2473 | lr 1.35e-04
step  15252 | train_loss 3.2818 | lr 1.35e-04
step  15253 | train_loss 3.2082 | lr 1.34e-04
step  15254 | train_loss 3.1945 | lr 1.34e-04
step  15255 | train_loss 3.2059 | lr 1.34e-04
step  15256 | train_loss 3.1484 | lr 1.34e-04
step  15257 | train_loss 3.2620 | lr 1.34e-04
step  15258 | train_loss 3.2524 | lr 1.34e-04
step  15259 | train_loss 3.2838 | lr 1.34e-04
step  15260 | train_loss 3.2669 | lr 1.34e-04
step  15261 | train_loss 3.2342 | lr 1.34e-04
step  15262 | train_loss 3.2468 | lr 1.34e-04
step  15263 | train_loss 3.2323 | lr 1.34e-04
step  15264 | train_loss 3.2450 | lr 1.34e-04
step  15265 | train_loss 3.2277 | lr 1.34e-04
step  15266 | train_loss 3.2167 | lr 1.34e-04
step  15267 | train_loss 3.1992 | lr 1.34e-04
step  15268 | train_loss 3.1824 | lr 1.34e-04
step  15269 | train_loss 3.3007 | lr 1.34e-04
step  15270 | train_loss 3.2438 | lr 1.34e-04
step  15271 | train_loss 3.2244 | lr 1.34e-04
step  15272 | train_loss 3.2322 | lr 1.34e-04
step  15273 | train_loss 3.2176 | lr 1.34e-04
step  15274 | train_loss 3.2190 | lr 1.34e-04
step  15275 | train_loss 3.1946 | lr 1.34e-04
step  15276 | train_loss 3.1955 | lr 1.34e-04
step  15277 | train_loss 3.2256 | lr 1.34e-04
step  15278 | train_loss 3.1804 | lr 1.34e-04
step  15279 | train_loss 3.2415 | lr 1.34e-04
step  15280 | train_loss 3.2206 | lr 1.34e-04
step  15281 | train_loss 3.1883 | lr 1.34e-04
step  15282 | train_loss 3.2270 | lr 1.34e-04
step  15283 | train_loss 3.2013 | lr 1.34e-04
step  15284 | train_loss 3.2070 | lr 1.34e-04
step  15285 | train_loss 3.2175 | lr 1.34e-04
step  15286 | train_loss 3.2099 | lr 1.34e-04
step  15287 | train_loss 3.2589 | lr 1.33e-04
step  15288 | train_loss 3.2124 | lr 1.33e-04
step  15289 | train_loss 3.2213 | lr 1.33e-04
step  15290 | train_loss 3.1843 | lr 1.33e-04
step  15291 | train_loss 3.2096 | lr 1.33e-04
step  15292 | train_loss 3.1968 | lr 1.33e-04
step  15293 | train_loss 3.1934 | lr 1.33e-04
step  15294 | train_loss 3.2172 | lr 1.33e-04
step  15295 | train_loss 3.1886 | lr 1.33e-04
step  15296 | train_loss 3.2407 | lr 1.33e-04
step  15297 | train_loss 3.2298 | lr 1.33e-04
step  15298 | train_loss 3.2374 | lr 1.33e-04
step  15299 | train_loss 3.2211 | lr 1.33e-04
step  15300 | train_loss 3.2604 | lr 1.33e-04
step  15301 | train_loss 3.2402 | lr 1.33e-04
step  15302 | train_loss 3.2056 | lr 1.33e-04
step  15303 | train_loss 3.1957 | lr 1.33e-04
step  15304 | train_loss 3.2282 | lr 1.33e-04
step  15305 | train_loss 3.2169 | lr 1.33e-04
step  15306 | train_loss 3.2089 | lr 1.33e-04
step  15307 | train_loss 3.2521 | lr 1.33e-04
step  15308 | train_loss 3.2310 | lr 1.33e-04
step  15309 | train_loss 3.2523 | lr 1.33e-04
step  15310 | train_loss 3.3014 | lr 1.33e-04
step  15311 | train_loss 3.2120 | lr 1.33e-04
step  15312 | train_loss 3.2129 | lr 1.33e-04
step  15313 | train_loss 3.2542 | lr 1.33e-04
step  15314 | train_loss 3.2268 | lr 1.33e-04
step  15315 | train_loss 3.2047 | lr 1.33e-04
step  15316 | train_loss 3.1773 | lr 1.33e-04
step  15317 | train_loss 3.2101 | lr 1.33e-04
step  15318 | train_loss 3.2791 | lr 1.33e-04
step  15319 | train_loss 3.1869 | lr 1.33e-04
step  15320 | train_loss 3.1662 | lr 1.32e-04
step  15321 | train_loss 3.2541 | lr 1.32e-04
step  15322 | train_loss 3.2397 | lr 1.32e-04
step  15323 | train_loss 3.2492 | lr 1.32e-04
step  15324 | train_loss 3.2563 | lr 1.32e-04
step  15325 | train_loss 3.1861 | lr 1.32e-04
step  15326 | train_loss 3.2316 | lr 1.32e-04
step  15327 | train_loss 3.2546 | lr 1.32e-04
step  15328 | train_loss 3.2583 | lr 1.32e-04
step  15329 | train_loss 3.2282 | lr 1.32e-04
step  15330 | train_loss 3.1890 | lr 1.32e-04
step  15331 | train_loss 3.1948 | lr 1.32e-04
step  15332 | train_loss 3.2421 | lr 1.32e-04
step  15333 | train_loss 3.2437 | lr 1.32e-04
step  15334 | train_loss 3.2608 | lr 1.32e-04
step  15335 | train_loss 3.2062 | lr 1.32e-04
step  15336 | train_loss 3.2486 | lr 1.32e-04
step  15337 | train_loss 3.2129 | lr 1.32e-04
step  15338 | train_loss 3.2245 | lr 1.32e-04
step  15339 | train_loss 3.2624 | lr 1.32e-04
step  15340 | train_loss 3.2389 | lr 1.32e-04
step  15341 | train_loss 3.2808 | lr 1.32e-04
step  15342 | train_loss 3.2739 | lr 1.32e-04
step  15343 | train_loss 3.2804 | lr 1.32e-04
step  15344 | train_loss 3.2423 | lr 1.32e-04
step  15345 | train_loss 3.2157 | lr 1.32e-04
step  15346 | train_loss 3.2560 | lr 1.32e-04
step  15347 | train_loss 3.1940 | lr 1.32e-04
step  15348 | train_loss 3.1977 | lr 1.32e-04
step  15349 | train_loss 3.2049 | lr 1.32e-04
step  15350 | train_loss 3.2497 | lr 1.32e-04
step  15351 | train_loss 3.2163 | lr 1.32e-04
step  15352 | train_loss 3.1889 | lr 1.32e-04
step  15353 | train_loss 3.2323 | lr 1.32e-04
step  15354 | train_loss 3.2158 | lr 1.31e-04
step  15355 | train_loss 3.2314 | lr 1.31e-04
step  15356 | train_loss 3.1778 | lr 1.31e-04
step  15357 | train_loss 3.2398 | lr 1.31e-04
step  15358 | train_loss 3.2382 | lr 1.31e-04
step  15359 | train_loss 3.2276 | lr 1.31e-04
step  15360 | train_loss 3.2898 | lr 1.31e-04
step  15361 | train_loss 3.2549 | lr 1.31e-04
step  15362 | train_loss 3.2082 | lr 1.31e-04
step  15363 | train_loss 3.2324 | lr 1.31e-04
step  15364 | train_loss 3.2128 | lr 1.31e-04
step  15365 | train_loss 3.1852 | lr 1.31e-04
step  15366 | train_loss 3.1761 | lr 1.31e-04
step  15367 | train_loss 3.2358 | lr 1.31e-04
step  15368 | train_loss 3.2205 | lr 1.31e-04
step  15369 | train_loss 3.2373 | lr 1.31e-04
step  15370 | train_loss 3.2214 | lr 1.31e-04
step  15371 | train_loss 3.2254 | lr 1.31e-04
step  15372 | train_loss 3.1873 | lr 1.31e-04
step  15373 | train_loss 3.2453 | lr 1.31e-04
step  15374 | train_loss 3.2134 | lr 1.31e-04
step  15375 | train_loss 3.2621 | lr 1.31e-04
step  15376 | train_loss 3.2095 | lr 1.31e-04
step  15377 | train_loss 3.2081 | lr 1.31e-04
step  15378 | train_loss 3.1898 | lr 1.31e-04
step  15379 | train_loss 3.2474 | lr 1.31e-04
step  15380 | train_loss 3.2407 | lr 1.31e-04
step  15381 | train_loss 3.2213 | lr 1.31e-04
step  15382 | train_loss 3.2390 | lr 1.31e-04
step  15383 | train_loss 3.2180 | lr 1.31e-04
step  15384 | train_loss 3.2765 | lr 1.31e-04
step  15385 | train_loss 3.2639 | lr 1.31e-04
step  15386 | train_loss 3.2050 | lr 1.31e-04
step  15387 | train_loss 3.2446 | lr 1.31e-04
step  15388 | train_loss 3.2757 | lr 1.31e-04
step  15389 | train_loss 3.1910 | lr 1.30e-04
step  15390 | train_loss 3.2295 | lr 1.30e-04
step  15391 | train_loss 3.2418 | lr 1.30e-04
step  15392 | train_loss 3.1884 | lr 1.30e-04
step  15393 | train_loss 3.2524 | lr 1.30e-04
step  15394 | train_loss 3.2627 | lr 1.30e-04
step  15395 | train_loss 3.1949 | lr 1.30e-04
step  15396 | train_loss 3.1763 | lr 1.30e-04
step  15397 | train_loss 3.2416 | lr 1.30e-04
step  15398 | train_loss 3.2282 | lr 1.30e-04
step  15399 | train_loss 3.2107 | lr 1.30e-04
step  15400 | train_loss 3.2250 | lr 1.30e-04
step  15401 | train_loss 3.1901 | lr 1.30e-04
step  15402 | train_loss 3.1843 | lr 1.30e-04
step  15403 | train_loss 3.2344 | lr 1.30e-04
step  15404 | train_loss 3.2514 | lr 1.30e-04
step  15405 | train_loss 3.2583 | lr 1.30e-04
step  15406 | train_loss 3.2167 | lr 1.30e-04
step  15407 | train_loss 3.2368 | lr 1.30e-04
step  15408 | train_loss 3.1769 | lr 1.30e-04
step  15409 | train_loss 3.1905 | lr 1.30e-04
step  15410 | train_loss 3.2252 | lr 1.30e-04
step  15411 | train_loss 3.2616 | lr 1.30e-04
step  15412 | train_loss 3.2013 | lr 1.30e-04
step  15413 | train_loss 3.2238 | lr 1.30e-04
step  15414 | train_loss 3.2183 | lr 1.30e-04
step  15415 | train_loss 3.2450 | lr 1.30e-04
step  15416 | train_loss 3.1969 | lr 1.30e-04
step  15417 | train_loss 3.2304 | lr 1.30e-04
step  15418 | train_loss 3.2047 | lr 1.30e-04
step  15419 | train_loss 3.1966 | lr 1.30e-04
step  15420 | train_loss 3.2269 | lr 1.30e-04
step  15421 | train_loss 3.2287 | lr 1.30e-04
step  15422 | train_loss 3.1855 | lr 1.30e-04
step  15423 | train_loss 3.2203 | lr 1.29e-04
step  15424 | train_loss 3.2058 | lr 1.29e-04
step  15425 | train_loss 3.1961 | lr 1.29e-04
step  15426 | train_loss 3.2453 | lr 1.29e-04
step  15427 | train_loss 3.2424 | lr 1.29e-04
step  15428 | train_loss 3.2258 | lr 1.29e-04
step  15429 | train_loss 3.1708 | lr 1.29e-04
step  15430 | train_loss 3.2307 | lr 1.29e-04
step  15431 | train_loss 3.2743 | lr 1.29e-04
step  15432 | train_loss 3.2357 | lr 1.29e-04
step  15433 | train_loss 3.2015 | lr 1.29e-04
step  15434 | train_loss 3.2151 | lr 1.29e-04
step  15435 | train_loss 3.2332 | lr 1.29e-04
step  15436 | train_loss 3.2386 | lr 1.29e-04
step  15437 | train_loss 3.1827 | lr 1.29e-04
step  15438 | train_loss 3.2134 | lr 1.29e-04
step  15439 | train_loss 3.1859 | lr 1.29e-04
step  15440 | train_loss 3.2434 | lr 1.29e-04
step  15441 | train_loss 3.1607 | lr 1.29e-04
step  15442 | train_loss 3.2028 | lr 1.29e-04
step  15443 | train_loss 3.1980 | lr 1.29e-04
step  15444 | train_loss 3.2313 | lr 1.29e-04
step  15445 | train_loss 3.2213 | lr 1.29e-04
step  15446 | train_loss 3.2421 | lr 1.29e-04
step  15447 | train_loss 3.2196 | lr 1.29e-04
step  15448 | train_loss 3.2161 | lr 1.29e-04
step  15449 | train_loss 3.2630 | lr 1.29e-04
step  15450 | train_loss 3.2237 | lr 1.29e-04
step  15451 | train_loss 3.2344 | lr 1.29e-04
step  15452 | train_loss 3.2405 | lr 1.29e-04
step  15453 | train_loss 3.2152 | lr 1.29e-04
step  15454 | train_loss 3.2800 | lr 1.29e-04
step  15455 | train_loss 3.2068 | lr 1.29e-04
step  15456 | train_loss 3.1942 | lr 1.29e-04
step  15457 | train_loss 3.1800 | lr 1.29e-04
step  15458 | train_loss 3.2038 | lr 1.28e-04
step  15459 | train_loss 3.2354 | lr 1.28e-04
step  15460 | train_loss 3.2320 | lr 1.28e-04
step  15461 | train_loss 3.2482 | lr 1.28e-04
step  15462 | train_loss 3.2262 | lr 1.28e-04
step  15463 | train_loss 3.2552 | lr 1.28e-04
step  15464 | train_loss 3.2412 | lr 1.28e-04
step  15465 | train_loss 3.1768 | lr 1.28e-04
step  15466 | train_loss 3.2152 | lr 1.28e-04
step  15467 | train_loss 3.1942 | lr 1.28e-04
step  15468 | train_loss 3.1879 | lr 1.28e-04
step  15469 | train_loss 3.2015 | lr 1.28e-04
step  15470 | train_loss 3.2231 | lr 1.28e-04
step  15471 | train_loss 3.2326 | lr 1.28e-04
step  15472 | train_loss 3.2886 | lr 1.28e-04
step  15473 | train_loss 3.2179 | lr 1.28e-04
step  15474 | train_loss 3.2285 | lr 1.28e-04
step  15475 | train_loss 3.2546 | lr 1.28e-04
step  15476 | train_loss 3.2015 | lr 1.28e-04
step  15477 | train_loss 3.3003 | lr 1.28e-04
step  15478 | train_loss 3.2084 | lr 1.28e-04
step  15479 | train_loss 3.1789 | lr 1.28e-04
step  15480 | train_loss 3.2216 | lr 1.28e-04
step  15481 | train_loss 3.1631 | lr 1.28e-04
step  15482 | train_loss 3.2345 | lr 1.28e-04
step  15483 | train_loss 3.2043 | lr 1.28e-04
step  15484 | train_loss 3.2584 | lr 1.28e-04
step  15485 | train_loss 3.2092 | lr 1.28e-04
step  15486 | train_loss 3.2199 | lr 1.28e-04
step  15487 | train_loss 3.2055 | lr 1.28e-04
step  15488 | train_loss 3.1949 | lr 1.28e-04
step  15489 | train_loss 3.1515 | lr 1.28e-04
step  15490 | train_loss 3.1885 | lr 1.28e-04
step  15491 | train_loss 3.2230 | lr 1.28e-04
step  15492 | train_loss 3.2644 | lr 1.27e-04
step  15493 | train_loss 3.1922 | lr 1.27e-04
step  15494 | train_loss 3.1752 | lr 1.27e-04
step  15495 | train_loss 3.2254 | lr 1.27e-04
step  15496 | train_loss 3.2611 | lr 1.27e-04
step  15497 | train_loss 3.2084 | lr 1.27e-04
step  15498 | train_loss 3.3021 | lr 1.27e-04
step  15499 | train_loss 3.1958 | lr 1.27e-04
step  15500 | train_loss 3.2735 | lr 1.27e-04
step  15500 | val_loss 3.1989 | val_ppl 24.51
Saved checkpoint to checkpoints/medium/step_15500.pt
step  15501 | train_loss 3.2328 | lr 1.27e-04
step  15502 | train_loss 3.2776 | lr 1.27e-04
step  15503 | train_loss 3.2291 | lr 1.27e-04
step  15504 | train_loss 3.2363 | lr 1.27e-04
step  15505 | train_loss 3.2312 | lr 1.27e-04
step  15506 | train_loss 3.2266 | lr 1.27e-04
step  15507 | train_loss 3.2056 | lr 1.27e-04
step  15508 | train_loss 3.2021 | lr 1.27e-04
step  15509 | train_loss 3.2277 | lr 1.27e-04
step  15510 | train_loss 3.2527 | lr 1.27e-04
step  15511 | train_loss 3.2054 | lr 1.27e-04
step  15512 | train_loss 3.2101 | lr 1.27e-04
step  15513 | train_loss 3.1947 | lr 1.27e-04
step  15514 | train_loss 3.1635 | lr 1.27e-04
step  15515 | train_loss 3.2042 | lr 1.27e-04
step  15516 | train_loss 3.2145 | lr 1.27e-04
step  15517 | train_loss 3.2290 | lr 1.27e-04
step  15518 | train_loss 3.1797 | lr 1.27e-04
step  15519 | train_loss 3.2196 | lr 1.27e-04
step  15520 | train_loss 3.2373 | lr 1.27e-04
step  15521 | train_loss 3.2081 | lr 1.27e-04
step  15522 | train_loss 3.2004 | lr 1.27e-04
step  15523 | train_loss 3.2259 | lr 1.27e-04
step  15524 | train_loss 3.2064 | lr 1.27e-04
step  15525 | train_loss 3.2249 | lr 1.27e-04
step  15526 | train_loss 3.2310 | lr 1.27e-04
step  15527 | train_loss 3.2269 | lr 1.26e-04
step  15528 | train_loss 3.1911 | lr 1.26e-04
step  15529 | train_loss 3.2043 | lr 1.26e-04
step  15530 | train_loss 3.2519 | lr 1.26e-04
step  15531 | train_loss 3.2009 | lr 1.26e-04
step  15532 | train_loss 3.2244 | lr 1.26e-04
step  15533 | train_loss 3.1931 | lr 1.26e-04
step  15534 | train_loss 3.2358 | lr 1.26e-04
step  15535 | train_loss 3.2138 | lr 1.26e-04
step  15536 | train_loss 3.2336 | lr 1.26e-04
step  15537 | train_loss 3.2389 | lr 1.26e-04
step  15538 | train_loss 3.1896 | lr 1.26e-04
step  15539 | train_loss 3.2212 | lr 1.26e-04
step  15540 | train_loss 3.2317 | lr 1.26e-04
step  15541 | train_loss 3.2270 | lr 1.26e-04
step  15542 | train_loss 3.1960 | lr 1.26e-04
step  15543 | train_loss 3.2679 | lr 1.26e-04
step  15544 | train_loss 3.2322 | lr 1.26e-04
step  15545 | train_loss 3.2001 | lr 1.26e-04
step  15546 | train_loss 3.2043 | lr 1.26e-04
step  15547 | train_loss 3.2194 | lr 1.26e-04
step  15548 | train_loss 3.1768 | lr 1.26e-04
step  15549 | train_loss 3.1782 | lr 1.26e-04
step  15550 | train_loss 3.2262 | lr 1.26e-04
step  15551 | train_loss 3.2160 | lr 1.26e-04
step  15552 | train_loss 3.2484 | lr 1.26e-04
step  15553 | train_loss 3.2440 | lr 1.26e-04
step  15554 | train_loss 3.1753 | lr 1.26e-04
step  15555 | train_loss 3.2151 | lr 1.26e-04
step  15556 | train_loss 3.2292 | lr 1.26e-04
step  15557 | train_loss 3.2615 | lr 1.26e-04
step  15558 | train_loss 3.2528 | lr 1.26e-04
step  15559 | train_loss 3.2149 | lr 1.26e-04
step  15560 | train_loss 3.2187 | lr 1.26e-04
step  15561 | train_loss 3.1773 | lr 1.26e-04
step  15562 | train_loss 3.1988 | lr 1.26e-04
step  15563 | train_loss 3.1821 | lr 1.25e-04
step  15564 | train_loss 3.2278 | lr 1.25e-04
step  15565 | train_loss 3.2100 | lr 1.25e-04
step  15566 | train_loss 3.1949 | lr 1.25e-04
step  15567 | train_loss 3.1995 | lr 1.25e-04
step  15568 | train_loss 3.2305 | lr 1.25e-04
step  15569 | train_loss 3.2090 | lr 1.25e-04
step  15570 | train_loss 3.2198 | lr 1.25e-04
step  15571 | train_loss 3.2327 | lr 1.25e-04
step  15572 | train_loss 3.2147 | lr 1.25e-04
step  15573 | train_loss 3.2366 | lr 1.25e-04
step  15574 | train_loss 3.1863 | lr 1.25e-04
step  15575 | train_loss 3.2080 | lr 1.25e-04
step  15576 | train_loss 3.2409 | lr 1.25e-04
step  15577 | train_loss 3.2083 | lr 1.25e-04
step  15578 | train_loss 3.2206 | lr 1.25e-04
step  15579 | train_loss 3.1982 | lr 1.25e-04
step  15580 | train_loss 3.2628 | lr 1.25e-04
step  15581 | train_loss 3.2170 | lr 1.25e-04
step  15582 | train_loss 3.2009 | lr 1.25e-04
step  15583 | train_loss 3.2255 | lr 1.25e-04
step  15584 | train_loss 3.2124 | lr 1.25e-04
step  15585 | train_loss 3.2407 | lr 1.25e-04
step  15586 | train_loss 3.1965 | lr 1.25e-04
step  15587 | train_loss 3.1567 | lr 1.25e-04
step  15588 | train_loss 3.1721 | lr 1.25e-04
step  15589 | train_loss 3.2273 | lr 1.25e-04
step  15590 | train_loss 3.2227 | lr 1.25e-04
step  15591 | train_loss 3.2672 | lr 1.25e-04
step  15592 | train_loss 3.2375 | lr 1.25e-04
step  15593 | train_loss 3.2521 | lr 1.25e-04
step  15594 | train_loss 3.1962 | lr 1.25e-04
step  15595 | train_loss 3.2002 | lr 1.25e-04
step  15596 | train_loss 3.2020 | lr 1.25e-04
step  15597 | train_loss 3.2463 | lr 1.25e-04
step  15598 | train_loss 3.2544 | lr 1.24e-04
step  15599 | train_loss 3.2044 | lr 1.24e-04
step  15600 | train_loss 3.2116 | lr 1.24e-04
step  15601 | train_loss 3.1831 | lr 1.24e-04
step  15602 | train_loss 3.2151 | lr 1.24e-04
step  15603 | train_loss 3.2432 | lr 1.24e-04
step  15604 | train_loss 3.2231 | lr 1.24e-04
step  15605 | train_loss 3.2171 | lr 1.24e-04
step  15606 | train_loss 3.2160 | lr 1.24e-04
step  15607 | train_loss 3.2480 | lr 1.24e-04
step  15608 | train_loss 3.1943 | lr 1.24e-04
step  15609 | train_loss 3.1752 | lr 1.24e-04
step  15610 | train_loss 3.2319 | lr 1.24e-04
step  15611 | train_loss 3.2147 | lr 1.24e-04
step  15612 | train_loss 3.2357 | lr 1.24e-04
step  15613 | train_loss 3.2191 | lr 1.24e-04
step  15614 | train_loss 3.2220 | lr 1.24e-04
step  15615 | train_loss 3.2197 | lr 1.24e-04
step  15616 | train_loss 3.1648 | lr 1.24e-04
step  15617 | train_loss 3.1948 | lr 1.24e-04
step  15618 | train_loss 3.2836 | lr 1.24e-04
step  15619 | train_loss 3.1740 | lr 1.24e-04
step  15620 | train_loss 3.1822 | lr 1.24e-04
step  15621 | train_loss 3.2449 | lr 1.24e-04
step  15622 | train_loss 3.2072 | lr 1.24e-04
step  15623 | train_loss 3.2108 | lr 1.24e-04
step  15624 | train_loss 3.1798 | lr 1.24e-04
step  15625 | train_loss 3.2364 | lr 1.24e-04
step  15626 | train_loss 3.2126 | lr 1.24e-04
step  15627 | train_loss 3.2224 | lr 1.24e-04
step  15628 | train_loss 3.1967 | lr 1.24e-04
step  15629 | train_loss 3.2164 | lr 1.24e-04
step  15630 | train_loss 3.2808 | lr 1.24e-04
step  15631 | train_loss 3.1966 | lr 1.24e-04
step  15632 | train_loss 3.2315 | lr 1.24e-04
step  15633 | train_loss 3.2079 | lr 1.24e-04
step  15634 | train_loss 3.2221 | lr 1.23e-04
step  15635 | train_loss 3.2296 | lr 1.23e-04
step  15636 | train_loss 3.1863 | lr 1.23e-04
step  15637 | train_loss 3.2539 | lr 1.23e-04
step  15638 | train_loss 3.1945 | lr 1.23e-04
step  15639 | train_loss 3.2310 | lr 1.23e-04
step  15640 | train_loss 3.2330 | lr 1.23e-04
step  15641 | train_loss 3.2588 | lr 1.23e-04
step  15642 | train_loss 3.2296 | lr 1.23e-04
step  15643 | train_loss 3.2089 | lr 1.23e-04
step  15644 | train_loss 3.2081 | lr 1.23e-04
step  15645 | train_loss 3.2145 | lr 1.23e-04
step  15646 | train_loss 3.2075 | lr 1.23e-04
step  15647 | train_loss 3.2179 | lr 1.23e-04
step  15648 | train_loss 3.2081 | lr 1.23e-04
step  15649 | train_loss 3.2597 | lr 1.23e-04
step  15650 | train_loss 3.1533 | lr 1.23e-04
step  15651 | train_loss 3.2686 | lr 1.23e-04
step  15652 | train_loss 3.2273 | lr 1.23e-04
step  15653 | train_loss 3.2055 | lr 1.23e-04
step  15654 | train_loss 3.2126 | lr 1.23e-04
step  15655 | train_loss 3.2041 | lr 1.23e-04
step  15656 | train_loss 3.2507 | lr 1.23e-04
step  15657 | train_loss 3.2875 | lr 1.23e-04
step  15658 | train_loss 3.1694 | lr 1.23e-04
step  15659 | train_loss 3.2352 | lr 1.23e-04
step  15660 | train_loss 3.2381 | lr 1.23e-04
step  15661 | train_loss 3.2275 | lr 1.23e-04
step  15662 | train_loss 3.2514 | lr 1.23e-04
step  15663 | train_loss 3.1814 | lr 1.23e-04
step  15664 | train_loss 3.2342 | lr 1.23e-04
step  15665 | train_loss 3.2165 | lr 1.23e-04
step  15666 | train_loss 3.1973 | lr 1.23e-04
step  15667 | train_loss 3.1972 | lr 1.23e-04
step  15668 | train_loss 3.2236 | lr 1.23e-04
step  15669 | train_loss 3.1546 | lr 1.23e-04
step  15670 | train_loss 3.1923 | lr 1.22e-04
step  15671 | train_loss 3.2537 | lr 1.22e-04
step  15672 | train_loss 3.2059 | lr 1.22e-04
step  15673 | train_loss 3.2150 | lr 1.22e-04
step  15674 | train_loss 3.2489 | lr 1.22e-04
step  15675 | train_loss 3.1820 | lr 1.22e-04
step  15676 | train_loss 3.2087 | lr 1.22e-04
step  15677 | train_loss 3.2423 | lr 1.22e-04
step  15678 | train_loss 3.1776 | lr 1.22e-04
step  15679 | train_loss 3.2544 | lr 1.22e-04
step  15680 | train_loss 3.2229 | lr 1.22e-04
step  15681 | train_loss 3.2080 | lr 1.22e-04
step  15682 | train_loss 3.1986 | lr 1.22e-04
step  15683 | train_loss 3.2019 | lr 1.22e-04
step  15684 | train_loss 3.2374 | lr 1.22e-04
step  15685 | train_loss 3.1830 | lr 1.22e-04
step  15686 | train_loss 3.2560 | lr 1.22e-04
step  15687 | train_loss 3.2367 | lr 1.22e-04
step  15688 | train_loss 3.1965 | lr 1.22e-04
step  15689 | train_loss 3.1858 | lr 1.22e-04
step  15690 | train_loss 3.2455 | lr 1.22e-04
step  15691 | train_loss 3.1805 | lr 1.22e-04
step  15692 | train_loss 3.2334 | lr 1.22e-04
step  15693 | train_loss 3.2155 | lr 1.22e-04
step  15694 | train_loss 3.2481 | lr 1.22e-04
step  15695 | train_loss 3.1917 | lr 1.22e-04
step  15696 | train_loss 3.2293 | lr 1.22e-04
step  15697 | train_loss 3.1773 | lr 1.22e-04
step  15698 | train_loss 3.2423 | lr 1.22e-04
step  15699 | train_loss 3.1717 | lr 1.22e-04
step  15700 | train_loss 3.2248 | lr 1.22e-04
step  15701 | train_loss 3.2420 | lr 1.22e-04
step  15702 | train_loss 3.1972 | lr 1.22e-04
step  15703 | train_loss 3.1946 | lr 1.22e-04
step  15704 | train_loss 3.2264 | lr 1.22e-04
step  15705 | train_loss 3.1580 | lr 1.22e-04
step  15706 | train_loss 3.2087 | lr 1.21e-04
step  15707 | train_loss 3.2383 | lr 1.21e-04
step  15708 | train_loss 3.2314 | lr 1.21e-04
step  15709 | train_loss 3.2368 | lr 1.21e-04
step  15710 | train_loss 3.2529 | lr 1.21e-04
step  15711 | train_loss 3.1758 | lr 1.21e-04
step  15712 | train_loss 3.2037 | lr 1.21e-04
step  15713 | train_loss 3.2054 | lr 1.21e-04
step  15714 | train_loss 3.2495 | lr 1.21e-04
step  15715 | train_loss 3.2040 | lr 1.21e-04
step  15716 | train_loss 3.1948 | lr 1.21e-04
step  15717 | train_loss 3.2134 | lr 1.21e-04
step  15718 | train_loss 3.2560 | lr 1.21e-04
step  15719 | train_loss 3.2294 | lr 1.21e-04
step  15720 | train_loss 3.2772 | lr 1.21e-04
step  15721 | train_loss 3.2282 | lr 1.21e-04
step  15722 | train_loss 3.2342 | lr 1.21e-04
step  15723 | train_loss 3.2470 | lr 1.21e-04
step  15724 | train_loss 3.2246 | lr 1.21e-04
step  15725 | train_loss 3.2185 | lr 1.21e-04
step  15726 | train_loss 3.2373 | lr 1.21e-04
step  15727 | train_loss 3.1890 | lr 1.21e-04
step  15728 | train_loss 3.2078 | lr 1.21e-04
step  15729 | train_loss 3.1856 | lr 1.21e-04
step  15730 | train_loss 3.2379 | lr 1.21e-04
step  15731 | train_loss 3.2167 | lr 1.21e-04
step  15732 | train_loss 3.1777 | lr 1.21e-04
step  15733 | train_loss 3.1978 | lr 1.21e-04
step  15734 | train_loss 3.1545 | lr 1.21e-04
step  15735 | train_loss 3.1935 | lr 1.21e-04
step  15736 | train_loss 3.2308 | lr 1.21e-04
step  15737 | train_loss 3.2157 | lr 1.21e-04
step  15738 | train_loss 3.2411 | lr 1.21e-04
step  15739 | train_loss 3.2442 | lr 1.21e-04
step  15740 | train_loss 3.1996 | lr 1.21e-04
step  15741 | train_loss 3.1915 | lr 1.21e-04
step  15742 | train_loss 3.2395 | lr 1.21e-04
step  15743 | train_loss 3.2115 | lr 1.20e-04
step  15744 | train_loss 3.1900 | lr 1.20e-04
step  15745 | train_loss 3.1938 | lr 1.20e-04
step  15746 | train_loss 3.2011 | lr 1.20e-04
step  15747 | train_loss 3.1975 | lr 1.20e-04
step  15748 | train_loss 3.2060 | lr 1.20e-04
step  15749 | train_loss 3.2151 | lr 1.20e-04
step  15750 | train_loss 3.1832 | lr 1.20e-04
step  15751 | train_loss 3.1655 | lr 1.20e-04
step  15752 | train_loss 3.2203 | lr 1.20e-04
step  15753 | train_loss 3.2230 | lr 1.20e-04
step  15754 | train_loss 3.2151 | lr 1.20e-04
step  15755 | train_loss 3.2352 | lr 1.20e-04
step  15756 | train_loss 3.2742 | lr 1.20e-04
step  15757 | train_loss 3.2206 | lr 1.20e-04
step  15758 | train_loss 3.2067 | lr 1.20e-04
step  15759 | train_loss 3.2121 | lr 1.20e-04
step  15760 | train_loss 3.2369 | lr 1.20e-04
step  15761 | train_loss 3.2056 | lr 1.20e-04
step  15762 | train_loss 3.2288 | lr 1.20e-04
step  15763 | train_loss 3.2257 | lr 1.20e-04
step  15764 | train_loss 3.2025 | lr 1.20e-04
step  15765 | train_loss 3.2633 | lr 1.20e-04
step  15766 | train_loss 3.2351 | lr 1.20e-04
step  15767 | train_loss 3.1997 | lr 1.20e-04
step  15768 | train_loss 3.2191 | lr 1.20e-04
step  15769 | train_loss 3.2439 | lr 1.20e-04
step  15770 | train_loss 3.2579 | lr 1.20e-04
step  15771 | train_loss 3.2000 | lr 1.20e-04
step  15772 | train_loss 3.2349 | lr 1.20e-04
step  15773 | train_loss 3.2118 | lr 1.20e-04
step  15774 | train_loss 3.2022 | lr 1.20e-04
step  15775 | train_loss 3.2474 | lr 1.20e-04
step  15776 | train_loss 3.2093 | lr 1.20e-04
step  15777 | train_loss 3.2270 | lr 1.20e-04
step  15778 | train_loss 3.2576 | lr 1.20e-04
step  15779 | train_loss 3.2272 | lr 1.20e-04
step  15780 | train_loss 3.2073 | lr 1.19e-04
step  15781 | train_loss 3.2215 | lr 1.19e-04
step  15782 | train_loss 3.2728 | lr 1.19e-04
step  15783 | train_loss 3.1890 | lr 1.19e-04
step  15784 | train_loss 3.2220 | lr 1.19e-04
step  15785 | train_loss 3.1865 | lr 1.19e-04
step  15786 | train_loss 3.1703 | lr 1.19e-04
step  15787 | train_loss 3.1989 | lr 1.19e-04
step  15788 | train_loss 3.2232 | lr 1.19e-04
step  15789 | train_loss 3.2580 | lr 1.19e-04
step  15790 | train_loss 3.2019 | lr 1.19e-04
step  15791 | train_loss 3.1859 | lr 1.19e-04
step  15792 | train_loss 3.2145 | lr 1.19e-04
step  15793 | train_loss 3.2270 | lr 1.19e-04
step  15794 | train_loss 3.1910 | lr 1.19e-04
step  15795 | train_loss 3.2217 | lr 1.19e-04
step  15796 | train_loss 3.2357 | lr 1.19e-04
step  15797 | train_loss 3.2359 | lr 1.19e-04
step  15798 | train_loss 3.1876 | lr 1.19e-04
step  15799 | train_loss 3.2322 | lr 1.19e-04
step  15800 | train_loss 3.2296 | lr 1.19e-04
step  15801 | train_loss 3.3108 | lr 1.19e-04
step  15802 | train_loss 3.2187 | lr 1.19e-04
step  15803 | train_loss 3.1970 | lr 1.19e-04
step  15804 | train_loss 3.2439 | lr 1.19e-04
step  15805 | train_loss 3.2355 | lr 1.19e-04
step  15806 | train_loss 3.2109 | lr 1.19e-04
step  15807 | train_loss 3.1778 | lr 1.19e-04
step  15808 | train_loss 3.2132 | lr 1.19e-04
step  15809 | train_loss 3.1977 | lr 1.19e-04
step  15810 | train_loss 3.2442 | lr 1.19e-04
step  15811 | train_loss 3.2559 | lr 1.19e-04
step  15812 | train_loss 3.2312 | lr 1.19e-04
step  15813 | train_loss 3.2173 | lr 1.19e-04
step  15814 | train_loss 3.2547 | lr 1.19e-04
step  15815 | train_loss 3.2461 | lr 1.19e-04
step  15816 | train_loss 3.2457 | lr 1.19e-04
step  15817 | train_loss 3.2440 | lr 1.18e-04
step  15818 | train_loss 3.1937 | lr 1.18e-04
step  15819 | train_loss 3.2260 | lr 1.18e-04
step  15820 | train_loss 3.2006 | lr 1.18e-04
step  15821 | train_loss 3.1861 | lr 1.18e-04
step  15822 | train_loss 3.2328 | lr 1.18e-04
step  15823 | train_loss 3.1697 | lr 1.18e-04
step  15824 | train_loss 3.2057 | lr 1.18e-04
step  15825 | train_loss 3.1637 | lr 1.18e-04
step  15826 | train_loss 3.1910 | lr 1.18e-04
step  15827 | train_loss 3.1886 | lr 1.18e-04
step  15828 | train_loss 3.1751 | lr 1.18e-04
step  15829 | train_loss 3.2204 | lr 1.18e-04
step  15830 | train_loss 3.2076 | lr 1.18e-04
step  15831 | train_loss 3.2506 | lr 1.18e-04
step  15832 | train_loss 3.1738 | lr 1.18e-04
step  15833 | train_loss 3.2192 | lr 1.18e-04
step  15834 | train_loss 3.2169 | lr 1.18e-04
step  15835 | train_loss 3.2288 | lr 1.18e-04
step  15836 | train_loss 3.2155 | lr 1.18e-04
step  15837 | train_loss 3.1978 | lr 1.18e-04
step  15838 | train_loss 3.2111 | lr 1.18e-04
step  15839 | train_loss 3.2123 | lr 1.18e-04
step  15840 | train_loss 3.2378 | lr 1.18e-04
step  15841 | train_loss 3.1902 | lr 1.18e-04
step  15842 | train_loss 3.2052 | lr 1.18e-04
step  15843 | train_loss 3.2041 | lr 1.18e-04
step  15844 | train_loss 3.2006 | lr 1.18e-04
step  15845 | train_loss 3.2244 | lr 1.18e-04
step  15846 | train_loss 3.1818 | lr 1.18e-04
step  15847 | train_loss 3.1920 | lr 1.18e-04
step  15848 | train_loss 3.1772 | lr 1.18e-04
step  15849 | train_loss 3.1933 | lr 1.18e-04
step  15850 | train_loss 3.1973 | lr 1.18e-04
step  15851 | train_loss 3.2490 | lr 1.18e-04
step  15852 | train_loss 3.2663 | lr 1.18e-04
step  15853 | train_loss 3.2322 | lr 1.18e-04
step  15854 | train_loss 3.2581 | lr 1.17e-04
step  15855 | train_loss 3.1875 | lr 1.17e-04
step  15856 | train_loss 3.1750 | lr 1.17e-04
step  15857 | train_loss 3.2028 | lr 1.17e-04
step  15858 | train_loss 3.2264 | lr 1.17e-04
step  15859 | train_loss 3.2675 | lr 1.17e-04
step  15860 | train_loss 3.1941 | lr 1.17e-04
step  15861 | train_loss 3.2412 | lr 1.17e-04
step  15862 | train_loss 3.2704 | lr 1.17e-04
step  15863 | train_loss 3.2205 | lr 1.17e-04
step  15864 | train_loss 3.1991 | lr 1.17e-04
step  15865 | train_loss 3.1828 | lr 1.17e-04
step  15866 | train_loss 3.2453 | lr 1.17e-04
step  15867 | train_loss 3.2242 | lr 1.17e-04
step  15868 | train_loss 3.2489 | lr 1.17e-04
step  15869 | train_loss 3.2090 | lr 1.17e-04
step  15870 | train_loss 3.2429 | lr 1.17e-04
step  15871 | train_loss 3.2644 | lr 1.17e-04
step  15872 | train_loss 3.1849 | lr 1.17e-04
step  15873 | train_loss 3.2558 | lr 1.17e-04
step  15874 | train_loss 3.2211 | lr 1.17e-04
step  15875 | train_loss 3.2336 | lr 1.17e-04
step  15876 | train_loss 3.1789 | lr 1.17e-04
step  15877 | train_loss 3.2492 | lr 1.17e-04
step  15878 | train_loss 3.1755 | lr 1.17e-04
step  15879 | train_loss 3.2819 | lr 1.17e-04
step  15880 | train_loss 3.2395 | lr 1.17e-04
step  15881 | train_loss 3.1982 | lr 1.17e-04
step  15882 | train_loss 3.1976 | lr 1.17e-04
step  15883 | train_loss 3.2209 | lr 1.17e-04
step  15884 | train_loss 3.2197 | lr 1.17e-04
step  15885 | train_loss 3.2341 | lr 1.17e-04
step  15886 | train_loss 3.1890 | lr 1.17e-04
step  15887 | train_loss 3.1593 | lr 1.17e-04
step  15888 | train_loss 3.2210 | lr 1.17e-04
step  15889 | train_loss 3.1936 | lr 1.17e-04
step  15890 | train_loss 3.1521 | lr 1.17e-04
step  15891 | train_loss 3.2194 | lr 1.16e-04
step  15892 | train_loss 3.1941 | lr 1.16e-04
step  15893 | train_loss 3.2051 | lr 1.16e-04
step  15894 | train_loss 3.2486 | lr 1.16e-04
step  15895 | train_loss 3.2632 | lr 1.16e-04
step  15896 | train_loss 3.2223 | lr 1.16e-04
step  15897 | train_loss 3.2150 | lr 1.16e-04
step  15898 | train_loss 3.2300 | lr 1.16e-04
step  15899 | train_loss 3.2028 | lr 1.16e-04
step  15900 | train_loss 3.2852 | lr 1.16e-04
step  15901 | train_loss 3.2564 | lr 1.16e-04
step  15902 | train_loss 3.2057 | lr 1.16e-04
step  15903 | train_loss 3.2194 | lr 1.16e-04
step  15904 | train_loss 3.2322 | lr 1.16e-04
step  15905 | train_loss 3.2068 | lr 1.16e-04
step  15906 | train_loss 3.2311 | lr 1.16e-04
step  15907 | train_loss 3.2291 | lr 1.16e-04
step  15908 | train_loss 3.2369 | lr 1.16e-04
step  15909 | train_loss 3.2185 | lr 1.16e-04
step  15910 | train_loss 3.2337 | lr 1.16e-04
step  15911 | train_loss 3.1822 | lr 1.16e-04
step  15912 | train_loss 3.1762 | lr 1.16e-04
step  15913 | train_loss 3.1928 | lr 1.16e-04
step  15914 | train_loss 3.1898 | lr 1.16e-04
step  15915 | train_loss 3.1752 | lr 1.16e-04
step  15916 | train_loss 3.1876 | lr 1.16e-04
step  15917 | train_loss 3.2382 | lr 1.16e-04
step  15918 | train_loss 3.2080 | lr 1.16e-04
step  15919 | train_loss 3.2270 | lr 1.16e-04
step  15920 | train_loss 3.2284 | lr 1.16e-04
step  15921 | train_loss 3.2122 | lr 1.16e-04
step  15922 | train_loss 3.2434 | lr 1.16e-04
step  15923 | train_loss 3.2305 | lr 1.16e-04
step  15924 | train_loss 3.2405 | lr 1.16e-04
step  15925 | train_loss 3.2062 | lr 1.16e-04
step  15926 | train_loss 3.2105 | lr 1.16e-04
step  15927 | train_loss 3.2405 | lr 1.16e-04
step  15928 | train_loss 3.2221 | lr 1.16e-04
step  15929 | train_loss 3.2295 | lr 1.15e-04
step  15930 | train_loss 3.2070 | lr 1.15e-04
step  15931 | train_loss 3.1947 | lr 1.15e-04
step  15932 | train_loss 3.2951 | lr 1.15e-04
step  15933 | train_loss 3.2098 | lr 1.15e-04
step  15934 | train_loss 3.2235 | lr 1.15e-04
step  15935 | train_loss 3.2902 | lr 1.15e-04
step  15936 | train_loss 3.2005 | lr 1.15e-04
step  15937 | train_loss 3.1713 | lr 1.15e-04
step  15938 | train_loss 3.2845 | lr 1.15e-04
step  15939 | train_loss 3.2338 | lr 1.15e-04
step  15940 | train_loss 3.2700 | lr 1.15e-04
step  15941 | train_loss 3.2310 | lr 1.15e-04
step  15942 | train_loss 3.2347 | lr 1.15e-04
step  15943 | train_loss 3.2197 | lr 1.15e-04
step  15944 | train_loss 3.2098 | lr 1.15e-04
step  15945 | train_loss 3.2731 | lr 1.15e-04
step  15946 | train_loss 3.2293 | lr 1.15e-04
step  15947 | train_loss 3.2286 | lr 1.15e-04
step  15948 | train_loss 3.2155 | lr 1.15e-04
step  15949 | train_loss 3.2500 | lr 1.15e-04
step  15950 | train_loss 3.2148 | lr 1.15e-04
step  15951 | train_loss 3.2043 | lr 1.15e-04
step  15952 | train_loss 3.2065 | lr 1.15e-04
step  15953 | train_loss 3.2158 | lr 1.15e-04
step  15954 | train_loss 3.2009 | lr 1.15e-04
step  15955 | train_loss 3.2735 | lr 1.15e-04
step  15956 | train_loss 3.1634 | lr 1.15e-04
step  15957 | train_loss 3.2439 | lr 1.15e-04
step  15958 | train_loss 3.2423 | lr 1.15e-04
step  15959 | train_loss 3.2122 | lr 1.15e-04
step  15960 | train_loss 3.1640 | lr 1.15e-04
step  15961 | train_loss 3.2111 | lr 1.15e-04
step  15962 | train_loss 3.2502 | lr 1.15e-04
step  15963 | train_loss 3.2539 | lr 1.15e-04
step  15964 | train_loss 3.1953 | lr 1.15e-04
step  15965 | train_loss 3.1906 | lr 1.15e-04
step  15966 | train_loss 3.1881 | lr 1.15e-04
step  15967 | train_loss 3.1841 | lr 1.15e-04
step  15968 | train_loss 3.1896 | lr 1.14e-04
step  15969 | train_loss 3.1884 | lr 1.14e-04
step  15970 | train_loss 3.1977 | lr 1.14e-04
step  15971 | train_loss 3.2556 | lr 1.14e-04
step  15972 | train_loss 3.2005 | lr 1.14e-04
step  15973 | train_loss 3.2779 | lr 1.14e-04
step  15974 | train_loss 3.2004 | lr 1.14e-04
step  15975 | train_loss 3.2155 | lr 1.14e-04
step  15976 | train_loss 3.2142 | lr 1.14e-04
step  15977 | train_loss 3.2084 | lr 1.14e-04
step  15978 | train_loss 3.2718 | lr 1.14e-04
step  15979 | train_loss 3.2613 | lr 1.14e-04
step  15980 | train_loss 3.2022 | lr 1.14e-04
step  15981 | train_loss 3.1820 | lr 1.14e-04
step  15982 | train_loss 3.2479 | lr 1.14e-04
step  15983 | train_loss 3.2028 | lr 1.14e-04
step  15984 | train_loss 3.2273 | lr 1.14e-04
step  15985 | train_loss 3.2126 | lr 1.14e-04
step  15986 | train_loss 3.1879 | lr 1.14e-04
step  15987 | train_loss 3.1972 | lr 1.14e-04
step  15988 | train_loss 3.1940 | lr 1.14e-04
step  15989 | train_loss 3.1930 | lr 1.14e-04
step  15990 | train_loss 3.2713 | lr 1.14e-04
step  15991 | train_loss 3.2241 | lr 1.14e-04
step  15992 | train_loss 3.2270 | lr 1.14e-04
step  15993 | train_loss 3.2287 | lr 1.14e-04
step  15994 | train_loss 3.2273 | lr 1.14e-04
step  15995 | train_loss 3.2268 | lr 1.14e-04
step  15996 | train_loss 3.2158 | lr 1.14e-04
step  15997 | train_loss 3.2052 | lr 1.14e-04
step  15998 | train_loss 3.1398 | lr 1.14e-04
step  15999 | train_loss 3.1840 | lr 1.14e-04
step  16000 | train_loss 3.2452 | lr 1.14e-04
step  16000 | val_loss 3.1907 | val_ppl 24.30
Saved checkpoint to checkpoints/medium/step_16000.pt
step  16001 | train_loss 3.2263 | lr 1.14e-04
step  16002 | train_loss 3.1863 | lr 1.14e-04
step  16003 | train_loss 3.2091 | lr 1.14e-04
step  16004 | train_loss 3.1591 | lr 1.14e-04
step  16005 | train_loss 3.2157 | lr 1.14e-04
step  16006 | train_loss 3.1890 | lr 1.13e-04
step  16007 | train_loss 3.2088 | lr 1.13e-04
step  16008 | train_loss 3.1889 | lr 1.13e-04
step  16009 | train_loss 3.2661 | lr 1.13e-04
step  16010 | train_loss 3.1911 | lr 1.13e-04
step  16011 | train_loss 3.2273 | lr 1.13e-04
step  16012 | train_loss 3.1833 | lr 1.13e-04
step  16013 | train_loss 3.2239 | lr 1.13e-04
step  16014 | train_loss 3.1356 | lr 1.13e-04
step  16015 | train_loss 3.2351 | lr 1.13e-04
step  16016 | train_loss 3.2390 | lr 1.13e-04
step  16017 | train_loss 3.2197 | lr 1.13e-04
step  16018 | train_loss 3.1514 | lr 1.13e-04
step  16019 | train_loss 3.2241 | lr 1.13e-04
step  16020 | train_loss 3.2331 | lr 1.13e-04
step  16021 | train_loss 3.2256 | lr 1.13e-04
step  16022 | train_loss 3.2603 | lr 1.13e-04
step  16023 | train_loss 3.2568 | lr 1.13e-04
step  16024 | train_loss 3.1722 | lr 1.13e-04
step  16025 | train_loss 3.2271 | lr 1.13e-04
step  16026 | train_loss 3.2096 | lr 1.13e-04
step  16027 | train_loss 3.2026 | lr 1.13e-04
step  16028 | train_loss 3.2130 | lr 1.13e-04
step  16029 | train_loss 3.1916 | lr 1.13e-04
step  16030 | train_loss 3.2115 | lr 1.13e-04
step  16031 | train_loss 3.2286 | lr 1.13e-04
step  16032 | train_loss 3.1922 | lr 1.13e-04
step  16033 | train_loss 3.2380 | lr 1.13e-04
step  16034 | train_loss 3.1944 | lr 1.13e-04
step  16035 | train_loss 3.2577 | lr 1.13e-04
step  16036 | train_loss 3.2427 | lr 1.13e-04
step  16037 | train_loss 3.2261 | lr 1.13e-04
step  16038 | train_loss 3.2152 | lr 1.13e-04
step  16039 | train_loss 3.2533 | lr 1.13e-04
step  16040 | train_loss 3.2412 | lr 1.13e-04
step  16041 | train_loss 3.2216 | lr 1.13e-04
step  16042 | train_loss 3.2028 | lr 1.13e-04
step  16043 | train_loss 3.1750 | lr 1.13e-04
step  16044 | train_loss 3.2104 | lr 1.13e-04
step  16045 | train_loss 3.2817 | lr 1.12e-04
step  16046 | train_loss 3.1607 | lr 1.12e-04
step  16047 | train_loss 3.1730 | lr 1.12e-04
step  16048 | train_loss 3.2180 | lr 1.12e-04
step  16049 | train_loss 3.2250 | lr 1.12e-04
step  16050 | train_loss 3.2029 | lr 1.12e-04
step  16051 | train_loss 3.2245 | lr 1.12e-04
step  16052 | train_loss 3.2330 | lr 1.12e-04
step  16053 | train_loss 3.2288 | lr 1.12e-04
step  16054 | train_loss 3.1931 | lr 1.12e-04
step  16055 | train_loss 3.2255 | lr 1.12e-04
step  16056 | train_loss 3.1736 | lr 1.12e-04
step  16057 | train_loss 3.2053 | lr 1.12e-04
step  16058 | train_loss 3.2074 | lr 1.12e-04
step  16059 | train_loss 3.1984 | lr 1.12e-04
step  16060 | train_loss 3.1454 | lr 1.12e-04
step  16061 | train_loss 3.1828 | lr 1.12e-04
step  16062 | train_loss 3.1812 | lr 1.12e-04
step  16063 | train_loss 3.2256 | lr 1.12e-04
step  16064 | train_loss 3.2355 | lr 1.12e-04
step  16065 | train_loss 3.1596 | lr 1.12e-04
step  16066 | train_loss 3.2174 | lr 1.12e-04
step  16067 | train_loss 3.1744 | lr 1.12e-04
step  16068 | train_loss 3.1965 | lr 1.12e-04
step  16069 | train_loss 3.1845 | lr 1.12e-04
step  16070 | train_loss 3.2135 | lr 1.12e-04
step  16071 | train_loss 3.1704 | lr 1.12e-04
step  16072 | train_loss 3.2029 | lr 1.12e-04
step  16073 | train_loss 3.2040 | lr 1.12e-04
step  16074 | train_loss 3.1664 | lr 1.12e-04
step  16075 | train_loss 3.1984 | lr 1.12e-04
step  16076 | train_loss 3.2100 | lr 1.12e-04
step  16077 | train_loss 3.1832 | lr 1.12e-04
step  16078 | train_loss 3.2285 | lr 1.12e-04
step  16079 | train_loss 3.2613 | lr 1.12e-04
step  16080 | train_loss 3.1597 | lr 1.12e-04
step  16081 | train_loss 3.2211 | lr 1.12e-04
step  16082 | train_loss 3.2127 | lr 1.12e-04
step  16083 | train_loss 3.1983 | lr 1.12e-04
step  16084 | train_loss 3.2178 | lr 1.11e-04
step  16085 | train_loss 3.1643 | lr 1.11e-04
step  16086 | train_loss 3.2290 | lr 1.11e-04
step  16087 | train_loss 3.1569 | lr 1.11e-04
step  16088 | train_loss 3.1884 | lr 1.11e-04
step  16089 | train_loss 3.1670 | lr 1.11e-04
step  16090 | train_loss 3.1766 | lr 1.11e-04
step  16091 | train_loss 3.2007 | lr 1.11e-04
step  16092 | train_loss 3.2042 | lr 1.11e-04
step  16093 | train_loss 3.2725 | lr 1.11e-04
step  16094 | train_loss 3.2175 | lr 1.11e-04
step  16095 | train_loss 3.1935 | lr 1.11e-04
step  16096 | train_loss 3.2210 | lr 1.11e-04
step  16097 | train_loss 3.2125 | lr 1.11e-04
step  16098 | train_loss 3.2160 | lr 1.11e-04
step  16099 | train_loss 3.2271 | lr 1.11e-04
step  16100 | train_loss 3.1584 | lr 1.11e-04
step  16101 | train_loss 3.2288 | lr 1.11e-04
step  16102 | train_loss 3.2332 | lr 1.11e-04
step  16103 | train_loss 3.2110 | lr 1.11e-04
step  16104 | train_loss 3.2121 | lr 1.11e-04
step  16105 | train_loss 3.1652 | lr 1.11e-04
step  16106 | train_loss 3.2638 | lr 1.11e-04
step  16107 | train_loss 3.2483 | lr 1.11e-04
step  16108 | train_loss 3.1772 | lr 1.11e-04
step  16109 | train_loss 3.1784 | lr 1.11e-04
step  16110 | train_loss 3.2001 | lr 1.11e-04
step  16111 | train_loss 3.2274 | lr 1.11e-04
step  16112 | train_loss 3.2037 | lr 1.11e-04
step  16113 | train_loss 3.1646 | lr 1.11e-04
step  16114 | train_loss 3.1613 | lr 1.11e-04
step  16115 | train_loss 3.2041 | lr 1.11e-04
step  16116 | train_loss 3.2225 | lr 1.11e-04
step  16117 | train_loss 3.1415 | lr 1.11e-04
step  16118 | train_loss 3.2197 | lr 1.11e-04
step  16119 | train_loss 3.2917 | lr 1.11e-04
step  16120 | train_loss 3.1864 | lr 1.11e-04
step  16121 | train_loss 3.2757 | lr 1.11e-04
step  16122 | train_loss 3.1690 | lr 1.11e-04
step  16123 | train_loss 3.1925 | lr 1.11e-04
step  16124 | train_loss 3.2306 | lr 1.10e-04
step  16125 | train_loss 3.2237 | lr 1.10e-04
step  16126 | train_loss 3.1894 | lr 1.10e-04
step  16127 | train_loss 3.1627 | lr 1.10e-04
step  16128 | train_loss 3.1539 | lr 1.10e-04
step  16129 | train_loss 3.2354 | lr 1.10e-04
step  16130 | train_loss 3.2433 | lr 1.10e-04
step  16131 | train_loss 3.2214 | lr 1.10e-04
step  16132 | train_loss 3.2206 | lr 1.10e-04
step  16133 | train_loss 3.2217 | lr 1.10e-04
step  16134 | train_loss 3.1912 | lr 1.10e-04
step  16135 | train_loss 3.2079 | lr 1.10e-04
step  16136 | train_loss 3.1893 | lr 1.10e-04
step  16137 | train_loss 3.2146 | lr 1.10e-04
step  16138 | train_loss 3.2457 | lr 1.10e-04
step  16139 | train_loss 3.1756 | lr 1.10e-04
step  16140 | train_loss 3.2234 | lr 1.10e-04
step  16141 | train_loss 3.1938 | lr 1.10e-04
step  16142 | train_loss 3.2204 | lr 1.10e-04
step  16143 | train_loss 3.2473 | lr 1.10e-04
step  16144 | train_loss 3.1953 | lr 1.10e-04
step  16145 | train_loss 3.2070 | lr 1.10e-04
step  16146 | train_loss 3.1929 | lr 1.10e-04
step  16147 | train_loss 3.2193 | lr 1.10e-04
step  16148 | train_loss 3.1994 | lr 1.10e-04
step  16149 | train_loss 3.2225 | lr 1.10e-04
step  16150 | train_loss 3.1849 | lr 1.10e-04
step  16151 | train_loss 3.2026 | lr 1.10e-04
step  16152 | train_loss 3.1882 | lr 1.10e-04
step  16153 | train_loss 3.2080 | lr 1.10e-04
step  16154 | train_loss 3.1901 | lr 1.10e-04
step  16155 | train_loss 3.2018 | lr 1.10e-04
step  16156 | train_loss 3.1964 | lr 1.10e-04
step  16157 | train_loss 3.2046 | lr 1.10e-04
step  16158 | train_loss 3.2269 | lr 1.10e-04
step  16159 | train_loss 3.2704 | lr 1.10e-04
step  16160 | train_loss 3.1999 | lr 1.10e-04
step  16161 | train_loss 3.2393 | lr 1.10e-04
step  16162 | train_loss 3.2361 | lr 1.10e-04
step  16163 | train_loss 3.2785 | lr 1.09e-04
step  16164 | train_loss 3.2129 | lr 1.09e-04
step  16165 | train_loss 3.2370 | lr 1.09e-04
step  16166 | train_loss 3.2465 | lr 1.09e-04
step  16167 | train_loss 3.2256 | lr 1.09e-04
step  16168 | train_loss 3.1914 | lr 1.09e-04
step  16169 | train_loss 3.1910 | lr 1.09e-04
step  16170 | train_loss 3.1961 | lr 1.09e-04
step  16171 | train_loss 3.2302 | lr 1.09e-04
step  16172 | train_loss 3.2269 | lr 1.09e-04
step  16173 | train_loss 3.2324 | lr 1.09e-04
step  16174 | train_loss 3.2254 | lr 1.09e-04
step  16175 | train_loss 3.2348 | lr 1.09e-04
step  16176 | train_loss 3.2187 | lr 1.09e-04
step  16177 | train_loss 3.2364 | lr 1.09e-04
step  16178 | train_loss 3.2497 | lr 1.09e-04
step  16179 | train_loss 3.2155 | lr 1.09e-04
step  16180 | train_loss 3.2271 | lr 1.09e-04
step  16181 | train_loss 3.1979 | lr 1.09e-04
step  16182 | train_loss 3.2120 | lr 1.09e-04
step  16183 | train_loss 3.2195 | lr 1.09e-04
step  16184 | train_loss 3.2187 | lr 1.09e-04
step  16185 | train_loss 3.1697 | lr 1.09e-04
step  16186 | train_loss 3.2127 | lr 1.09e-04
step  16187 | train_loss 3.2047 | lr 1.09e-04
step  16188 | train_loss 3.2268 | lr 1.09e-04
step  16189 | train_loss 3.2398 | lr 1.09e-04
step  16190 | train_loss 3.2064 | lr 1.09e-04
step  16191 | train_loss 3.1978 | lr 1.09e-04
step  16192 | train_loss 3.2493 | lr 1.09e-04
step  16193 | train_loss 3.1915 | lr 1.09e-04
step  16194 | train_loss 3.1957 | lr 1.09e-04
step  16195 | train_loss 3.2351 | lr 1.09e-04
step  16196 | train_loss 3.2283 | lr 1.09e-04
step  16197 | train_loss 3.2133 | lr 1.09e-04
step  16198 | train_loss 3.1860 | lr 1.09e-04
step  16199 | train_loss 3.1755 | lr 1.09e-04
step  16200 | train_loss 3.2175 | lr 1.09e-04
step  16201 | train_loss 3.2217 | lr 1.09e-04
step  16202 | train_loss 3.1760 | lr 1.09e-04
step  16203 | train_loss 3.1778 | lr 1.09e-04
step  16204 | train_loss 3.2143 | lr 1.08e-04
step  16205 | train_loss 3.2163 | lr 1.08e-04
step  16206 | train_loss 3.2332 | lr 1.08e-04
step  16207 | train_loss 3.2399 | lr 1.08e-04
step  16208 | train_loss 3.1913 | lr 1.08e-04
step  16209 | train_loss 3.2427 | lr 1.08e-04
step  16210 | train_loss 3.2758 | lr 1.08e-04
step  16211 | train_loss 3.2230 | lr 1.08e-04
step  16212 | train_loss 3.2362 | lr 1.08e-04
step  16213 | train_loss 3.2256 | lr 1.08e-04
step  16214 | train_loss 3.1968 | lr 1.08e-04
step  16215 | train_loss 3.1852 | lr 1.08e-04
step  16216 | train_loss 3.2497 | lr 1.08e-04
step  16217 | train_loss 3.2275 | lr 1.08e-04
step  16218 | train_loss 3.1953 | lr 1.08e-04
step  16219 | train_loss 3.2898 | lr 1.08e-04
step  16220 | train_loss 3.1942 | lr 1.08e-04
step  16221 | train_loss 3.2443 | lr 1.08e-04
step  16222 | train_loss 3.2230 | lr 1.08e-04
step  16223 | train_loss 3.2286 | lr 1.08e-04
step  16224 | train_loss 3.2381 | lr 1.08e-04
step  16225 | train_loss 3.1925 | lr 1.08e-04
step  16226 | train_loss 3.2041 | lr 1.08e-04
step  16227 | train_loss 3.2199 | lr 1.08e-04
step  16228 | train_loss 3.2139 | lr 1.08e-04
step  16229 | train_loss 3.2460 | lr 1.08e-04
step  16230 | train_loss 3.1498 | lr 1.08e-04
step  16231 | train_loss 3.2100 | lr 1.08e-04
step  16232 | train_loss 3.2170 | lr 1.08e-04
step  16233 | train_loss 3.2204 | lr 1.08e-04
step  16234 | train_loss 3.2496 | lr 1.08e-04
step  16235 | train_loss 3.1968 | lr 1.08e-04
step  16236 | train_loss 3.1751 | lr 1.08e-04
step  16237 | train_loss 3.2422 | lr 1.08e-04
step  16238 | train_loss 3.2016 | lr 1.08e-04
step  16239 | train_loss 3.1877 | lr 1.08e-04
step  16240 | train_loss 3.2005 | lr 1.08e-04
step  16241 | train_loss 3.2442 | lr 1.08e-04
step  16242 | train_loss 3.1674 | lr 1.08e-04
step  16243 | train_loss 3.2368 | lr 1.08e-04
step  16244 | train_loss 3.1972 | lr 1.07e-04
step  16245 | train_loss 3.2393 | lr 1.07e-04
step  16246 | train_loss 3.2023 | lr 1.07e-04
step  16247 | train_loss 3.2506 | lr 1.07e-04
step  16248 | train_loss 3.2869 | lr 1.07e-04
step  16249 | train_loss 3.1759 | lr 1.07e-04
step  16250 | train_loss 3.2506 | lr 1.07e-04
step  16251 | train_loss 3.1793 | lr 1.07e-04
step  16252 | train_loss 3.2070 | lr 1.07e-04
step  16253 | train_loss 3.2027 | lr 1.07e-04
step  16254 | train_loss 3.2349 | lr 1.07e-04
step  16255 | train_loss 3.2148 | lr 1.07e-04
step  16256 | train_loss 3.1793 | lr 1.07e-04
step  16257 | train_loss 3.2054 | lr 1.07e-04
step  16258 | train_loss 3.1982 | lr 1.07e-04
step  16259 | train_loss 3.2246 | lr 1.07e-04
step  16260 | train_loss 3.2054 | lr 1.07e-04
step  16261 | train_loss 3.2179 | lr 1.07e-04
step  16262 | train_loss 3.2190 | lr 1.07e-04
step  16263 | train_loss 3.1881 | lr 1.07e-04
step  16264 | train_loss 3.2211 | lr 1.07e-04
step  16265 | train_loss 3.1821 | lr 1.07e-04
step  16266 | train_loss 3.2086 | lr 1.07e-04
step  16267 | train_loss 3.1847 | lr 1.07e-04
step  16268 | train_loss 3.1874 | lr 1.07e-04
step  16269 | train_loss 3.1498 | lr 1.07e-04
step  16270 | train_loss 3.1686 | lr 1.07e-04
step  16271 | train_loss 3.2136 | lr 1.07e-04
step  16272 | train_loss 3.1828 | lr 1.07e-04
step  16273 | train_loss 3.1705 | lr 1.07e-04
step  16274 | train_loss 3.2203 | lr 1.07e-04
step  16275 | train_loss 3.1306 | lr 1.07e-04
step  16276 | train_loss 3.2156 | lr 1.07e-04
step  16277 | train_loss 3.2381 | lr 1.07e-04
step  16278 | train_loss 3.1596 | lr 1.07e-04
step  16279 | train_loss 3.1259 | lr 1.07e-04
step  16280 | train_loss 3.2155 | lr 1.07e-04
step  16281 | train_loss 3.2345 | lr 1.07e-04
step  16282 | train_loss 3.2486 | lr 1.07e-04
step  16283 | train_loss 3.2007 | lr 1.07e-04
step  16284 | train_loss 3.2360 | lr 1.07e-04
step  16285 | train_loss 3.2444 | lr 1.06e-04
step  16286 | train_loss 3.1879 | lr 1.06e-04
step  16287 | train_loss 3.1969 | lr 1.06e-04
step  16288 | train_loss 3.2114 | lr 1.06e-04
step  16289 | train_loss 3.2317 | lr 1.06e-04
step  16290 | train_loss 3.1757 | lr 1.06e-04
step  16291 | train_loss 3.1948 | lr 1.06e-04
step  16292 | train_loss 3.1712 | lr 1.06e-04
step  16293 | train_loss 3.2240 | lr 1.06e-04
step  16294 | train_loss 3.2465 | lr 1.06e-04
step  16295 | train_loss 3.2298 | lr 1.06e-04
step  16296 | train_loss 3.2126 | lr 1.06e-04
step  16297 | train_loss 3.1324 | lr 1.06e-04
step  16298 | train_loss 3.2049 | lr 1.06e-04
step  16299 | train_loss 3.2016 | lr 1.06e-04
step  16300 | train_loss 3.2143 | lr 1.06e-04
step  16301 | train_loss 3.2213 | lr 1.06e-04
step  16302 | train_loss 3.2419 | lr 1.06e-04
step  16303 | train_loss 3.2168 | lr 1.06e-04
step  16304 | train_loss 3.2011 | lr 1.06e-04
step  16305 | train_loss 3.1720 | lr 1.06e-04
step  16306 | train_loss 3.2133 | lr 1.06e-04
step  16307 | train_loss 3.2005 | lr 1.06e-04
step  16308 | train_loss 3.2182 | lr 1.06e-04
step  16309 | train_loss 3.2615 | lr 1.06e-04
step  16310 | train_loss 3.2385 | lr 1.06e-04
step  16311 | train_loss 3.2228 | lr 1.06e-04
step  16312 | train_loss 3.2353 | lr 1.06e-04
step  16313 | train_loss 3.1834 | lr 1.06e-04
step  16314 | train_loss 3.2327 | lr 1.06e-04
step  16315 | train_loss 3.2271 | lr 1.06e-04
step  16316 | train_loss 3.2324 | lr 1.06e-04
step  16317 | train_loss 3.2521 | lr 1.06e-04
step  16318 | train_loss 3.1890 | lr 1.06e-04
step  16319 | train_loss 3.1839 | lr 1.06e-04
step  16320 | train_loss 3.2004 | lr 1.06e-04
step  16321 | train_loss 3.1953 | lr 1.06e-04
step  16322 | train_loss 3.1669 | lr 1.06e-04
step  16323 | train_loss 3.1576 | lr 1.06e-04
step  16324 | train_loss 3.2201 | lr 1.06e-04
step  16325 | train_loss 3.2535 | lr 1.06e-04
step  16326 | train_loss 3.2106 | lr 1.06e-04
step  16327 | train_loss 3.1816 | lr 1.05e-04
step  16328 | train_loss 3.2076 | lr 1.05e-04
step  16329 | train_loss 3.2463 | lr 1.05e-04
step  16330 | train_loss 3.2474 | lr 1.05e-04
step  16331 | train_loss 3.2242 | lr 1.05e-04
step  16332 | train_loss 3.2311 | lr 1.05e-04
step  16333 | train_loss 3.1632 | lr 1.05e-04
step  16334 | train_loss 3.2358 | lr 1.05e-04
step  16335 | train_loss 3.2300 | lr 1.05e-04
step  16336 | train_loss 3.1965 | lr 1.05e-04
step  16337 | train_loss 3.1763 | lr 1.05e-04
step  16338 | train_loss 3.2055 | lr 1.05e-04
step  16339 | train_loss 3.2186 | lr 1.05e-04
step  16340 | train_loss 3.2430 | lr 1.05e-04
step  16341 | train_loss 3.2086 | lr 1.05e-04
step  16342 | train_loss 3.2585 | lr 1.05e-04
step  16343 | train_loss 3.2026 | lr 1.05e-04
step  16344 | train_loss 3.1865 | lr 1.05e-04
step  16345 | train_loss 3.2425 | lr 1.05e-04
step  16346 | train_loss 3.2194 | lr 1.05e-04
step  16347 | train_loss 3.2478 | lr 1.05e-04
step  16348 | train_loss 3.2094 | lr 1.05e-04
step  16349 | train_loss 3.1781 | lr 1.05e-04
step  16350 | train_loss 3.2478 | lr 1.05e-04
step  16351 | train_loss 3.2198 | lr 1.05e-04
step  16352 | train_loss 3.2128 | lr 1.05e-04
step  16353 | train_loss 3.2196 | lr 1.05e-04
step  16354 | train_loss 3.2231 | lr 1.05e-04
step  16355 | train_loss 3.2046 | lr 1.05e-04
step  16356 | train_loss 3.1875 | lr 1.05e-04
step  16357 | train_loss 3.1957 | lr 1.05e-04
step  16358 | train_loss 3.2042 | lr 1.05e-04
step  16359 | train_loss 3.1892 | lr 1.05e-04
step  16360 | train_loss 3.2078 | lr 1.05e-04
step  16361 | train_loss 3.2111 | lr 1.05e-04
step  16362 | train_loss 3.1504 | lr 1.05e-04
step  16363 | train_loss 3.2747 | lr 1.05e-04
step  16364 | train_loss 3.2261 | lr 1.05e-04
step  16365 | train_loss 3.1964 | lr 1.05e-04
step  16366 | train_loss 3.2109 | lr 1.05e-04
step  16367 | train_loss 3.1803 | lr 1.05e-04
step  16368 | train_loss 3.2127 | lr 1.04e-04
step  16369 | train_loss 3.2393 | lr 1.04e-04
step  16370 | train_loss 3.2544 | lr 1.04e-04
step  16371 | train_loss 3.2144 | lr 1.04e-04
step  16372 | train_loss 3.2547 | lr 1.04e-04
step  16373 | train_loss 3.1653 | lr 1.04e-04
step  16374 | train_loss 3.2184 | lr 1.04e-04
step  16375 | train_loss 3.2434 | lr 1.04e-04
step  16376 | train_loss 3.1824 | lr 1.04e-04
step  16377 | train_loss 3.2496 | lr 1.04e-04
step  16378 | train_loss 3.1951 | lr 1.04e-04
step  16379 | train_loss 3.2330 | lr 1.04e-04
step  16380 | train_loss 3.1940 | lr 1.04e-04
step  16381 | train_loss 3.2133 | lr 1.04e-04
step  16382 | train_loss 3.2082 | lr 1.04e-04
step  16383 | train_loss 3.2024 | lr 1.04e-04
step  16384 | train_loss 3.1906 | lr 1.04e-04
step  16385 | train_loss 3.1997 | lr 1.04e-04
step  16386 | train_loss 3.1628 | lr 1.04e-04
step  16387 | train_loss 3.2419 | lr 1.04e-04
step  16388 | train_loss 3.2031 | lr 1.04e-04
step  16389 | train_loss 3.2644 | lr 1.04e-04
step  16390 | train_loss 3.2179 | lr 1.04e-04
step  16391 | train_loss 3.2422 | lr 1.04e-04
step  16392 | train_loss 3.1762 | lr 1.04e-04
step  16393 | train_loss 3.2024 | lr 1.04e-04
step  16394 | train_loss 3.1986 | lr 1.04e-04
step  16395 | train_loss 3.2466 | lr 1.04e-04
step  16396 | train_loss 3.2030 | lr 1.04e-04
step  16397 | train_loss 3.2168 | lr 1.04e-04
step  16398 | train_loss 3.2153 | lr 1.04e-04
step  16399 | train_loss 3.1814 | lr 1.04e-04
step  16400 | train_loss 3.2208 | lr 1.04e-04
step  16401 | train_loss 3.1910 | lr 1.04e-04
step  16402 | train_loss 3.2007 | lr 1.04e-04
step  16403 | train_loss 3.1720 | lr 1.04e-04
step  16404 | train_loss 3.1874 | lr 1.04e-04
step  16405 | train_loss 3.2216 | lr 1.04e-04
step  16406 | train_loss 3.2297 | lr 1.04e-04
step  16407 | train_loss 3.2349 | lr 1.04e-04
step  16408 | train_loss 3.2195 | lr 1.04e-04
step  16409 | train_loss 3.1981 | lr 1.04e-04
step  16410 | train_loss 3.2414 | lr 1.04e-04
step  16411 | train_loss 3.1993 | lr 1.03e-04
step  16412 | train_loss 3.1862 | lr 1.03e-04
step  16413 | train_loss 3.2215 | lr 1.03e-04
step  16414 | train_loss 3.2276 | lr 1.03e-04
step  16415 | train_loss 3.1881 | lr 1.03e-04
step  16416 | train_loss 3.1901 | lr 1.03e-04
step  16417 | train_loss 3.1924 | lr 1.03e-04
step  16418 | train_loss 3.1828 | lr 1.03e-04
step  16419 | train_loss 3.2088 | lr 1.03e-04
step  16420 | train_loss 3.1765 | lr 1.03e-04
step  16421 | train_loss 3.2409 | lr 1.03e-04
step  16422 | train_loss 3.2151 | lr 1.03e-04
step  16423 | train_loss 3.2297 | lr 1.03e-04
step  16424 | train_loss 3.2009 | lr 1.03e-04
step  16425 | train_loss 3.2185 | lr 1.03e-04
step  16426 | train_loss 3.2198 | lr 1.03e-04
step  16427 | train_loss 3.2235 | lr 1.03e-04
step  16428 | train_loss 3.2395 | lr 1.03e-04
step  16429 | train_loss 3.1883 | lr 1.03e-04
step  16430 | train_loss 3.2486 | lr 1.03e-04
step  16431 | train_loss 3.2353 | lr 1.03e-04
step  16432 | train_loss 3.2016 | lr 1.03e-04
step  16433 | train_loss 3.2172 | lr 1.03e-04
step  16434 | train_loss 3.2134 | lr 1.03e-04
step  16435 | train_loss 3.2013 | lr 1.03e-04
step  16436 | train_loss 3.1809 | lr 1.03e-04
step  16437 | train_loss 3.2195 | lr 1.03e-04
step  16438 | train_loss 3.2026 | lr 1.03e-04
step  16439 | train_loss 3.1737 | lr 1.03e-04
step  16440 | train_loss 3.2256 | lr 1.03e-04
step  16441 | train_loss 3.1849 | lr 1.03e-04
step  16442 | train_loss 3.1495 | lr 1.03e-04
step  16443 | train_loss 3.2209 | lr 1.03e-04
step  16444 | train_loss 3.1722 | lr 1.03e-04
step  16445 | train_loss 3.2101 | lr 1.03e-04
step  16446 | train_loss 3.2318 | lr 1.03e-04
step  16447 | train_loss 3.2403 | lr 1.03e-04
step  16448 | train_loss 3.2137 | lr 1.03e-04
step  16449 | train_loss 3.2314 | lr 1.03e-04
step  16450 | train_loss 3.1996 | lr 1.03e-04
step  16451 | train_loss 3.1801 | lr 1.03e-04
step  16452 | train_loss 3.1750 | lr 1.03e-04
step  16453 | train_loss 3.1462 | lr 1.02e-04
step  16454 | train_loss 3.1877 | lr 1.02e-04
step  16455 | train_loss 3.2368 | lr 1.02e-04
step  16456 | train_loss 3.2368 | lr 1.02e-04
step  16457 | train_loss 3.2837 | lr 1.02e-04
step  16458 | train_loss 3.2310 | lr 1.02e-04
step  16459 | train_loss 3.2492 | lr 1.02e-04
step  16460 | train_loss 3.1873 | lr 1.02e-04
step  16461 | train_loss 3.1613 | lr 1.02e-04
step  16462 | train_loss 3.1972 | lr 1.02e-04
step  16463 | train_loss 3.1392 | lr 1.02e-04
step  16464 | train_loss 3.2321 | lr 1.02e-04
step  16465 | train_loss 3.1827 | lr 1.02e-04
step  16466 | train_loss 3.2155 | lr 1.02e-04
step  16467 | train_loss 3.1831 | lr 1.02e-04
step  16468 | train_loss 3.2038 | lr 1.02e-04
step  16469 | train_loss 3.1985 | lr 1.02e-04
step  16470 | train_loss 3.2342 | lr 1.02e-04
step  16471 | train_loss 3.1893 | lr 1.02e-04
step  16472 | train_loss 3.1627 | lr 1.02e-04
step  16473 | train_loss 3.2445 | lr 1.02e-04
step  16474 | train_loss 3.1997 | lr 1.02e-04
step  16475 | train_loss 3.1742 | lr 1.02e-04
step  16476 | train_loss 3.2467 | lr 1.02e-04
step  16477 | train_loss 3.1939 | lr 1.02e-04
step  16478 | train_loss 3.1974 | lr 1.02e-04
step  16479 | train_loss 3.1570 | lr 1.02e-04
step  16480 | train_loss 3.1486 | lr 1.02e-04
step  16481 | train_loss 3.2126 | lr 1.02e-04
step  16482 | train_loss 3.2021 | lr 1.02e-04
step  16483 | train_loss 3.2183 | lr 1.02e-04
step  16484 | train_loss 3.2236 | lr 1.02e-04
step  16485 | train_loss 3.2575 | lr 1.02e-04
step  16486 | train_loss 3.1709 | lr 1.02e-04
step  16487 | train_loss 3.1880 | lr 1.02e-04
step  16488 | train_loss 3.1934 | lr 1.02e-04
step  16489 | train_loss 3.1695 | lr 1.02e-04
step  16490 | train_loss 3.2046 | lr 1.02e-04
step  16491 | train_loss 3.2776 | lr 1.02e-04
step  16492 | train_loss 3.2138 | lr 1.02e-04
step  16493 | train_loss 3.1479 | lr 1.02e-04
step  16494 | train_loss 3.1762 | lr 1.02e-04
step  16495 | train_loss 3.1566 | lr 1.02e-04
step  16496 | train_loss 3.1956 | lr 1.01e-04
step  16497 | train_loss 3.1596 | lr 1.01e-04
step  16498 | train_loss 3.2047 | lr 1.01e-04
step  16499 | train_loss 3.1873 | lr 1.01e-04
step  16500 | train_loss 3.1804 | lr 1.01e-04
step  16500 | val_loss 3.1841 | val_ppl 24.15
Saved checkpoint to checkpoints/medium/step_16500.pt
step  16501 | train_loss 3.1759 | lr 1.01e-04
step  16502 | train_loss 3.2330 | lr 1.01e-04
step  16503 | train_loss 3.1916 | lr 1.01e-04
step  16504 | train_loss 3.2509 | lr 1.01e-04
step  16505 | train_loss 3.2118 | lr 1.01e-04
step  16506 | train_loss 3.1922 | lr 1.01e-04
step  16507 | train_loss 3.2354 | lr 1.01e-04
step  16508 | train_loss 3.1753 | lr 1.01e-04
step  16509 | train_loss 3.2232 | lr 1.01e-04
step  16510 | train_loss 3.1803 | lr 1.01e-04
step  16511 | train_loss 3.2133 | lr 1.01e-04
step  16512 | train_loss 3.2196 | lr 1.01e-04
step  16513 | train_loss 3.2281 | lr 1.01e-04
step  16514 | train_loss 3.2410 | lr 1.01e-04
step  16515 | train_loss 3.2648 | lr 1.01e-04
step  16516 | train_loss 3.2035 | lr 1.01e-04
step  16517 | train_loss 3.2002 | lr 1.01e-04
step  16518 | train_loss 3.2376 | lr 1.01e-04
step  16519 | train_loss 3.2415 | lr 1.01e-04
step  16520 | train_loss 3.1839 | lr 1.01e-04
step  16521 | train_loss 3.1757 | lr 1.01e-04
step  16522 | train_loss 3.2004 | lr 1.01e-04
step  16523 | train_loss 3.2206 | lr 1.01e-04
step  16524 | train_loss 3.1971 | lr 1.01e-04
step  16525 | train_loss 3.1956 | lr 1.01e-04
step  16526 | train_loss 3.1800 | lr 1.01e-04
step  16527 | train_loss 3.2090 | lr 1.01e-04
step  16528 | train_loss 3.2337 | lr 1.01e-04
step  16529 | train_loss 3.2202 | lr 1.01e-04
step  16530 | train_loss 3.2159 | lr 1.01e-04
step  16531 | train_loss 3.1872 | lr 1.01e-04
step  16532 | train_loss 3.1853 | lr 1.01e-04
step  16533 | train_loss 3.2070 | lr 1.01e-04
step  16534 | train_loss 3.2034 | lr 1.01e-04
step  16535 | train_loss 3.2442 | lr 1.01e-04
step  16536 | train_loss 3.2436 | lr 1.01e-04
step  16537 | train_loss 3.1711 | lr 1.01e-04
step  16538 | train_loss 3.2235 | lr 1.01e-04
step  16539 | train_loss 3.1994 | lr 1.01e-04
step  16540 | train_loss 3.1654 | lr 1.00e-04
step  16541 | train_loss 3.1802 | lr 1.00e-04
step  16542 | train_loss 3.2039 | lr 1.00e-04
step  16543 | train_loss 3.1933 | lr 1.00e-04
step  16544 | train_loss 3.1937 | lr 1.00e-04
step  16545 | train_loss 3.1919 | lr 1.00e-04
step  16546 | train_loss 3.2102 | lr 1.00e-04
step  16547 | train_loss 3.1945 | lr 1.00e-04
step  16548 | train_loss 3.2173 | lr 1.00e-04
step  16549 | train_loss 3.2373 | lr 1.00e-04
step  16550 | train_loss 3.1776 | lr 1.00e-04
step  16551 | train_loss 3.2012 | lr 1.00e-04
step  16552 | train_loss 3.2087 | lr 1.00e-04
step  16553 | train_loss 3.2261 | lr 1.00e-04
step  16554 | train_loss 3.1967 | lr 1.00e-04
step  16555 | train_loss 3.1855 | lr 1.00e-04
step  16556 | train_loss 3.2101 | lr 1.00e-04
step  16557 | train_loss 3.1344 | lr 1.00e-04
step  16558 | train_loss 3.1744 | lr 1.00e-04
step  16559 | train_loss 3.2200 | lr 1.00e-04
step  16560 | train_loss 3.2698 | lr 1.00e-04
step  16561 | train_loss 3.1902 | lr 1.00e-04
step  16562 | train_loss 3.2094 | lr 1.00e-04
step  16563 | train_loss 3.2234 | lr 1.00e-04
step  16564 | train_loss 3.1680 | lr 9.99e-05
step  16565 | train_loss 3.2172 | lr 9.99e-05
step  16566 | train_loss 3.1710 | lr 9.99e-05
step  16567 | train_loss 3.2060 | lr 9.99e-05
step  16568 | train_loss 3.2413 | lr 9.99e-05
step  16569 | train_loss 3.2083 | lr 9.98e-05
step  16570 | train_loss 3.1913 | lr 9.98e-05
step  16571 | train_loss 3.1989 | lr 9.98e-05
step  16572 | train_loss 3.1675 | lr 9.98e-05
step  16573 | train_loss 3.1685 | lr 9.97e-05
step  16574 | train_loss 3.2199 | lr 9.97e-05
step  16575 | train_loss 3.2233 | lr 9.97e-05
step  16576 | train_loss 3.2672 | lr 9.97e-05
step  16577 | train_loss 3.1339 | lr 9.97e-05
step  16578 | train_loss 3.2666 | lr 9.96e-05
step  16579 | train_loss 3.1644 | lr 9.96e-05
step  16580 | train_loss 3.2176 | lr 9.96e-05
step  16581 | train_loss 3.1944 | lr 9.96e-05
step  16582 | train_loss 3.2067 | lr 9.95e-05
step  16583 | train_loss 3.2106 | lr 9.95e-05
step  16584 | train_loss 3.2090 | lr 9.95e-05
step  16585 | train_loss 3.2321 | lr 9.95e-05
step  16586 | train_loss 3.1540 | lr 9.94e-05
step  16587 | train_loss 3.1275 | lr 9.94e-05
step  16588 | train_loss 3.2382 | lr 9.94e-05
step  16589 | train_loss 3.1962 | lr 9.94e-05
step  16590 | train_loss 3.1821 | lr 9.94e-05
step  16591 | train_loss 3.2248 | lr 9.93e-05
step  16592 | train_loss 3.2258 | lr 9.93e-05
step  16593 | train_loss 3.2111 | lr 9.93e-05
step  16594 | train_loss 3.1804 | lr 9.93e-05
step  16595 | train_loss 3.2502 | lr 9.92e-05
step  16596 | train_loss 3.1625 | lr 9.92e-05
step  16597 | train_loss 3.1901 | lr 9.92e-05
step  16598 | train_loss 3.1935 | lr 9.92e-05
step  16599 | train_loss 3.2311 | lr 9.92e-05
step  16600 | train_loss 3.2115 | lr 9.91e-05
step  16601 | train_loss 3.2114 | lr 9.91e-05
step  16602 | train_loss 3.1879 | lr 9.91e-05
step  16603 | train_loss 3.2029 | lr 9.91e-05
step  16604 | train_loss 3.2414 | lr 9.90e-05
step  16605 | train_loss 3.2349 | lr 9.90e-05
step  16606 | train_loss 3.2054 | lr 9.90e-05
step  16607 | train_loss 3.2167 | lr 9.90e-05
step  16608 | train_loss 3.1927 | lr 9.90e-05
step  16609 | train_loss 3.1903 | lr 9.89e-05
step  16610 | train_loss 3.1281 | lr 9.89e-05
step  16611 | train_loss 3.2466 | lr 9.89e-05
step  16612 | train_loss 3.2167 | lr 9.89e-05
step  16613 | train_loss 3.2166 | lr 9.88e-05
step  16614 | train_loss 3.1756 | lr 9.88e-05
step  16615 | train_loss 3.1669 | lr 9.88e-05
step  16616 | train_loss 3.2175 | lr 9.88e-05
step  16617 | train_loss 3.1869 | lr 9.88e-05
step  16618 | train_loss 3.2061 | lr 9.87e-05
step  16619 | train_loss 3.1972 | lr 9.87e-05
step  16620 | train_loss 3.2194 | lr 9.87e-05
step  16621 | train_loss 3.2079 | lr 9.87e-05
step  16622 | train_loss 3.2043 | lr 9.86e-05
step  16623 | train_loss 3.2863 | lr 9.86e-05
step  16624 | train_loss 3.1758 | lr 9.86e-05
step  16625 | train_loss 3.1729 | lr 9.86e-05
step  16626 | train_loss 3.2233 | lr 9.86e-05
step  16627 | train_loss 3.1685 | lr 9.85e-05
step  16628 | train_loss 3.1629 | lr 9.85e-05
step  16629 | train_loss 3.1951 | lr 9.85e-05
step  16630 | train_loss 3.2227 | lr 9.85e-05
step  16631 | train_loss 3.2038 | lr 9.84e-05
step  16632 | train_loss 3.1711 | lr 9.84e-05
step  16633 | train_loss 3.1902 | lr 9.84e-05
step  16634 | train_loss 3.2295 | lr 9.84e-05
step  16635 | train_loss 3.2310 | lr 9.84e-05
step  16636 | train_loss 3.2104 | lr 9.83e-05
step  16637 | train_loss 3.2146 | lr 9.83e-05
step  16638 | train_loss 3.1545 | lr 9.83e-05
step  16639 | train_loss 3.1980 | lr 9.83e-05
step  16640 | train_loss 3.2279 | lr 9.82e-05
step  16641 | train_loss 3.1520 | lr 9.82e-05
step  16642 | train_loss 3.1703 | lr 9.82e-05
step  16643 | train_loss 3.1869 | lr 9.82e-05
step  16644 | train_loss 3.1867 | lr 9.82e-05
step  16645 | train_loss 3.2238 | lr 9.81e-05
step  16646 | train_loss 3.2337 | lr 9.81e-05
step  16647 | train_loss 3.1796 | lr 9.81e-05
step  16648 | train_loss 3.1731 | lr 9.81e-05
step  16649 | train_loss 3.1972 | lr 9.80e-05
step  16650 | train_loss 3.1784 | lr 9.80e-05
step  16651 | train_loss 3.2471 | lr 9.80e-05
step  16652 | train_loss 3.2110 | lr 9.80e-05
step  16653 | train_loss 3.2359 | lr 9.80e-05
step  16654 | train_loss 3.2158 | lr 9.79e-05
step  16655 | train_loss 3.1966 | lr 9.79e-05
step  16656 | train_loss 3.2193 | lr 9.79e-05
step  16657 | train_loss 3.2111 | lr 9.79e-05
step  16658 | train_loss 3.1976 | lr 9.78e-05
step  16659 | train_loss 3.1503 | lr 9.78e-05
step  16660 | train_loss 3.2053 | lr 9.78e-05
step  16661 | train_loss 3.2707 | lr 9.78e-05
step  16662 | train_loss 3.1760 | lr 9.78e-05
step  16663 | train_loss 3.2421 | lr 9.77e-05
step  16664 | train_loss 3.1899 | lr 9.77e-05
step  16665 | train_loss 3.2451 | lr 9.77e-05
step  16666 | train_loss 3.1895 | lr 9.77e-05
step  16667 | train_loss 3.2627 | lr 9.76e-05
step  16668 | train_loss 3.1734 | lr 9.76e-05
step  16669 | train_loss 3.1626 | lr 9.76e-05
step  16670 | train_loss 3.1771 | lr 9.76e-05
step  16671 | train_loss 3.1858 | lr 9.76e-05
step  16672 | train_loss 3.1808 | lr 9.75e-05
step  16673 | train_loss 3.2306 | lr 9.75e-05
step  16674 | train_loss 3.1609 | lr 9.75e-05
step  16675 | train_loss 3.2094 | lr 9.75e-05
step  16676 | train_loss 3.1807 | lr 9.74e-05
step  16677 | train_loss 3.2356 | lr 9.74e-05
step  16678 | train_loss 3.1484 | lr 9.74e-05
step  16679 | train_loss 3.1743 | lr 9.74e-05
step  16680 | train_loss 3.2207 | lr 9.74e-05
step  16681 | train_loss 3.2260 | lr 9.73e-05
step  16682 | train_loss 3.2110 | lr 9.73e-05
step  16683 | train_loss 3.2072 | lr 9.73e-05
step  16684 | train_loss 3.2525 | lr 9.73e-05
step  16685 | train_loss 3.2255 | lr 9.72e-05
step  16686 | train_loss 3.1978 | lr 9.72e-05
step  16687 | train_loss 3.2222 | lr 9.72e-05
step  16688 | train_loss 3.2216 | lr 9.72e-05
step  16689 | train_loss 3.1857 | lr 9.72e-05
step  16690 | train_loss 3.2094 | lr 9.71e-05
step  16691 | train_loss 3.1506 | lr 9.71e-05
step  16692 | train_loss 3.2054 | lr 9.71e-05
step  16693 | train_loss 3.1416 | lr 9.71e-05
step  16694 | train_loss 3.1918 | lr 9.71e-05
step  16695 | train_loss 3.1759 | lr 9.70e-05
step  16696 | train_loss 3.2091 | lr 9.70e-05
step  16697 | train_loss 3.1699 | lr 9.70e-05
step  16698 | train_loss 3.1912 | lr 9.70e-05
step  16699 | train_loss 3.1962 | lr 9.69e-05
step  16700 | train_loss 3.2397 | lr 9.69e-05
step  16701 | train_loss 3.1749 | lr 9.69e-05
step  16702 | train_loss 3.1951 | lr 9.69e-05
step  16703 | train_loss 3.1920 | lr 9.69e-05
step  16704 | train_loss 3.1490 | lr 9.68e-05
step  16705 | train_loss 3.2086 | lr 9.68e-05
step  16706 | train_loss 3.1828 | lr 9.68e-05
step  16707 | train_loss 3.2149 | lr 9.68e-05
step  16708 | train_loss 3.2131 | lr 9.67e-05
step  16709 | train_loss 3.1725 | lr 9.67e-05
step  16710 | train_loss 3.1707 | lr 9.67e-05
step  16711 | train_loss 3.2257 | lr 9.67e-05
step  16712 | train_loss 3.1971 | lr 9.67e-05
step  16713 | train_loss 3.1994 | lr 9.66e-05
step  16714 | train_loss 3.1407 | lr 9.66e-05
step  16715 | train_loss 3.1410 | lr 9.66e-05
step  16716 | train_loss 3.1867 | lr 9.66e-05
step  16717 | train_loss 3.1984 | lr 9.65e-05
step  16718 | train_loss 3.2059 | lr 9.65e-05
step  16719 | train_loss 3.1797 | lr 9.65e-05
step  16720 | train_loss 3.1677 | lr 9.65e-05
step  16721 | train_loss 3.1612 | lr 9.65e-05
step  16722 | train_loss 3.2038 | lr 9.64e-05
step  16723 | train_loss 3.2412 | lr 9.64e-05
step  16724 | train_loss 3.1423 | lr 9.64e-05
step  16725 | train_loss 3.2414 | lr 9.64e-05
step  16726 | train_loss 3.1752 | lr 9.64e-05
step  16727 | train_loss 3.2452 | lr 9.63e-05
step  16728 | train_loss 3.2311 | lr 9.63e-05
step  16729 | train_loss 3.1868 | lr 9.63e-05
step  16730 | train_loss 3.1605 | lr 9.63e-05
step  16731 | train_loss 3.1693 | lr 9.62e-05
step  16732 | train_loss 3.1953 | lr 9.62e-05
step  16733 | train_loss 3.1914 | lr 9.62e-05
step  16734 | train_loss 3.1885 | lr 9.62e-05
step  16735 | train_loss 3.1849 | lr 9.62e-05
step  16736 | train_loss 3.2540 | lr 9.61e-05
step  16737 | train_loss 3.2047 | lr 9.61e-05
step  16738 | train_loss 3.1811 | lr 9.61e-05
step  16739 | train_loss 3.1830 | lr 9.61e-05
step  16740 | train_loss 3.2241 | lr 9.61e-05
step  16741 | train_loss 3.2000 | lr 9.60e-05
step  16742 | train_loss 3.1881 | lr 9.60e-05
step  16743 | train_loss 3.1758 | lr 9.60e-05
step  16744 | train_loss 3.2024 | lr 9.60e-05
step  16745 | train_loss 3.2208 | lr 9.59e-05
step  16746 | train_loss 3.3112 | lr 9.59e-05
step  16747 | train_loss 3.2195 | lr 9.59e-05
step  16748 | train_loss 3.2024 | lr 9.59e-05
step  16749 | train_loss 3.2287 | lr 9.59e-05
step  16750 | train_loss 3.1584 | lr 9.58e-05
step  16751 | train_loss 3.2436 | lr 9.58e-05
step  16752 | train_loss 3.2036 | lr 9.58e-05
step  16753 | train_loss 3.1575 | lr 9.58e-05
step  16754 | train_loss 3.2513 | lr 9.57e-05
step  16755 | train_loss 3.1318 | lr 9.57e-05
step  16756 | train_loss 3.2571 | lr 9.57e-05
step  16757 | train_loss 3.2520 | lr 9.57e-05
step  16758 | train_loss 3.2242 | lr 9.57e-05
step  16759 | train_loss 3.1940 | lr 9.56e-05
step  16760 | train_loss 3.1711 | lr 9.56e-05
step  16761 | train_loss 3.2474 | lr 9.56e-05
step  16762 | train_loss 3.2258 | lr 9.56e-05
step  16763 | train_loss 3.2099 | lr 9.56e-05
step  16764 | train_loss 3.2207 | lr 9.55e-05
step  16765 | train_loss 3.2177 | lr 9.55e-05
step  16766 | train_loss 3.1679 | lr 9.55e-05
step  16767 | train_loss 3.1997 | lr 9.55e-05
step  16768 | train_loss 3.1106 | lr 9.54e-05
step  16769 | train_loss 3.1688 | lr 9.54e-05
step  16770 | train_loss 3.2122 | lr 9.54e-05
step  16771 | train_loss 3.2171 | lr 9.54e-05
step  16772 | train_loss 3.1936 | lr 9.54e-05
step  16773 | train_loss 3.1993 | lr 9.53e-05
step  16774 | train_loss 3.2309 | lr 9.53e-05
step  16775 | train_loss 3.2526 | lr 9.53e-05
step  16776 | train_loss 3.1565 | lr 9.53e-05
step  16777 | train_loss 3.2029 | lr 9.53e-05
step  16778 | train_loss 3.2141 | lr 9.52e-05
step  16779 | train_loss 3.1804 | lr 9.52e-05
step  16780 | train_loss 3.2656 | lr 9.52e-05
step  16781 | train_loss 3.2445 | lr 9.52e-05
step  16782 | train_loss 3.2121 | lr 9.51e-05
step  16783 | train_loss 3.1708 | lr 9.51e-05
step  16784 | train_loss 3.1930 | lr 9.51e-05
step  16785 | train_loss 3.2239 | lr 9.51e-05
step  16786 | train_loss 3.1926 | lr 9.51e-05
step  16787 | train_loss 3.1895 | lr 9.50e-05
step  16788 | train_loss 3.1890 | lr 9.50e-05
step  16789 | train_loss 3.2242 | lr 9.50e-05
step  16790 | train_loss 3.1748 | lr 9.50e-05
step  16791 | train_loss 3.2219 | lr 9.50e-05
step  16792 | train_loss 3.2256 | lr 9.49e-05
step  16793 | train_loss 3.2371 | lr 9.49e-05
step  16794 | train_loss 3.1801 | lr 9.49e-05
step  16795 | train_loss 3.1977 | lr 9.49e-05
step  16796 | train_loss 3.1540 | lr 9.49e-05
step  16797 | train_loss 3.2182 | lr 9.48e-05
step  16798 | train_loss 3.1702 | lr 9.48e-05
step  16799 | train_loss 3.1709 | lr 9.48e-05
step  16800 | train_loss 3.2407 | lr 9.48e-05
step  16801 | train_loss 3.2270 | lr 9.47e-05
step  16802 | train_loss 3.1801 | lr 9.47e-05
step  16803 | train_loss 3.2305 | lr 9.47e-05
step  16804 | train_loss 3.2056 | lr 9.47e-05
step  16805 | train_loss 3.2168 | lr 9.47e-05
step  16806 | train_loss 3.1770 | lr 9.46e-05
step  16807 | train_loss 3.2223 | lr 9.46e-05
step  16808 | train_loss 3.1896 | lr 9.46e-05
step  16809 | train_loss 3.2419 | lr 9.46e-05
step  16810 | train_loss 3.1771 | lr 9.46e-05
step  16811 | train_loss 3.1849 | lr 9.45e-05
step  16812 | train_loss 3.2163 | lr 9.45e-05
step  16813 | train_loss 3.2465 | lr 9.45e-05
step  16814 | train_loss 3.1900 | lr 9.45e-05
step  16815 | train_loss 3.1638 | lr 9.44e-05
step  16816 | train_loss 3.2401 | lr 9.44e-05
step  16817 | train_loss 3.1798 | lr 9.44e-05
step  16818 | train_loss 3.2374 | lr 9.44e-05
step  16819 | train_loss 3.2044 | lr 9.44e-05
step  16820 | train_loss 3.1661 | lr 9.43e-05
step  16821 | train_loss 3.2376 | lr 9.43e-05
step  16822 | train_loss 3.1629 | lr 9.43e-05
step  16823 | train_loss 3.1642 | lr 9.43e-05
step  16824 | train_loss 3.1592 | lr 9.43e-05
step  16825 | train_loss 3.1629 | lr 9.42e-05
step  16826 | train_loss 3.1874 | lr 9.42e-05
step  16827 | train_loss 3.1880 | lr 9.42e-05
step  16828 | train_loss 3.1799 | lr 9.42e-05
step  16829 | train_loss 3.1123 | lr 9.42e-05
step  16830 | train_loss 3.2177 | lr 9.41e-05
step  16831 | train_loss 3.1415 | lr 9.41e-05
step  16832 | train_loss 3.2504 | lr 9.41e-05
step  16833 | train_loss 3.1782 | lr 9.41e-05
step  16834 | train_loss 3.1735 | lr 9.40e-05
step  16835 | train_loss 3.2459 | lr 9.40e-05
step  16836 | train_loss 3.2373 | lr 9.40e-05
step  16837 | train_loss 3.2244 | lr 9.40e-05
step  16838 | train_loss 3.1680 | lr 9.40e-05
step  16839 | train_loss 3.1556 | lr 9.39e-05
step  16840 | train_loss 3.2085 | lr 9.39e-05
step  16841 | train_loss 3.2265 | lr 9.39e-05
step  16842 | train_loss 3.2068 | lr 9.39e-05
step  16843 | train_loss 3.2233 | lr 9.39e-05
step  16844 | train_loss 3.2343 | lr 9.38e-05
step  16845 | train_loss 3.2274 | lr 9.38e-05
step  16846 | train_loss 3.2219 | lr 9.38e-05
step  16847 | train_loss 3.2191 | lr 9.38e-05
step  16848 | train_loss 3.2000 | lr 9.38e-05
step  16849 | train_loss 3.2512 | lr 9.37e-05
step  16850 | train_loss 3.2208 | lr 9.37e-05
step  16851 | train_loss 3.1865 | lr 9.37e-05
step  16852 | train_loss 3.2599 | lr 9.37e-05
step  16853 | train_loss 3.2021 | lr 9.36e-05
step  16854 | train_loss 3.1854 | lr 9.36e-05
step  16855 | train_loss 3.1676 | lr 9.36e-05
step  16856 | train_loss 3.2206 | lr 9.36e-05
step  16857 | train_loss 3.1942 | lr 9.36e-05
step  16858 | train_loss 3.1835 | lr 9.35e-05
step  16859 | train_loss 3.1924 | lr 9.35e-05
step  16860 | train_loss 3.2042 | lr 9.35e-05
step  16861 | train_loss 3.2402 | lr 9.35e-05
step  16862 | train_loss 3.2294 | lr 9.35e-05
step  16863 | train_loss 3.1680 | lr 9.34e-05
step  16864 | train_loss 3.1781 | lr 9.34e-05
step  16865 | train_loss 3.2253 | lr 9.34e-05
step  16866 | train_loss 3.1966 | lr 9.34e-05
step  16867 | train_loss 3.1773 | lr 9.34e-05
step  16868 | train_loss 3.1513 | lr 9.33e-05
step  16869 | train_loss 3.1858 | lr 9.33e-05
step  16870 | train_loss 3.1481 | lr 9.33e-05
step  16871 | train_loss 3.1677 | lr 9.33e-05
step  16872 | train_loss 3.1642 | lr 9.33e-05
step  16873 | train_loss 3.1741 | lr 9.32e-05
step  16874 | train_loss 3.1810 | lr 9.32e-05
step  16875 | train_loss 3.1849 | lr 9.32e-05
step  16876 | train_loss 3.2128 | lr 9.32e-05
step  16877 | train_loss 3.1601 | lr 9.31e-05
step  16878 | train_loss 3.1958 | lr 9.31e-05
step  16879 | train_loss 3.1885 | lr 9.31e-05
step  16880 | train_loss 3.1962 | lr 9.31e-05
step  16881 | train_loss 3.2204 | lr 9.31e-05
step  16882 | train_loss 3.2048 | lr 9.30e-05
step  16883 | train_loss 3.2292 | lr 9.30e-05
step  16884 | train_loss 3.2094 | lr 9.30e-05
step  16885 | train_loss 3.1866 | lr 9.30e-05
step  16886 | train_loss 3.1840 | lr 9.30e-05
step  16887 | train_loss 3.1615 | lr 9.29e-05
step  16888 | train_loss 3.2018 | lr 9.29e-05
step  16889 | train_loss 3.1910 | lr 9.29e-05
step  16890 | train_loss 3.2108 | lr 9.29e-05
step  16891 | train_loss 3.2004 | lr 9.29e-05
step  16892 | train_loss 3.1925 | lr 9.28e-05
step  16893 | train_loss 3.2287 | lr 9.28e-05
step  16894 | train_loss 3.2484 | lr 9.28e-05
step  16895 | train_loss 3.2182 | lr 9.28e-05
step  16896 | train_loss 3.2436 | lr 9.28e-05
step  16897 | train_loss 3.1908 | lr 9.27e-05
step  16898 | train_loss 3.1704 | lr 9.27e-05
step  16899 | train_loss 3.1897 | lr 9.27e-05
step  16900 | train_loss 3.1625 | lr 9.27e-05
step  16901 | train_loss 3.2218 | lr 9.27e-05
step  16902 | train_loss 3.1860 | lr 9.26e-05
step  16903 | train_loss 3.2291 | lr 9.26e-05
step  16904 | train_loss 3.1944 | lr 9.26e-05
step  16905 | train_loss 3.1861 | lr 9.26e-05
step  16906 | train_loss 3.2175 | lr 9.25e-05
step  16907 | train_loss 3.1932 | lr 9.25e-05
step  16908 | train_loss 3.2103 | lr 9.25e-05
step  16909 | train_loss 3.1659 | lr 9.25e-05
step  16910 | train_loss 3.1854 | lr 9.25e-05
step  16911 | train_loss 3.1900 | lr 9.24e-05
step  16912 | train_loss 3.2184 | lr 9.24e-05
step  16913 | train_loss 3.2058 | lr 9.24e-05
step  16914 | train_loss 3.2405 | lr 9.24e-05
step  16915 | train_loss 3.2181 | lr 9.24e-05
step  16916 | train_loss 3.2297 | lr 9.23e-05
step  16917 | train_loss 3.1845 | lr 9.23e-05
step  16918 | train_loss 3.2226 | lr 9.23e-05
step  16919 | train_loss 3.2239 | lr 9.23e-05
step  16920 | train_loss 3.1497 | lr 9.23e-05
step  16921 | train_loss 3.1895 | lr 9.22e-05
step  16922 | train_loss 3.1742 | lr 9.22e-05
step  16923 | train_loss 3.2135 | lr 9.22e-05
step  16924 | train_loss 3.1667 | lr 9.22e-05
step  16925 | train_loss 3.2007 | lr 9.22e-05
step  16926 | train_loss 3.2250 | lr 9.21e-05
step  16927 | train_loss 3.2378 | lr 9.21e-05
step  16928 | train_loss 3.1702 | lr 9.21e-05
step  16929 | train_loss 3.1645 | lr 9.21e-05
step  16930 | train_loss 3.1680 | lr 9.21e-05
step  16931 | train_loss 3.1593 | lr 9.20e-05
step  16932 | train_loss 3.1709 | lr 9.20e-05
step  16933 | train_loss 3.1908 | lr 9.20e-05
step  16934 | train_loss 3.2071 | lr 9.20e-05
step  16935 | train_loss 3.1844 | lr 9.20e-05
step  16936 | train_loss 3.2374 | lr 9.19e-05
step  16937 | train_loss 3.2373 | lr 9.19e-05
step  16938 | train_loss 3.1717 | lr 9.19e-05
step  16939 | train_loss 3.2259 | lr 9.19e-05
step  16940 | train_loss 3.1471 | lr 9.19e-05
step  16941 | train_loss 3.1343 | lr 9.18e-05
step  16942 | train_loss 3.1789 | lr 9.18e-05
step  16943 | train_loss 3.2159 | lr 9.18e-05
step  16944 | train_loss 3.1520 | lr 9.18e-05
step  16945 | train_loss 3.2156 | lr 9.17e-05
step  16946 | train_loss 3.2431 | lr 9.17e-05
step  16947 | train_loss 3.2470 | lr 9.17e-05
step  16948 | train_loss 3.1826 | lr 9.17e-05
step  16949 | train_loss 3.2007 | lr 9.17e-05
step  16950 | train_loss 3.1751 | lr 9.16e-05
step  16951 | train_loss 3.2069 | lr 9.16e-05
step  16952 | train_loss 3.2291 | lr 9.16e-05
step  16953 | train_loss 3.2493 | lr 9.16e-05
step  16954 | train_loss 3.2031 | lr 9.16e-05
step  16955 | train_loss 3.2636 | lr 9.15e-05
step  16956 | train_loss 3.2457 | lr 9.15e-05
step  16957 | train_loss 3.2021 | lr 9.15e-05
step  16958 | train_loss 3.2122 | lr 9.15e-05
step  16959 | train_loss 3.2055 | lr 9.15e-05
step  16960 | train_loss 3.2002 | lr 9.14e-05
step  16961 | train_loss 3.2143 | lr 9.14e-05
step  16962 | train_loss 3.1560 | lr 9.14e-05
step  16963 | train_loss 3.2253 | lr 9.14e-05
step  16964 | train_loss 3.1809 | lr 9.14e-05
step  16965 | train_loss 3.1827 | lr 9.13e-05
step  16966 | train_loss 3.1919 | lr 9.13e-05
step  16967 | train_loss 3.2095 | lr 9.13e-05
step  16968 | train_loss 3.2011 | lr 9.13e-05
step  16969 | train_loss 3.1633 | lr 9.13e-05
step  16970 | train_loss 3.2773 | lr 9.12e-05
step  16971 | train_loss 3.2092 | lr 9.12e-05
step  16972 | train_loss 3.1875 | lr 9.12e-05
step  16973 | train_loss 3.2149 | lr 9.12e-05
step  16974 | train_loss 3.2006 | lr 9.12e-05
step  16975 | train_loss 3.1384 | lr 9.11e-05
step  16976 | train_loss 3.1696 | lr 9.11e-05
step  16977 | train_loss 3.1639 | lr 9.11e-05
step  16978 | train_loss 3.2249 | lr 9.11e-05
step  16979 | train_loss 3.2135 | lr 9.11e-05
step  16980 | train_loss 3.2278 | lr 9.10e-05
step  16981 | train_loss 3.1574 | lr 9.10e-05
step  16982 | train_loss 3.1802 | lr 9.10e-05
step  16983 | train_loss 3.1803 | lr 9.10e-05
step  16984 | train_loss 3.1716 | lr 9.10e-05
step  16985 | train_loss 3.1822 | lr 9.09e-05
step  16986 | train_loss 3.1809 | lr 9.09e-05
step  16987 | train_loss 3.2492 | lr 9.09e-05
step  16988 | train_loss 3.2680 | lr 9.09e-05
step  16989 | train_loss 3.1819 | lr 9.09e-05
step  16990 | train_loss 3.2378 | lr 9.08e-05
step  16991 | train_loss 3.1751 | lr 9.08e-05
step  16992 | train_loss 3.1978 | lr 9.08e-05
step  16993 | train_loss 3.1977 | lr 9.08e-05
step  16994 | train_loss 3.2080 | lr 9.08e-05
step  16995 | train_loss 3.2509 | lr 9.07e-05
step  16996 | train_loss 3.1768 | lr 9.07e-05
step  16997 | train_loss 3.2645 | lr 9.07e-05
step  16998 | train_loss 3.1842 | lr 9.07e-05
step  16999 | train_loss 3.2296 | lr 9.07e-05
step  17000 | train_loss 3.2162 | lr 9.06e-05
step  17000 | val_loss 3.1765 | val_ppl 23.96
Saved checkpoint to checkpoints/medium/step_17000.pt
step  17001 | train_loss 3.1450 | lr 9.06e-05
step  17002 | train_loss 3.2459 | lr 9.06e-05
step  17003 | train_loss 3.1769 | lr 9.06e-05
step  17004 | train_loss 3.1750 | lr 9.06e-05
step  17005 | train_loss 3.2093 | lr 9.05e-05
step  17006 | train_loss 3.2115 | lr 9.05e-05
step  17007 | train_loss 3.1972 | lr 9.05e-05
step  17008 | train_loss 3.2017 | lr 9.05e-05
step  17009 | train_loss 3.1452 | lr 9.05e-05
step  17010 | train_loss 3.2102 | lr 9.04e-05
step  17011 | train_loss 3.1656 | lr 9.04e-05
step  17012 | train_loss 3.1533 | lr 9.04e-05
step  17013 | train_loss 3.2315 | lr 9.04e-05
step  17014 | train_loss 3.2239 | lr 9.04e-05
step  17015 | train_loss 3.1687 | lr 9.03e-05
step  17016 | train_loss 3.1901 | lr 9.03e-05
step  17017 | train_loss 3.2283 | lr 9.03e-05
step  17018 | train_loss 3.2394 | lr 9.03e-05
step  17019 | train_loss 3.1733 | lr 9.03e-05
step  17020 | train_loss 3.2373 | lr 9.02e-05
step  17021 | train_loss 3.1897 | lr 9.02e-05
step  17022 | train_loss 3.1983 | lr 9.02e-05
step  17023 | train_loss 3.2279 | lr 9.02e-05
step  17024 | train_loss 3.2286 | lr 9.02e-05
step  17025 | train_loss 3.1739 | lr 9.01e-05
step  17026 | train_loss 3.1808 | lr 9.01e-05
step  17027 | train_loss 3.1906 | lr 9.01e-05
step  17028 | train_loss 3.1692 | lr 9.01e-05
step  17029 | train_loss 3.1845 | lr 9.01e-05
step  17030 | train_loss 3.2199 | lr 9.00e-05
step  17031 | train_loss 3.2074 | lr 9.00e-05
step  17032 | train_loss 3.1790 | lr 9.00e-05
step  17033 | train_loss 3.2082 | lr 9.00e-05
step  17034 | train_loss 3.2368 | lr 9.00e-05
step  17035 | train_loss 3.1518 | lr 8.99e-05
step  17036 | train_loss 3.2158 | lr 8.99e-05
step  17037 | train_loss 3.2047 | lr 8.99e-05
step  17038 | train_loss 3.1892 | lr 8.99e-05
step  17039 | train_loss 3.1951 | lr 8.99e-05
step  17040 | train_loss 3.2330 | lr 8.98e-05
step  17041 | train_loss 3.1640 | lr 8.98e-05
step  17042 | train_loss 3.1535 | lr 8.98e-05
step  17043 | train_loss 3.2176 | lr 8.98e-05
step  17044 | train_loss 3.2338 | lr 8.98e-05
step  17045 | train_loss 3.1999 | lr 8.97e-05
step  17046 | train_loss 3.2234 | lr 8.97e-05
step  17047 | train_loss 3.1814 | lr 8.97e-05
step  17048 | train_loss 3.2136 | lr 8.97e-05
step  17049 | train_loss 3.1957 | lr 8.97e-05
step  17050 | train_loss 3.1823 | lr 8.96e-05
step  17051 | train_loss 3.1877 | lr 8.96e-05
step  17052 | train_loss 3.1926 | lr 8.96e-05
step  17053 | train_loss 3.2190 | lr 8.96e-05
step  17054 | train_loss 3.1494 | lr 8.96e-05
step  17055 | train_loss 3.1939 | lr 8.95e-05
step  17056 | train_loss 3.2256 | lr 8.95e-05
step  17057 | train_loss 3.1847 | lr 8.95e-05
step  17058 | train_loss 3.2081 | lr 8.95e-05
step  17059 | train_loss 3.1696 | lr 8.95e-05
step  17060 | train_loss 3.2467 | lr 8.94e-05
step  17061 | train_loss 3.2038 | lr 8.94e-05
step  17062 | train_loss 3.1747 | lr 8.94e-05
step  17063 | train_loss 3.1705 | lr 8.94e-05
step  17064 | train_loss 3.1846 | lr 8.94e-05
step  17065 | train_loss 3.2546 | lr 8.93e-05
step  17066 | train_loss 3.1552 | lr 8.93e-05
step  17067 | train_loss 3.1636 | lr 8.93e-05
step  17068 | train_loss 3.1570 | lr 8.93e-05
step  17069 | train_loss 3.2688 | lr 8.93e-05
step  17070 | train_loss 3.1958 | lr 8.93e-05
step  17071 | train_loss 3.1678 | lr 8.92e-05
step  17072 | train_loss 3.1507 | lr 8.92e-05
step  17073 | train_loss 3.1719 | lr 8.92e-05
step  17074 | train_loss 3.2250 | lr 8.92e-05
step  17075 | train_loss 3.2217 | lr 8.92e-05
step  17076 | train_loss 3.1877 | lr 8.91e-05
step  17077 | train_loss 3.1727 | lr 8.91e-05
step  17078 | train_loss 3.2100 | lr 8.91e-05
step  17079 | train_loss 3.1820 | lr 8.91e-05
step  17080 | train_loss 3.1842 | lr 8.91e-05
step  17081 | train_loss 3.2526 | lr 8.90e-05
step  17082 | train_loss 3.1712 | lr 8.90e-05
step  17083 | train_loss 3.1802 | lr 8.90e-05
step  17084 | train_loss 3.1673 | lr 8.90e-05
step  17085 | train_loss 3.1605 | lr 8.90e-05
step  17086 | train_loss 3.1957 | lr 8.89e-05
step  17087 | train_loss 3.1637 | lr 8.89e-05
step  17088 | train_loss 3.1716 | lr 8.89e-05
step  17089 | train_loss 3.1935 | lr 8.89e-05
step  17090 | train_loss 3.1894 | lr 8.89e-05
step  17091 | train_loss 3.2203 | lr 8.88e-05
step  17092 | train_loss 3.1579 | lr 8.88e-05
step  17093 | train_loss 3.2070 | lr 8.88e-05
step  17094 | train_loss 3.1870 | lr 8.88e-05
step  17095 | train_loss 3.2068 | lr 8.88e-05
step  17096 | train_loss 3.2119 | lr 8.87e-05
step  17097 | train_loss 3.2233 | lr 8.87e-05
step  17098 | train_loss 3.1698 | lr 8.87e-05
step  17099 | train_loss 3.1809 | lr 8.87e-05
step  17100 | train_loss 3.2058 | lr 8.87e-05
step  17101 | train_loss 3.2520 | lr 8.86e-05
step  17102 | train_loss 3.1887 | lr 8.86e-05
step  17103 | train_loss 3.2078 | lr 8.86e-05
step  17104 | train_loss 3.2218 | lr 8.86e-05
step  17105 | train_loss 3.2199 | lr 8.86e-05
step  17106 | train_loss 3.2015 | lr 8.86e-05
step  17107 | train_loss 3.2099 | lr 8.85e-05
step  17108 | train_loss 3.1986 | lr 8.85e-05
step  17109 | train_loss 3.1624 | lr 8.85e-05
step  17110 | train_loss 3.1830 | lr 8.85e-05
step  17111 | train_loss 3.2364 | lr 8.85e-05
step  17112 | train_loss 3.1743 | lr 8.84e-05
step  17113 | train_loss 3.1671 | lr 8.84e-05
step  17114 | train_loss 3.1952 | lr 8.84e-05
step  17115 | train_loss 3.2009 | lr 8.84e-05
step  17116 | train_loss 3.1997 | lr 8.84e-05
step  17117 | train_loss 3.1847 | lr 8.83e-05
step  17118 | train_loss 3.1716 | lr 8.83e-05
step  17119 | train_loss 3.1740 | lr 8.83e-05
step  17120 | train_loss 3.2718 | lr 8.83e-05
step  17121 | train_loss 3.2391 | lr 8.83e-05
step  17122 | train_loss 3.1460 | lr 8.82e-05
step  17123 | train_loss 3.2259 | lr 8.82e-05
step  17124 | train_loss 3.1773 | lr 8.82e-05
step  17125 | train_loss 3.1689 | lr 8.82e-05
step  17126 | train_loss 3.1589 | lr 8.82e-05
step  17127 | train_loss 3.1690 | lr 8.81e-05
step  17128 | train_loss 3.2266 | lr 8.81e-05
step  17129 | train_loss 3.1680 | lr 8.81e-05
step  17130 | train_loss 3.2075 | lr 8.81e-05
step  17131 | train_loss 3.2192 | lr 8.81e-05
step  17132 | train_loss 3.1935 | lr 8.80e-05
step  17133 | train_loss 3.1830 | lr 8.80e-05
step  17134 | train_loss 3.2231 | lr 8.80e-05
step  17135 | train_loss 3.2213 | lr 8.80e-05
step  17136 | train_loss 3.2159 | lr 8.80e-05
step  17137 | train_loss 3.1971 | lr 8.80e-05
step  17138 | train_loss 3.1825 | lr 8.79e-05
step  17139 | train_loss 3.1928 | lr 8.79e-05
step  17140 | train_loss 3.2022 | lr 8.79e-05
step  17141 | train_loss 3.1785 | lr 8.79e-05
step  17142 | train_loss 3.2094 | lr 8.79e-05
step  17143 | train_loss 3.1907 | lr 8.78e-05
step  17144 | train_loss 3.2324 | lr 8.78e-05
step  17145 | train_loss 3.1865 | lr 8.78e-05
step  17146 | train_loss 3.2019 | lr 8.78e-05
step  17147 | train_loss 3.1751 | lr 8.78e-05
step  17148 | train_loss 3.1864 | lr 8.77e-05
step  17149 | train_loss 3.2477 | lr 8.77e-05
step  17150 | train_loss 3.1556 | lr 8.77e-05
step  17151 | train_loss 3.1972 | lr 8.77e-05
step  17152 | train_loss 3.1516 | lr 8.77e-05
step  17153 | train_loss 3.1272 | lr 8.76e-05
step  17154 | train_loss 3.2717 | lr 8.76e-05
step  17155 | train_loss 3.2030 | lr 8.76e-05
step  17156 | train_loss 3.1793 | lr 8.76e-05
step  17157 | train_loss 3.2247 | lr 8.76e-05
step  17158 | train_loss 3.1720 | lr 8.76e-05
step  17159 | train_loss 3.1734 | lr 8.75e-05
step  17160 | train_loss 3.1765 | lr 8.75e-05
step  17161 | train_loss 3.2335 | lr 8.75e-05
step  17162 | train_loss 3.1728 | lr 8.75e-05
step  17163 | train_loss 3.1523 | lr 8.75e-05
step  17164 | train_loss 3.2495 | lr 8.74e-05
step  17165 | train_loss 3.1885 | lr 8.74e-05
step  17166 | train_loss 3.1849 | lr 8.74e-05
step  17167 | train_loss 3.1769 | lr 8.74e-05
step  17168 | train_loss 3.1559 | lr 8.74e-05
step  17169 | train_loss 3.1398 | lr 8.73e-05
step  17170 | train_loss 3.1782 | lr 8.73e-05
step  17171 | train_loss 3.2041 | lr 8.73e-05
step  17172 | train_loss 3.2316 | lr 8.73e-05
step  17173 | train_loss 3.2533 | lr 8.73e-05
step  17174 | train_loss 3.2023 | lr 8.72e-05
step  17175 | train_loss 3.1967 | lr 8.72e-05
step  17176 | train_loss 3.2175 | lr 8.72e-05
step  17177 | train_loss 3.1658 | lr 8.72e-05
step  17178 | train_loss 3.1914 | lr 8.72e-05
step  17179 | train_loss 3.2067 | lr 8.72e-05
step  17180 | train_loss 3.1873 | lr 8.71e-05
step  17181 | train_loss 3.2115 | lr 8.71e-05
step  17182 | train_loss 3.2098 | lr 8.71e-05
step  17183 | train_loss 3.2310 | lr 8.71e-05
step  17184 | train_loss 3.2126 | lr 8.71e-05
step  17185 | train_loss 3.1709 | lr 8.70e-05
step  17186 | train_loss 3.1841 | lr 8.70e-05
step  17187 | train_loss 3.2283 | lr 8.70e-05
step  17188 | train_loss 3.1683 | lr 8.70e-05
step  17189 | train_loss 3.1937 | lr 8.70e-05
step  17190 | train_loss 3.2029 | lr 8.69e-05
step  17191 | train_loss 3.2217 | lr 8.69e-05
step  17192 | train_loss 3.1855 | lr 8.69e-05
step  17193 | train_loss 3.1752 | lr 8.69e-05
step  17194 | train_loss 3.1870 | lr 8.69e-05
step  17195 | train_loss 3.1520 | lr 8.69e-05
step  17196 | train_loss 3.1944 | lr 8.68e-05
step  17197 | train_loss 3.2229 | lr 8.68e-05
step  17198 | train_loss 3.2034 | lr 8.68e-05
step  17199 | train_loss 3.1852 | lr 8.68e-05
step  17200 | train_loss 3.1643 | lr 8.68e-05
step  17201 | train_loss 3.1308 | lr 8.67e-05
step  17202 | train_loss 3.1930 | lr 8.67e-05
step  17203 | train_loss 3.1823 | lr 8.67e-05
step  17204 | train_loss 3.2482 | lr 8.67e-05
step  17205 | train_loss 3.2208 | lr 8.67e-05
step  17206 | train_loss 3.2293 | lr 8.66e-05
step  17207 | train_loss 3.1414 | lr 8.66e-05
step  17208 | train_loss 3.1771 | lr 8.66e-05
step  17209 | train_loss 3.1578 | lr 8.66e-05
step  17210 | train_loss 3.1807 | lr 8.66e-05
step  17211 | train_loss 3.1655 | lr 8.66e-05
step  17212 | train_loss 3.1740 | lr 8.65e-05
step  17213 | train_loss 3.1428 | lr 8.65e-05
step  17214 | train_loss 3.2094 | lr 8.65e-05
step  17215 | train_loss 3.1698 | lr 8.65e-05
step  17216 | train_loss 3.1805 | lr 8.65e-05
step  17217 | train_loss 3.1593 | lr 8.64e-05
step  17218 | train_loss 3.1717 | lr 8.64e-05
step  17219 | train_loss 3.2047 | lr 8.64e-05
step  17220 | train_loss 3.2141 | lr 8.64e-05
step  17221 | train_loss 3.2036 | lr 8.64e-05
step  17222 | train_loss 3.2149 | lr 8.63e-05
step  17223 | train_loss 3.1875 | lr 8.63e-05
step  17224 | train_loss 3.2089 | lr 8.63e-05
step  17225 | train_loss 3.2542 | lr 8.63e-05
step  17226 | train_loss 3.1930 | lr 8.63e-05
step  17227 | train_loss 3.1798 | lr 8.63e-05
step  17228 | train_loss 3.2100 | lr 8.62e-05
step  17229 | train_loss 3.1908 | lr 8.62e-05
step  17230 | train_loss 3.1771 | lr 8.62e-05
step  17231 | train_loss 3.2033 | lr 8.62e-05
step  17232 | train_loss 3.1901 | lr 8.62e-05
step  17233 | train_loss 3.2166 | lr 8.61e-05
step  17234 | train_loss 3.2222 | lr 8.61e-05
step  17235 | train_loss 3.2221 | lr 8.61e-05
step  17236 | train_loss 3.1828 | lr 8.61e-05
step  17237 | train_loss 3.2273 | lr 8.61e-05
step  17238 | train_loss 3.2402 | lr 8.60e-05
step  17239 | train_loss 3.1805 | lr 8.60e-05
step  17240 | train_loss 3.1689 | lr 8.60e-05
step  17241 | train_loss 3.2088 | lr 8.60e-05
step  17242 | train_loss 3.1762 | lr 8.60e-05
step  17243 | train_loss 3.2328 | lr 8.60e-05
step  17244 | train_loss 3.1921 | lr 8.59e-05
step  17245 | train_loss 3.1502 | lr 8.59e-05
step  17246 | train_loss 3.1710 | lr 8.59e-05
step  17247 | train_loss 3.2406 | lr 8.59e-05
step  17248 | train_loss 3.2217 | lr 8.59e-05
step  17249 | train_loss 3.2061 | lr 8.58e-05
step  17250 | train_loss 3.1876 | lr 8.58e-05
step  17251 | train_loss 3.2080 | lr 8.58e-05
step  17252 | train_loss 3.2002 | lr 8.58e-05
step  17253 | train_loss 3.2103 | lr 8.58e-05
step  17254 | train_loss 3.1948 | lr 8.58e-05
step  17255 | train_loss 3.1735 | lr 8.57e-05
step  17256 | train_loss 3.2273 | lr 8.57e-05
step  17257 | train_loss 3.2304 | lr 8.57e-05
step  17258 | train_loss 3.2095 | lr 8.57e-05
step  17259 | train_loss 3.1747 | lr 8.57e-05
step  17260 | train_loss 3.2244 | lr 8.56e-05
step  17261 | train_loss 3.1524 | lr 8.56e-05
step  17262 | train_loss 3.1881 | lr 8.56e-05
step  17263 | train_loss 3.1886 | lr 8.56e-05
step  17264 | train_loss 3.1922 | lr 8.56e-05
step  17265 | train_loss 3.2122 | lr 8.55e-05
step  17266 | train_loss 3.1417 | lr 8.55e-05
step  17267 | train_loss 3.2329 | lr 8.55e-05
step  17268 | train_loss 3.1589 | lr 8.55e-05
step  17269 | train_loss 3.1543 | lr 8.55e-05
step  17270 | train_loss 3.1916 | lr 8.55e-05
step  17271 | train_loss 3.2338 | lr 8.54e-05
step  17272 | train_loss 3.2347 | lr 8.54e-05
step  17273 | train_loss 3.1606 | lr 8.54e-05
step  17274 | train_loss 3.2119 | lr 8.54e-05
step  17275 | train_loss 3.2077 | lr 8.54e-05
step  17276 | train_loss 3.2001 | lr 8.53e-05
step  17277 | train_loss 3.1368 | lr 8.53e-05
step  17278 | train_loss 3.1535 | lr 8.53e-05
step  17279 | train_loss 3.1933 | lr 8.53e-05
step  17280 | train_loss 3.2100 | lr 8.53e-05
step  17281 | train_loss 3.1726 | lr 8.53e-05
step  17282 | train_loss 3.1668 | lr 8.52e-05
step  17283 | train_loss 3.1656 | lr 8.52e-05
step  17284 | train_loss 3.1633 | lr 8.52e-05
step  17285 | train_loss 3.1943 | lr 8.52e-05
step  17286 | train_loss 3.2206 | lr 8.52e-05
step  17287 | train_loss 3.2043 | lr 8.51e-05
step  17288 | train_loss 3.2216 | lr 8.51e-05
step  17289 | train_loss 3.1991 | lr 8.51e-05
step  17290 | train_loss 3.2153 | lr 8.51e-05
step  17291 | train_loss 3.2086 | lr 8.51e-05
step  17292 | train_loss 3.2311 | lr 8.51e-05
step  17293 | train_loss 3.1940 | lr 8.50e-05
step  17294 | train_loss 3.1965 | lr 8.50e-05
step  17295 | train_loss 3.2334 | lr 8.50e-05
step  17296 | train_loss 3.1675 | lr 8.50e-05
step  17297 | train_loss 3.1375 | lr 8.50e-05
step  17298 | train_loss 3.1701 | lr 8.49e-05
step  17299 | train_loss 3.1738 | lr 8.49e-05
step  17300 | train_loss 3.2023 | lr 8.49e-05
step  17301 | train_loss 3.2403 | lr 8.49e-05
step  17302 | train_loss 3.2125 | lr 8.49e-05
step  17303 | train_loss 3.1996 | lr 8.49e-05
step  17304 | train_loss 3.1502 | lr 8.48e-05
step  17305 | train_loss 3.2049 | lr 8.48e-05
step  17306 | train_loss 3.2233 | lr 8.48e-05
step  17307 | train_loss 3.2183 | lr 8.48e-05
step  17308 | train_loss 3.2277 | lr 8.48e-05
step  17309 | train_loss 3.2227 | lr 8.47e-05
step  17310 | train_loss 3.1923 | lr 8.47e-05
step  17311 | train_loss 3.1776 | lr 8.47e-05
step  17312 | train_loss 3.2051 | lr 8.47e-05
step  17313 | train_loss 3.2029 | lr 8.47e-05
step  17314 | train_loss 3.1924 | lr 8.47e-05
step  17315 | train_loss 3.1929 | lr 8.46e-05
step  17316 | train_loss 3.1906 | lr 8.46e-05
step  17317 | train_loss 3.2041 | lr 8.46e-05
step  17318 | train_loss 3.2090 | lr 8.46e-05
step  17319 | train_loss 3.1921 | lr 8.46e-05
step  17320 | train_loss 3.2238 | lr 8.45e-05
step  17321 | train_loss 3.2136 | lr 8.45e-05
step  17322 | train_loss 3.2281 | lr 8.45e-05
step  17323 | train_loss 3.2152 | lr 8.45e-05
step  17324 | train_loss 3.1643 | lr 8.45e-05
step  17325 | train_loss 3.1872 | lr 8.45e-05
step  17326 | train_loss 3.1988 | lr 8.44e-05
step  17327 | train_loss 3.1786 | lr 8.44e-05
step  17328 | train_loss 3.2014 | lr 8.44e-05
step  17329 | train_loss 3.1935 | lr 8.44e-05
step  17330 | train_loss 3.1878 | lr 8.44e-05
step  17331 | train_loss 3.2027 | lr 8.44e-05
step  17332 | train_loss 3.2027 | lr 8.43e-05
step  17333 | train_loss 3.1486 | lr 8.43e-05
step  17334 | train_loss 3.1899 | lr 8.43e-05
step  17335 | train_loss 3.2017 | lr 8.43e-05
step  17336 | train_loss 3.1366 | lr 8.43e-05
step  17337 | train_loss 3.1874 | lr 8.42e-05
step  17338 | train_loss 3.1668 | lr 8.42e-05
step  17339 | train_loss 3.1402 | lr 8.42e-05
step  17340 | train_loss 3.2160 | lr 8.42e-05
step  17341 | train_loss 3.2056 | lr 8.42e-05
step  17342 | train_loss 3.2156 | lr 8.42e-05
step  17343 | train_loss 3.1774 | lr 8.41e-05
step  17344 | train_loss 3.1888 | lr 8.41e-05
step  17345 | train_loss 3.2441 | lr 8.41e-05
step  17346 | train_loss 3.1917 | lr 8.41e-05
step  17347 | train_loss 3.1661 | lr 8.41e-05
step  17348 | train_loss 3.1498 | lr 8.40e-05
step  17349 | train_loss 3.1795 | lr 8.40e-05
step  17350 | train_loss 3.2069 | lr 8.40e-05
step  17351 | train_loss 3.1877 | lr 8.40e-05
step  17352 | train_loss 3.1822 | lr 8.40e-05
step  17353 | train_loss 3.1760 | lr 8.40e-05
step  17354 | train_loss 3.1832 | lr 8.39e-05
step  17355 | train_loss 3.1758 | lr 8.39e-05
step  17356 | train_loss 3.2064 | lr 8.39e-05
step  17357 | train_loss 3.1554 | lr 8.39e-05
step  17358 | train_loss 3.1963 | lr 8.39e-05
step  17359 | train_loss 3.1194 | lr 8.38e-05
step  17360 | train_loss 3.2051 | lr 8.38e-05
step  17361 | train_loss 3.2265 | lr 8.38e-05
step  17362 | train_loss 3.1849 | lr 8.38e-05
step  17363 | train_loss 3.1961 | lr 8.38e-05
step  17364 | train_loss 3.2317 | lr 8.38e-05
step  17365 | train_loss 3.1873 | lr 8.37e-05
step  17366 | train_loss 3.1590 | lr 8.37e-05
step  17367 | train_loss 3.2036 | lr 8.37e-05
step  17368 | train_loss 3.1885 | lr 8.37e-05
step  17369 | train_loss 3.2145 | lr 8.37e-05
step  17370 | train_loss 3.1734 | lr 8.37e-05
step  17371 | train_loss 3.1854 | lr 8.36e-05
step  17372 | train_loss 3.2214 | lr 8.36e-05
step  17373 | train_loss 3.1863 | lr 8.36e-05
step  17374 | train_loss 3.2432 | lr 8.36e-05
step  17375 | train_loss 3.1766 | lr 8.36e-05
step  17376 | train_loss 3.1887 | lr 8.35e-05
step  17377 | train_loss 3.1872 | lr 8.35e-05
step  17378 | train_loss 3.2235 | lr 8.35e-05
step  17379 | train_loss 3.1973 | lr 8.35e-05
step  17380 | train_loss 3.1656 | lr 8.35e-05
step  17381 | train_loss 3.2247 | lr 8.35e-05
step  17382 | train_loss 3.0983 | lr 8.34e-05
step  17383 | train_loss 3.1545 | lr 8.34e-05
step  17384 | train_loss 3.1869 | lr 8.34e-05
step  17385 | train_loss 3.2036 | lr 8.34e-05
step  17386 | train_loss 3.1472 | lr 8.34e-05
step  17387 | train_loss 3.2161 | lr 8.34e-05
step  17388 | train_loss 3.1831 | lr 8.33e-05
step  17389 | train_loss 3.1536 | lr 8.33e-05
step  17390 | train_loss 3.1773 | lr 8.33e-05
step  17391 | train_loss 3.2271 | lr 8.33e-05
step  17392 | train_loss 3.2166 | lr 8.33e-05
step  17393 | train_loss 3.1530 | lr 8.32e-05
step  17394 | train_loss 3.1470 | lr 8.32e-05
step  17395 | train_loss 3.1901 | lr 8.32e-05
step  17396 | train_loss 3.1748 | lr 8.32e-05
step  17397 | train_loss 3.2132 | lr 8.32e-05
step  17398 | train_loss 3.1931 | lr 8.32e-05
step  17399 | train_loss 3.1649 | lr 8.31e-05
step  17400 | train_loss 3.1705 | lr 8.31e-05
step  17401 | train_loss 3.2277 | lr 8.31e-05
step  17402 | train_loss 3.1759 | lr 8.31e-05
step  17403 | train_loss 3.2004 | lr 8.31e-05
step  17404 | train_loss 3.2246 | lr 8.31e-05
step  17405 | train_loss 3.2109 | lr 8.30e-05
step  17406 | train_loss 3.2159 | lr 8.30e-05
step  17407 | train_loss 3.2112 | lr 8.30e-05
step  17408 | train_loss 3.2010 | lr 8.30e-05
step  17409 | train_loss 3.1366 | lr 8.30e-05
step  17410 | train_loss 3.1171 | lr 8.30e-05
step  17411 | train_loss 3.1723 | lr 8.29e-05
step  17412 | train_loss 3.2072 | lr 8.29e-05
step  17413 | train_loss 3.2770 | lr 8.29e-05
step  17414 | train_loss 3.2070 | lr 8.29e-05
step  17415 | train_loss 3.1825 | lr 8.29e-05
step  17416 | train_loss 3.1472 | lr 8.28e-05
step  17417 | train_loss 3.1768 | lr 8.28e-05
step  17418 | train_loss 3.1595 | lr 8.28e-05
step  17419 | train_loss 3.2462 | lr 8.28e-05
step  17420 | train_loss 3.1819 | lr 8.28e-05
step  17421 | train_loss 3.1769 | lr 8.28e-05
step  17422 | train_loss 3.1464 | lr 8.27e-05
step  17423 | train_loss 3.1983 | lr 8.27e-05
step  17424 | train_loss 3.2153 | lr 8.27e-05
step  17425 | train_loss 3.1344 | lr 8.27e-05
step  17426 | train_loss 3.1590 | lr 8.27e-05
step  17427 | train_loss 3.1723 | lr 8.27e-05
step  17428 | train_loss 3.1827 | lr 8.26e-05
step  17429 | train_loss 3.1527 | lr 8.26e-05
step  17430 | train_loss 3.2094 | lr 8.26e-05
step  17431 | train_loss 3.1753 | lr 8.26e-05
step  17432 | train_loss 3.1939 | lr 8.26e-05
step  17433 | train_loss 3.1768 | lr 8.26e-05
step  17434 | train_loss 3.1754 | lr 8.25e-05
step  17435 | train_loss 3.2289 | lr 8.25e-05
step  17436 | train_loss 3.1433 | lr 8.25e-05
step  17437 | train_loss 3.2257 | lr 8.25e-05
step  17438 | train_loss 3.1877 | lr 8.25e-05
step  17439 | train_loss 3.1972 | lr 8.24e-05
step  17440 | train_loss 3.1556 | lr 8.24e-05
step  17441 | train_loss 3.2230 | lr 8.24e-05
step  17442 | train_loss 3.2123 | lr 8.24e-05
step  17443 | train_loss 3.2292 | lr 8.24e-05
step  17444 | train_loss 3.1565 | lr 8.24e-05
step  17445 | train_loss 3.1773 | lr 8.23e-05
step  17446 | train_loss 3.1782 | lr 8.23e-05
step  17447 | train_loss 3.1997 | lr 8.23e-05
step  17448 | train_loss 3.1673 | lr 8.23e-05
step  17449 | train_loss 3.2092 | lr 8.23e-05
step  17450 | train_loss 3.1722 | lr 8.23e-05
step  17451 | train_loss 3.2416 | lr 8.22e-05
step  17452 | train_loss 3.2072 | lr 8.22e-05
step  17453 | train_loss 3.1732 | lr 8.22e-05
step  17454 | train_loss 3.1495 | lr 8.22e-05
step  17455 | train_loss 3.2034 | lr 8.22e-05
step  17456 | train_loss 3.2105 | lr 8.22e-05
step  17457 | train_loss 3.2089 | lr 8.21e-05
step  17458 | train_loss 3.2471 | lr 8.21e-05
step  17459 | train_loss 3.1535 | lr 8.21e-05
step  17460 | train_loss 3.1862 | lr 8.21e-05
step  17461 | train_loss 3.1606 | lr 8.21e-05
step  17462 | train_loss 3.1439 | lr 8.21e-05
step  17463 | train_loss 3.1736 | lr 8.20e-05
step  17464 | train_loss 3.1862 | lr 8.20e-05
step  17465 | train_loss 3.1826 | lr 8.20e-05
step  17466 | train_loss 3.2339 | lr 8.20e-05
step  17467 | train_loss 3.2231 | lr 8.20e-05
step  17468 | train_loss 3.1815 | lr 8.19e-05
step  17469 | train_loss 3.1869 | lr 8.19e-05
step  17470 | train_loss 3.1989 | lr 8.19e-05
step  17471 | train_loss 3.2336 | lr 8.19e-05
step  17472 | train_loss 3.1881 | lr 8.19e-05
step  17473 | train_loss 3.2056 | lr 8.19e-05
step  17474 | train_loss 3.2181 | lr 8.18e-05
step  17475 | train_loss 3.2113 | lr 8.18e-05
step  17476 | train_loss 3.1359 | lr 8.18e-05
step  17477 | train_loss 3.2245 | lr 8.18e-05
step  17478 | train_loss 3.1529 | lr 8.18e-05
step  17479 | train_loss 3.1937 | lr 8.18e-05
step  17480 | train_loss 3.2330 | lr 8.17e-05
step  17481 | train_loss 3.2186 | lr 8.17e-05
step  17482 | train_loss 3.1959 | lr 8.17e-05
step  17483 | train_loss 3.2106 | lr 8.17e-05
step  17484 | train_loss 3.1758 | lr 8.17e-05
step  17485 | train_loss 3.2111 | lr 8.17e-05
step  17486 | train_loss 3.1481 | lr 8.16e-05
step  17487 | train_loss 3.1579 | lr 8.16e-05
step  17488 | train_loss 3.1175 | lr 8.16e-05
step  17489 | train_loss 3.1779 | lr 8.16e-05
step  17490 | train_loss 3.2093 | lr 8.16e-05
step  17491 | train_loss 3.2013 | lr 8.16e-05
step  17492 | train_loss 3.2550 | lr 8.15e-05
step  17493 | train_loss 3.1882 | lr 8.15e-05
step  17494 | train_loss 3.1655 | lr 8.15e-05
step  17495 | train_loss 3.1864 | lr 8.15e-05
step  17496 | train_loss 3.1847 | lr 8.15e-05
step  17497 | train_loss 3.2155 | lr 8.15e-05
step  17498 | train_loss 3.1919 | lr 8.14e-05
step  17499 | train_loss 3.2072 | lr 8.14e-05
step  17500 | train_loss 3.1647 | lr 8.14e-05
step  17500 | val_loss 3.1726 | val_ppl 23.87
Saved checkpoint to checkpoints/medium/step_17500.pt
step  17501 | train_loss 3.1723 | lr 8.14e-05
step  17502 | train_loss 3.1669 | lr 8.14e-05
step  17503 | train_loss 3.1802 | lr 8.14e-05
step  17504 | train_loss 3.1624 | lr 8.13e-05
step  17505 | train_loss 3.1802 | lr 8.13e-05
step  17506 | train_loss 3.1689 | lr 8.13e-05
step  17507 | train_loss 3.2298 | lr 8.13e-05
step  17508 | train_loss 3.1835 | lr 8.13e-05
step  17509 | train_loss 3.2040 | lr 8.13e-05
step  17510 | train_loss 3.2235 | lr 8.12e-05
step  17511 | train_loss 3.1895 | lr 8.12e-05
step  17512 | train_loss 3.1976 | lr 8.12e-05
step  17513 | train_loss 3.2029 | lr 8.12e-05
step  17514 | train_loss 3.2351 | lr 8.12e-05
step  17515 | train_loss 3.2571 | lr 8.12e-05
step  17516 | train_loss 3.1906 | lr 8.11e-05
step  17517 | train_loss 3.2080 | lr 8.11e-05
step  17518 | train_loss 3.1448 | lr 8.11e-05
step  17519 | train_loss 3.2073 | lr 8.11e-05
step  17520 | train_loss 3.1649 | lr 8.11e-05
step  17521 | train_loss 3.1096 | lr 8.11e-05
step  17522 | train_loss 3.2294 | lr 8.10e-05
step  17523 | train_loss 3.2065 | lr 8.10e-05
step  17524 | train_loss 3.1491 | lr 8.10e-05
step  17525 | train_loss 3.2125 | lr 8.10e-05
step  17526 | train_loss 3.1899 | lr 8.10e-05
step  17527 | train_loss 3.2118 | lr 8.10e-05
step  17528 | train_loss 3.2266 | lr 8.09e-05
step  17529 | train_loss 3.2130 | lr 8.09e-05
step  17530 | train_loss 3.2167 | lr 8.09e-05
step  17531 | train_loss 3.1979 | lr 8.09e-05
step  17532 | train_loss 3.1510 | lr 8.09e-05
step  17533 | train_loss 3.1783 | lr 8.09e-05
